--
-- PostgreSQL database dump
--

-- Dumped from database version 14.17 (Homebrew)
-- Dumped by pg_dump version 14.17 (Homebrew)

SET statement_timeout = 0;
SET lock_timeout = 0;
SET idle_in_transaction_session_timeout = 0;
SET client_encoding = 'UTF8';
SET standard_conforming_strings = on;
SELECT pg_catalog.set_config('search_path', '', false);
SET check_function_bodies = false;
SET xmloption = content;
SET client_min_messages = warning;
SET row_security = off;

SET default_tablespace = '';

SET default_table_access_method = heap;

--
-- Name: api_appointment; Type: TABLE; Schema: public; Owner: medic_db
--

CREATE TABLE public.api_appointment (
    id bigint NOT NULL,
    created_at timestamp with time zone NOT NULL,
    updated_at timestamp with time zone NOT NULL,
    appointment_id character varying(50) NOT NULL,
    appointment_type character varying(20) NOT NULL,
    priority character varying(20) NOT NULL,
    status character varying(20) NOT NULL,
    appointment_date timestamp with time zone NOT NULL,
    duration integer NOT NULL,
    chief_complaint text NOT NULL,
    symptoms text NOT NULL,
    medical_history text NOT NULL,
    allergies text NOT NULL,
    current_medications text NOT NULL,
    is_insurance_based boolean NOT NULL,
    insurance_details jsonb,
    payment_required boolean NOT NULL,
    payment_status character varying(20) NOT NULL,
    approval_date timestamp with time zone,
    approval_notes text,
    referral_reason text,
    referral_date timestamp with time zone,
    notes text NOT NULL,
    cancellation_reason text NOT NULL,
    reminder_sent boolean NOT NULL,
    last_reminder_sent timestamp with time zone,
    cancelled_at timestamp with time zone,
    completed_at timestamp with time zone,
    approved_by_id bigint,
    department_id bigint NOT NULL,
    doctor_id bigint,
    hospital_id bigint NOT NULL,
    patient_id bigint NOT NULL,
    referred_to_hospital_id bigint,
    fee_id bigint,
    symptoms_data jsonb NOT NULL,
    referred_to_department_id bigint,
    referred_from_id bigint,
    CONSTRAINT api_appointment_duration_check CHECK ((duration >= 0))
);


ALTER TABLE public.api_appointment OWNER TO medic_db;

--
-- Name: api_appointment_id_seq; Type: SEQUENCE; Schema: public; Owner: medic_db
--

ALTER TABLE public.api_appointment ALTER COLUMN id ADD GENERATED BY DEFAULT AS IDENTITY (
    SEQUENCE NAME public.api_appointment_id_seq
    START WITH 1
    INCREMENT BY 1
    NO MINVALUE
    NO MAXVALUE
    CACHE 1
);


--
-- Name: api_appointmentdocument; Type: TABLE; Schema: public; Owner: medic_db
--

CREATE TABLE public.api_appointmentdocument (
    id bigint NOT NULL,
    document_type character varying(50) NOT NULL,
    title character varying(255) NOT NULL,
    description text NOT NULL,
    file character varying(100) NOT NULL,
    file_size integer NOT NULL,
    file_type character varying(50) NOT NULL,
    issued_date timestamp with time zone NOT NULL,
    valid_until date,
    is_confidential boolean NOT NULL,
    requires_signature boolean NOT NULL,
    is_signed boolean NOT NULL,
    signed_at timestamp with time zone,
    version integer NOT NULL,
    created_at timestamp with time zone NOT NULL,
    updated_at timestamp with time zone NOT NULL,
    appointment_id bigint NOT NULL,
    issued_by_id bigint NOT NULL,
    previous_version_id bigint,
    signed_by_id bigint,
    CONSTRAINT api_appointmentdocument_file_size_check CHECK ((file_size >= 0)),
    CONSTRAINT api_appointmentdocument_version_check CHECK ((version >= 0))
);


ALTER TABLE public.api_appointmentdocument OWNER TO medic_db;

--
-- Name: api_appointmentdocument_allowed_viewers; Type: TABLE; Schema: public; Owner: medic_db
--

CREATE TABLE public.api_appointmentdocument_allowed_viewers (
    id bigint NOT NULL,
    appointmentdocument_id bigint NOT NULL,
    customuser_id bigint NOT NULL
);


ALTER TABLE public.api_appointmentdocument_allowed_viewers OWNER TO medic_db;

--
-- Name: api_appointmentdocument_allowed_viewers_id_seq; Type: SEQUENCE; Schema: public; Owner: medic_db
--

ALTER TABLE public.api_appointmentdocument_allowed_viewers ALTER COLUMN id ADD GENERATED BY DEFAULT AS IDENTITY (
    SEQUENCE NAME public.api_appointmentdocument_allowed_viewers_id_seq
    START WITH 1
    INCREMENT BY 1
    NO MINVALUE
    NO MAXVALUE
    CACHE 1
);


--
-- Name: api_appointmentdocument_id_seq; Type: SEQUENCE; Schema: public; Owner: medic_db
--

ALTER TABLE public.api_appointmentdocument ALTER COLUMN id ADD GENERATED BY DEFAULT AS IDENTITY (
    SEQUENCE NAME public.api_appointmentdocument_id_seq
    START WITH 1
    INCREMENT BY 1
    NO MINVALUE
    NO MAXVALUE
    CACHE 1
);


--
-- Name: api_appointmentfee; Type: TABLE; Schema: public; Owner: medic_db
--

CREATE TABLE public.api_appointmentfee (
    id bigint NOT NULL,
    fee_type character varying(50) NOT NULL,
    base_fee numeric(10,2) NOT NULL,
    currency character varying(3) NOT NULL,
    registration_fee numeric(10,2) NOT NULL,
    medical_card_fee numeric(10,2) NOT NULL,
    insurance_coverage_percentage integer NOT NULL,
    senior_citizen_discount integer NOT NULL,
    valid_from date NOT NULL,
    valid_until date,
    is_active boolean NOT NULL,
    created_at timestamp with time zone NOT NULL,
    updated_at timestamp with time zone NOT NULL,
    department_id bigint,
    doctor_id bigint,
    hospital_id bigint NOT NULL,
    CONSTRAINT api_appointmentfee_insurance_coverage_percentage_check CHECK ((insurance_coverage_percentage >= 0)),
    CONSTRAINT api_appointmentfee_senior_citizen_discount_check CHECK ((senior_citizen_discount >= 0))
);


ALTER TABLE public.api_appointmentfee OWNER TO medic_db;

--
-- Name: api_appointmentfee_id_seq; Type: SEQUENCE; Schema: public; Owner: medic_db
--

ALTER TABLE public.api_appointmentfee ALTER COLUMN id ADD GENERATED BY DEFAULT AS IDENTITY (
    SEQUENCE NAME public.api_appointmentfee_id_seq
    START WITH 1
    INCREMENT BY 1
    NO MINVALUE
    NO MAXVALUE
    CACHE 1
);


--
-- Name: api_appointmentnotification; Type: TABLE; Schema: public; Owner: medic_db
--

CREATE TABLE public.api_appointmentnotification (
    id bigint NOT NULL,
    created_at timestamp with time zone NOT NULL,
    updated_at timestamp with time zone NOT NULL,
    notification_type character varying(20) NOT NULL,
    event_type character varying(30) NOT NULL,
    subject character varying(255) NOT NULL,
    message text NOT NULL,
    template_name character varying(100),
    status character varying(20) NOT NULL,
    scheduled_time timestamp with time zone NOT NULL,
    sent_time timestamp with time zone,
    error_message text NOT NULL,
    retry_count integer NOT NULL,
    max_retries integer NOT NULL,
    opened_at timestamp with time zone,
    clicked_at timestamp with time zone,
    next_retry_at timestamp with time zone,
    appointment_id bigint NOT NULL,
    recipient_id bigint NOT NULL,
    CONSTRAINT api_appointmentnotification_max_retries_check CHECK ((max_retries >= 0)),
    CONSTRAINT api_appointmentnotification_retry_count_check CHECK ((retry_count >= 0))
);


ALTER TABLE public.api_appointmentnotification OWNER TO medic_db;

--
-- Name: api_appointmentnotification_id_seq; Type: SEQUENCE; Schema: public; Owner: medic_db
--

ALTER TABLE public.api_appointmentnotification ALTER COLUMN id ADD GENERATED BY DEFAULT AS IDENTITY (
    SEQUENCE NAME public.api_appointmentnotification_id_seq
    START WITH 1
    INCREMENT BY 1
    NO MINVALUE
    NO MAXVALUE
    CACHE 1
);


--
-- Name: api_appointmentreminder; Type: TABLE; Schema: public; Owner: medic_db
--

CREATE TABLE public.api_appointmentreminder (
    id bigint NOT NULL,
    reminder_type character varying(20) NOT NULL,
    scheduled_time timestamp with time zone NOT NULL,
    time_before_appointment interval NOT NULL,
    status character varying(20) NOT NULL,
    subject character varying(255) NOT NULL,
    message text NOT NULL,
    recipient_name character varying(255) NOT NULL,
    recipient_contact character varying(255) NOT NULL,
    sent_at timestamp with time zone,
    delivery_status character varying(50) NOT NULL,
    error_message text NOT NULL,
    opened_at timestamp with time zone,
    clicked_at timestamp with time zone,
    retry_count integer NOT NULL,
    max_retries integer NOT NULL,
    next_retry_at timestamp with time zone,
    created_at timestamp with time zone NOT NULL,
    updated_at timestamp with time zone NOT NULL,
    appointment_id bigint NOT NULL,
    CONSTRAINT api_appointmentreminder_max_retries_check CHECK ((max_retries >= 0)),
    CONSTRAINT api_appointmentreminder_retry_count_check CHECK ((retry_count >= 0))
);


ALTER TABLE public.api_appointmentreminder OWNER TO medic_db;

--
-- Name: api_appointmentreminder_id_seq; Type: SEQUENCE; Schema: public; Owner: medic_db
--

ALTER TABLE public.api_appointmentreminder ALTER COLUMN id ADD GENERATED BY DEFAULT AS IDENTITY (
    SEQUENCE NAME public.api_appointmentreminder_id_seq
    START WITH 1
    INCREMENT BY 1
    NO MINVALUE
    NO MAXVALUE
    CACHE 1
);


--
-- Name: api_appointmenttype; Type: TABLE; Schema: public; Owner: medic_db
--

CREATE TABLE public.api_appointmenttype (
    id character varying(50) NOT NULL,
    name character varying(100) NOT NULL,
    description text,
    is_active boolean NOT NULL,
    hospital_id bigint
);


ALTER TABLE public.api_appointmenttype OWNER TO medic_db;

--
-- Name: api_bodypartmapping; Type: TABLE; Schema: public; Owner: medic_db
--

CREATE TABLE public.api_bodypartmapping (
    id bigint NOT NULL,
    created_at timestamp with time zone NOT NULL,
    updated_at timestamp with time zone NOT NULL,
    body_part_id character varying(50) NOT NULL,
    body_part_name character varying(100) NOT NULL,
    description text NOT NULL,
    is_active boolean NOT NULL,
    common_symptoms jsonb NOT NULL,
    severity_threshold smallint NOT NULL,
    priority_modifier character varying(20) NOT NULL,
    department_id bigint NOT NULL,
    escalation_department_id bigint,
    CONSTRAINT api_bodypartmapping_severity_threshold_check CHECK ((severity_threshold >= 0))
);


ALTER TABLE public.api_bodypartmapping OWNER TO medic_db;

--
-- Name: api_bodypartmapping_id_seq; Type: SEQUENCE; Schema: public; Owner: medic_db
--

ALTER TABLE public.api_bodypartmapping ALTER COLUMN id ADD GENERATED BY DEFAULT AS IDENTITY (
    SEQUENCE NAME public.api_bodypartmapping_id_seq
    START WITH 1
    INCREMENT BY 1
    NO MINVALUE
    NO MAXVALUE
    CACHE 1
);


--
-- Name: api_clinicalnote; Type: TABLE; Schema: public; Owner: medic_db
--

CREATE TABLE public.api_clinicalnote (
    id bigint NOT NULL,
    created_at timestamp with time zone NOT NULL,
    updated_at timestamp with time zone NOT NULL,
    author_role character varying(100) NOT NULL,
    note_type character varying(50) NOT NULL,
    note_date timestamp with time zone NOT NULL,
    visit_date date,
    title character varying(255) NOT NULL,
    content text NOT NULL,
    structured_content jsonb,
    encounter_type character varying(100),
    location character varying(255),
    chief_complaint text,
    diagnoses jsonb,
    status character varying(20) NOT NULL,
    version integer NOT NULL,
    amendment_reason text,
    is_private boolean NOT NULL,
    nlp_processed boolean NOT NULL,
    nlp_entities jsonb,
    nlp_concepts jsonb,
    signed boolean NOT NULL,
    signed_at timestamp with time zone,
    cosigned_at timestamp with time zone,
    author_id bigint,
    cosigned_by_id bigint,
    medical_record_id bigint NOT NULL,
    previous_version_id bigint,
    signed_by_id bigint
);


ALTER TABLE public.api_clinicalnote OWNER TO medic_db;

--
-- Name: api_clinicalnote_id_seq; Type: SEQUENCE; Schema: public; Owner: medic_db
--

ALTER TABLE public.api_clinicalnote ALTER COLUMN id ADD GENERATED BY DEFAULT AS IDENTITY (
    SEQUENCE NAME public.api_clinicalnote_id_seq
    START WITH 1
    INCREMENT BY 1
    NO MINVALUE
    NO MAXVALUE
    CACHE 1
);


--
-- Name: api_customuser; Type: TABLE; Schema: public; Owner: medic_db
--

CREATE TABLE public.api_customuser (
    id bigint NOT NULL,
    password character varying(128) NOT NULL,
    last_login timestamp with time zone,
    is_superuser boolean NOT NULL,
    username character varying(150) NOT NULL,
    first_name character varying(150) NOT NULL,
    last_name character varying(150) NOT NULL,
    is_staff boolean NOT NULL,
    is_active boolean NOT NULL,
    date_joined timestamp with time zone NOT NULL,
    role character varying(30) NOT NULL,
    date_of_birth date,
    gender character varying(10),
    country character varying(100),
    state character varying(100),
    city character varying(100),
    phone character varying(20),
    nin character varying(11),
    consent_terms boolean NOT NULL,
    consent_hipaa boolean NOT NULL,
    consent_data_processing boolean NOT NULL,
    hpn character varying(30),
    is_verified boolean NOT NULL,
    verification_token uuid NOT NULL,
    password_reset_token character varying(64),
    social_provider character varying(20),
    social_id character varying(255),
    has_completed_onboarding boolean NOT NULL,
    is_email_verified boolean NOT NULL,
    email_verification_token uuid,
    otp character varying(6),
    otp_created_at timestamp with time zone,
    otp_required_for_login boolean NOT NULL,
    email character varying(254) NOT NULL,
    current_gp_id bigint,
    gp_practice_id bigint,
    hospital_id bigint,
    preferred_language character varying(10) NOT NULL,
    secondary_languages character varying(50),
    custom_language character varying(50),
    medical_record_access_token character varying(64),
    medical_record_otp character varying(6),
    medical_record_otp_created_at timestamp with time zone,
    medical_record_token_created_at timestamp with time zone,
    ethnicity character varying(20)
);


ALTER TABLE public.api_customuser OWNER TO medic_db;

--
-- Name: api_customuser_groups; Type: TABLE; Schema: public; Owner: medic_db
--

CREATE TABLE public.api_customuser_groups (
    id bigint NOT NULL,
    customuser_id bigint NOT NULL,
    group_id integer NOT NULL
);


ALTER TABLE public.api_customuser_groups OWNER TO medic_db;

--
-- Name: api_customuser_groups_id_seq; Type: SEQUENCE; Schema: public; Owner: medic_db
--

ALTER TABLE public.api_customuser_groups ALTER COLUMN id ADD GENERATED BY DEFAULT AS IDENTITY (
    SEQUENCE NAME public.api_customuser_groups_id_seq
    START WITH 1
    INCREMENT BY 1
    NO MINVALUE
    NO MAXVALUE
    CACHE 1
);


--
-- Name: api_customuser_id_seq; Type: SEQUENCE; Schema: public; Owner: medic_db
--

ALTER TABLE public.api_customuser ALTER COLUMN id ADD GENERATED BY DEFAULT AS IDENTITY (
    SEQUENCE NAME public.api_customuser_id_seq
    START WITH 1
    INCREMENT BY 1
    NO MINVALUE
    NO MAXVALUE
    CACHE 1
);


--
-- Name: api_customuser_user_permissions; Type: TABLE; Schema: public; Owner: medic_db
--

CREATE TABLE public.api_customuser_user_permissions (
    id bigint NOT NULL,
    customuser_id bigint NOT NULL,
    permission_id integer NOT NULL
);


ALTER TABLE public.api_customuser_user_permissions OWNER TO medic_db;

--
-- Name: api_customuser_user_permissions_id_seq; Type: SEQUENCE; Schema: public; Owner: medic_db
--

ALTER TABLE public.api_customuser_user_permissions ALTER COLUMN id ADD GENERATED BY DEFAULT AS IDENTITY (
    SEQUENCE NAME public.api_customuser_user_permissions_id_seq
    START WITH 1
    INCREMENT BY 1
    NO MINVALUE
    NO MAXVALUE
    CACHE 1
);


--
-- Name: api_department; Type: TABLE; Schema: public; Owner: medic_db
--

CREATE TABLE public.api_department (
    id bigint NOT NULL,
    created_at timestamp with time zone NOT NULL,
    updated_at timestamp with time zone NOT NULL,
    name character varying(100) NOT NULL,
    code character varying(20) NOT NULL,
    department_type character varying(20) NOT NULL,
    description text NOT NULL,
    is_active boolean NOT NULL,
    floor_number character varying(10) NOT NULL,
    wing character varying(50) NOT NULL,
    extension_number character varying(10) NOT NULL,
    emergency_contact character varying(20) NOT NULL,
    email character varying(254) NOT NULL,
    is_24_hours boolean NOT NULL,
    operating_hours jsonb NOT NULL,
    total_beds integer NOT NULL,
    occupied_beds integer NOT NULL,
    icu_beds integer NOT NULL,
    occupied_icu_beds integer NOT NULL,
    bed_capacity integer NOT NULL,
    current_patient_count integer NOT NULL,
    minimum_staff_required integer NOT NULL,
    current_staff_count integer NOT NULL,
    recommended_staff_ratio double precision NOT NULL,
    annual_budget numeric(12,2),
    budget_year integer,
    budget_utilized numeric(12,2) NOT NULL,
    equipment_budget numeric(12,2),
    staff_budget numeric(12,2),
    appointment_duration integer NOT NULL,
    max_daily_appointments integer NOT NULL,
    requires_referral boolean NOT NULL,
    hospital_id bigint NOT NULL,
    CONSTRAINT api_department_appointment_duration_check CHECK ((appointment_duration >= 0)),
    CONSTRAINT api_department_bed_capacity_check CHECK ((bed_capacity >= 0)),
    CONSTRAINT api_department_budget_year_check CHECK ((budget_year >= 0)),
    CONSTRAINT api_department_current_patient_count_check CHECK ((current_patient_count >= 0)),
    CONSTRAINT api_department_current_staff_count_check CHECK ((current_staff_count >= 0)),
    CONSTRAINT api_department_icu_beds_check CHECK ((icu_beds >= 0)),
    CONSTRAINT api_department_max_daily_appointments_check CHECK ((max_daily_appointments >= 0)),
    CONSTRAINT api_department_minimum_staff_required_check CHECK ((minimum_staff_required >= 0)),
    CONSTRAINT api_department_occupied_beds_check CHECK ((occupied_beds >= 0)),
    CONSTRAINT api_department_occupied_icu_beds_check CHECK ((occupied_icu_beds >= 0)),
    CONSTRAINT api_department_total_beds_check CHECK ((total_beds >= 0))
);


ALTER TABLE public.api_department OWNER TO medic_db;

--
-- Name: api_department_id_seq; Type: SEQUENCE; Schema: public; Owner: medic_db
--

ALTER TABLE public.api_department ALTER COLUMN id ADD GENERATED BY DEFAULT AS IDENTITY (
    SEQUENCE NAME public.api_department_id_seq
    START WITH 1
    INCREMENT BY 1
    NO MINVALUE
    NO MAXVALUE
    CACHE 1
);


--
-- Name: api_departmentemergency; Type: TABLE; Schema: public; Owner: medic_db
--

CREATE TABLE public.api_departmentemergency (
    id bigint NOT NULL,
    reason text NOT NULL,
    required_staff integer NOT NULL,
    declared_at timestamp with time zone NOT NULL,
    resolved_at timestamp with time zone,
    is_active boolean NOT NULL,
    department_id bigint NOT NULL,
    CONSTRAINT api_departmentemergency_required_staff_check CHECK ((required_staff >= 0))
);


ALTER TABLE public.api_departmentemergency OWNER TO medic_db;

--
-- Name: api_departmentemergency_id_seq; Type: SEQUENCE; Schema: public; Owner: medic_db
--

ALTER TABLE public.api_departmentemergency ALTER COLUMN id ADD GENERATED BY DEFAULT AS IDENTITY (
    SEQUENCE NAME public.api_departmentemergency_id_seq
    START WITH 1
    INCREMENT BY 1
    NO MINVALUE
    NO MAXVALUE
    CACHE 1
);


--
-- Name: api_doctor; Type: TABLE; Schema: public; Owner: medic_db
--

CREATE TABLE public.api_doctor (
    id bigint NOT NULL,
    specialization character varying(100) NOT NULL,
    medical_license_number character varying(50) NOT NULL,
    license_expiry_date date NOT NULL,
    years_of_experience integer NOT NULL,
    qualifications jsonb NOT NULL,
    board_certifications text,
    is_active boolean NOT NULL,
    status character varying(20) NOT NULL,
    available_for_appointments boolean NOT NULL,
    consultation_hours_start time without time zone,
    consultation_hours_end time without time zone,
    consultation_days character varying(100) NOT NULL,
    max_daily_appointments integer NOT NULL,
    appointment_duration integer NOT NULL,
    surgical_subspecialty character varying(50),
    research_interests text,
    publications text,
    languages_spoken character varying(200),
    medical_school character varying(200),
    graduation_year integer,
    office_phone character varying(20),
    office_location character varying(100),
    emergency_contact character varying(20),
    is_verified boolean NOT NULL,
    verification_documents character varying(100),
    created_at timestamp with time zone NOT NULL,
    updated_at timestamp with time zone NOT NULL,
    department_id bigint,
    user_id bigint NOT NULL,
    hospital_id bigint,
    chronic_care_experience boolean NOT NULL,
    complex_case_rating double precision NOT NULL,
    continuity_of_care_rating double precision NOT NULL,
    expertise_codes jsonb NOT NULL,
    primary_expertise_codes jsonb NOT NULL,
    CONSTRAINT api_doctor_appointment_duration_check CHECK ((appointment_duration >= 0)),
    CONSTRAINT api_doctor_graduation_year_check CHECK ((graduation_year >= 0)),
    CONSTRAINT api_doctor_max_daily_appointments_check CHECK ((max_daily_appointments >= 0)),
    CONSTRAINT api_doctor_years_of_experience_check CHECK ((years_of_experience >= 0))
);


ALTER TABLE public.api_doctor OWNER TO medic_db;

--
-- Name: api_doctor_id_seq; Type: SEQUENCE; Schema: public; Owner: medic_db
--

ALTER TABLE public.api_doctor ALTER COLUMN id ADD GENERATED BY DEFAULT AS IDENTITY (
    SEQUENCE NAME public.api_doctor_id_seq
    START WITH 1
    INCREMENT BY 1
    NO MINVALUE
    NO MAXVALUE
    CACHE 1
);


--
-- Name: api_doctorinteraction; Type: TABLE; Schema: public; Owner: medic_db
--

CREATE TABLE public.api_doctorinteraction (
    id bigint NOT NULL,
    interaction_date timestamp with time zone NOT NULL,
    interaction_type character varying(20) NOT NULL,
    patient_rating integer,
    doctor_notes text,
    communication_issues boolean NOT NULL,
    communication_notes text,
    doctor_id bigint,
    medical_record_id bigint NOT NULL
);


ALTER TABLE public.api_doctorinteraction OWNER TO medic_db;

--
-- Name: api_doctorinteraction_id_seq; Type: SEQUENCE; Schema: public; Owner: medic_db
--

ALTER TABLE public.api_doctorinteraction ALTER COLUMN id ADD GENERATED BY DEFAULT AS IDENTITY (
    SEQUENCE NAME public.api_doctorinteraction_id_seq
    START WITH 1
    INCREMENT BY 1
    NO MINVALUE
    NO MAXVALUE
    CACHE 1
);


--
-- Name: api_documentaccesslog; Type: TABLE; Schema: public; Owner: medic_db
--

CREATE TABLE public.api_documentaccesslog (
    id bigint NOT NULL,
    action character varying(20) NOT NULL,
    ip_address inet NOT NULL,
    user_agent text NOT NULL,
    success boolean NOT NULL,
    error_message text NOT NULL,
    additional_data jsonb NOT NULL,
    "timestamp" timestamp with time zone NOT NULL,
    user_id bigint,
    document_id bigint NOT NULL
);


ALTER TABLE public.api_documentaccesslog OWNER TO medic_db;

--
-- Name: api_documentaccesslog_id_seq; Type: SEQUENCE; Schema: public; Owner: medic_db
--

ALTER TABLE public.api_documentaccesslog ALTER COLUMN id ADD GENERATED BY DEFAULT AS IDENTITY (
    SEQUENCE NAME public.api_documentaccesslog_id_seq
    START WITH 1
    INCREMENT BY 1
    NO MINVALUE
    NO MAXVALUE
    CACHE 1
);


--
-- Name: api_documentshare; Type: TABLE; Schema: public; Owner: medic_db
--

CREATE TABLE public.api_documentshare (
    id bigint NOT NULL,
    share_type character varying(20) NOT NULL,
    share_token uuid NOT NULL,
    allowed_email character varying(254) NOT NULL,
    max_accesses integer NOT NULL,
    current_accesses integer NOT NULL,
    created_at timestamp with time zone NOT NULL,
    expires_at timestamp with time zone NOT NULL,
    last_accessed timestamp with time zone,
    is_active boolean NOT NULL,
    is_revoked boolean NOT NULL,
    shared_by_id bigint NOT NULL,
    document_id bigint NOT NULL,
    CONSTRAINT api_documentshare_current_accesses_check CHECK ((current_accesses >= 0)),
    CONSTRAINT api_documentshare_max_accesses_check CHECK ((max_accesses >= 0))
);


ALTER TABLE public.api_documentshare OWNER TO medic_db;

--
-- Name: api_documentshare_id_seq; Type: SEQUENCE; Schema: public; Owner: medic_db
--

ALTER TABLE public.api_documentshare ALTER COLUMN id ADD GENERATED BY DEFAULT AS IDENTITY (
    SEQUENCE NAME public.api_documentshare_id_seq
    START WITH 1
    INCREMENT BY 1
    NO MINVALUE
    NO MAXVALUE
    CACHE 1
);


--
-- Name: api_familymedicalhistory; Type: TABLE; Schema: public; Owner: medic_db
--

CREATE TABLE public.api_familymedicalhistory (
    id bigint NOT NULL,
    created_at timestamp with time zone NOT NULL,
    updated_at timestamp with time zone NOT NULL,
    relation_type character varying(20) NOT NULL,
    relation_detail character varying(100),
    condition character varying(255) NOT NULL,
    condition_code character varying(20),
    age_at_onset integer,
    status character varying(20) NOT NULL,
    severity integer,
    is_genetic boolean NOT NULL,
    is_hereditary boolean NOT NULL,
    risk_factor boolean NOT NULL,
    notes text,
    reported_by character varying(255),
    reported_date date NOT NULL,
    verified boolean NOT NULL,
    medical_record_id bigint NOT NULL
);


ALTER TABLE public.api_familymedicalhistory OWNER TO medic_db;

--
-- Name: api_familymedicalhistory_id_seq; Type: SEQUENCE; Schema: public; Owner: medic_db
--

ALTER TABLE public.api_familymedicalhistory ALTER COLUMN id ADD GENERATED BY DEFAULT AS IDENTITY (
    SEQUENCE NAME public.api_familymedicalhistory_id_seq
    START WITH 1
    INCREMENT BY 1
    NO MINVALUE
    NO MAXVALUE
    CACHE 1
);


--
-- Name: api_generalpractitioner; Type: TABLE; Schema: public; Owner: medic_db
--

CREATE TABLE public.api_generalpractitioner (
    id bigint NOT NULL,
    license_number character varying(50) NOT NULL,
    specializations text NOT NULL,
    clinic_location character varying(100),
    consultation_fee numeric(5,2),
    available_days character varying(20) NOT NULL,
    user_id bigint,
    practice_id bigint
);


ALTER TABLE public.api_generalpractitioner OWNER TO medic_db;

--
-- Name: api_generalpractitioner_id_seq; Type: SEQUENCE; Schema: public; Owner: medic_db
--

ALTER TABLE public.api_generalpractitioner ALTER COLUMN id ADD GENERATED BY DEFAULT AS IDENTITY (
    SEQUENCE NAME public.api_generalpractitioner_id_seq
    START WITH 1
    INCREMENT BY 1
    NO MINVALUE
    NO MAXVALUE
    CACHE 1
);


--
-- Name: api_geneticinformation; Type: TABLE; Schema: public; Owner: medic_db
--

CREATE TABLE public.api_geneticinformation (
    id bigint NOT NULL,
    created_at timestamp with time zone NOT NULL,
    updated_at timestamp with time zone NOT NULL,
    test_name character varying(255) NOT NULL,
    test_code character varying(50),
    test_date date NOT NULL,
    lab_name character varying(255),
    test_type character varying(20) NOT NULL,
    gene_variant character varying(255),
    result character varying(20) NOT NULL,
    clinical_significance text,
    health_implications text,
    risk_percentage numeric(5,2),
    counseling_provided boolean NOT NULL,
    counselor_name character varying(255),
    counseling_date date,
    counseling_notes text,
    family_history_relevant boolean NOT NULL,
    recommendations text,
    follow_up_testing text,
    documentation character varying(100),
    medical_record_id bigint NOT NULL
);


ALTER TABLE public.api_geneticinformation OWNER TO medic_db;

--
-- Name: api_geneticinformation_id_seq; Type: SEQUENCE; Schema: public; Owner: medic_db
--

ALTER TABLE public.api_geneticinformation ALTER COLUMN id ADD GENERATED BY DEFAULT AS IDENTITY (
    SEQUENCE NAME public.api_geneticinformation_id_seq
    START WITH 1
    INCREMENT BY 1
    NO MINVALUE
    NO MAXVALUE
    CACHE 1
);


--
-- Name: api_gppractice; Type: TABLE; Schema: public; Owner: medic_db
--

CREATE TABLE public.api_gppractice (
    id bigint NOT NULL,
    name character varying(200) NOT NULL,
    address text NOT NULL,
    hospital_id bigint
);


ALTER TABLE public.api_gppractice OWNER TO medic_db;

--
-- Name: api_gppractice_id_seq; Type: SEQUENCE; Schema: public; Owner: medic_db
--

ALTER TABLE public.api_gppractice ALTER COLUMN id ADD GENERATED BY DEFAULT AS IDENTITY (
    SEQUENCE NAME public.api_gppractice_id_seq
    START WITH 1
    INCREMENT BY 1
    NO MINVALUE
    NO MAXVALUE
    CACHE 1
);


--
-- Name: api_healthcareprovidernote; Type: TABLE; Schema: public; Owner: medic_db
--

CREATE TABLE public.api_healthcareprovidernote (
    clinicalnote_ptr_id bigint NOT NULL,
    billing_code character varying(50),
    complexity_level character varying(20),
    time_spent integer,
    assessment_and_plan text,
    physical_examination text,
    medical_decision_making text,
    procedures_performed jsonb
);


ALTER TABLE public.api_healthcareprovidernote OWNER TO medic_db;

--
-- Name: api_hospital; Type: TABLE; Schema: public; Owner: medic_db
--

CREATE TABLE public.api_hospital (
    id bigint NOT NULL,
    name character varying(200) NOT NULL,
    address text NOT NULL,
    phone character varying(20),
    website character varying(200),
    latitude numeric(9,6),
    longitude numeric(9,6),
    city character varying(100),
    state character varying(100),
    country character varying(100),
    postal_code character varying(20),
    registration_number character varying(50),
    is_verified boolean NOT NULL,
    verification_date date,
    hospital_type character varying(20) NOT NULL,
    bed_capacity integer NOT NULL,
    emergency_unit boolean NOT NULL,
    icu_unit boolean NOT NULL,
    emergency_contact character varying(20),
    email character varying(254),
    accreditation_status boolean NOT NULL,
    accreditation_expiry date,
    user_id bigint,
    CONSTRAINT api_hospital_bed_capacity_check CHECK ((bed_capacity >= 0))
);


ALTER TABLE public.api_hospital OWNER TO medic_db;

--
-- Name: api_hospital_id_seq; Type: SEQUENCE; Schema: public; Owner: medic_db
--

ALTER TABLE public.api_hospital ALTER COLUMN id ADD GENERATED BY DEFAULT AS IDENTITY (
    SEQUENCE NAME public.api_hospital_id_seq
    START WITH 1
    INCREMENT BY 1
    NO MINVALUE
    NO MAXVALUE
    CACHE 1
);


--
-- Name: api_hospitaladmin; Type: TABLE; Schema: public; Owner: medic_db
--

CREATE TABLE public.api_hospitaladmin (
    id bigint NOT NULL,
    name character varying(255) NOT NULL,
    "position" character varying(255) NOT NULL,
    email character varying(254) NOT NULL,
    password character varying(128) NOT NULL,
    hospital_id bigint NOT NULL,
    user_id bigint,
    password_change_required boolean NOT NULL,
    contact_email character varying(254)
);


ALTER TABLE public.api_hospitaladmin OWNER TO medic_db;

--
-- Name: api_hospitaladmin_id_seq; Type: SEQUENCE; Schema: public; Owner: medic_db
--

ALTER TABLE public.api_hospitaladmin ALTER COLUMN id ADD GENERATED BY DEFAULT AS IDENTITY (
    SEQUENCE NAME public.api_hospitaladmin_id_seq
    START WITH 1
    INCREMENT BY 1
    NO MINVALUE
    NO MAXVALUE
    CACHE 1
);


--
-- Name: api_hospitalregistration; Type: TABLE; Schema: public; Owner: medic_db
--

CREATE TABLE public.api_hospitalregistration (
    id bigint NOT NULL,
    status character varying(20) NOT NULL,
    is_primary boolean NOT NULL,
    created_at timestamp with time zone NOT NULL,
    approved_date timestamp with time zone,
    hospital_id bigint NOT NULL,
    user_id bigint NOT NULL
);


ALTER TABLE public.api_hospitalregistration OWNER TO medic_db;

--
-- Name: api_hospitalregistration_id_seq; Type: SEQUENCE; Schema: public; Owner: medic_db
--

ALTER TABLE public.api_hospitalregistration ALTER COLUMN id ADD GENERATED BY DEFAULT AS IDENTITY (
    SEQUENCE NAME public.api_hospitalregistration_id_seq
    START WITH 1
    INCREMENT BY 1
    NO MINVALUE
    NO MAXVALUE
    CACHE 1
);


--
-- Name: api_imagingtype; Type: TABLE; Schema: public; Owner: medic_db
--

CREATE TABLE public.api_imagingtype (
    id bigint NOT NULL,
    created_at timestamp with time zone NOT NULL,
    updated_at timestamp with time zone NOT NULL,
    name character varying(255) NOT NULL,
    code character varying(50) NOT NULL,
    description text NOT NULL,
    preparation_instructions text,
    uses_radiation boolean NOT NULL,
    uses_contrast boolean NOT NULL,
    typical_duration character varying(100),
    contraindications text,
    risks text
);


ALTER TABLE public.api_imagingtype OWNER TO medic_db;

--
-- Name: api_imagingtype_id_seq; Type: SEQUENCE; Schema: public; Owner: medic_db
--

ALTER TABLE public.api_imagingtype ALTER COLUMN id ADD GENERATED BY DEFAULT AS IDENTITY (
    SEQUENCE NAME public.api_imagingtype_id_seq
    START WITH 1
    INCREMENT BY 1
    NO MINVALUE
    NO MAXVALUE
    CACHE 1
);


--
-- Name: api_immunization; Type: TABLE; Schema: public; Owner: medic_db
--

CREATE TABLE public.api_immunization (
    id bigint NOT NULL,
    created_at timestamp with time zone NOT NULL,
    updated_at timestamp with time zone NOT NULL,
    vaccine_name character varying(255) NOT NULL,
    vaccine_code character varying(50),
    administration_date date NOT NULL,
    administered_by character varying(255),
    facility character varying(255),
    dose_number integer NOT NULL,
    series_complete boolean NOT NULL,
    route character varying(50),
    site character varying(50),
    lot_number character varying(50),
    expiration_date date,
    manufacturer character varying(255),
    next_dose_due date,
    reaction text,
    reason_given text,
    contraindications_reviewed boolean NOT NULL,
    notes text,
    medical_record_id bigint NOT NULL
);


ALTER TABLE public.api_immunization OWNER TO medic_db;

--
-- Name: api_immunization_id_seq; Type: SEQUENCE; Schema: public; Owner: medic_db
--

ALTER TABLE public.api_immunization ALTER COLUMN id ADD GENERATED BY DEFAULT AS IDENTITY (
    SEQUENCE NAME public.api_immunization_id_seq
    START WITH 1
    INCREMENT BY 1
    NO MINVALUE
    NO MAXVALUE
    CACHE 1
);


--
-- Name: api_inappnotification; Type: TABLE; Schema: public; Owner: medic_db
--

CREATE TABLE public.api_inappnotification (
    id bigint NOT NULL,
    title character varying(255) NOT NULL,
    message text NOT NULL,
    notification_type character varying(50) NOT NULL,
    reference_id character varying(100),
    is_read boolean NOT NULL,
    created_at timestamp with time zone NOT NULL,
    read_at timestamp with time zone,
    user_id bigint NOT NULL
);


ALTER TABLE public.api_inappnotification OWNER TO medic_db;

--
-- Name: api_inappnotification_id_seq; Type: SEQUENCE; Schema: public; Owner: medic_db
--

ALTER TABLE public.api_inappnotification ALTER COLUMN id ADD GENERATED BY DEFAULT AS IDENTITY (
    SEQUENCE NAME public.api_inappnotification_id_seq
    START WITH 1
    INCREMENT BY 1
    NO MINVALUE
    NO MAXVALUE
    CACHE 1
);


--
-- Name: api_laboratoryresult; Type: TABLE; Schema: public; Owner: medic_db
--

CREATE TABLE public.api_laboratoryresult (
    id bigint NOT NULL,
    created_at timestamp with time zone NOT NULL,
    updated_at timestamp with time zone NOT NULL,
    test_date timestamp with time zone NOT NULL,
    result_date timestamp with time zone NOT NULL,
    result_value character varying(255) NOT NULL,
    numeric_value double precision,
    units character varying(50) NOT NULL,
    reference_range_min double precision,
    reference_range_max double precision,
    reference_range_text character varying(255),
    is_abnormal boolean NOT NULL,
    abnormal_flags character varying(20),
    specimen_id character varying(100),
    lab_facility character varying(255) NOT NULL,
    processed_by character varying(255),
    clinical_notes text,
    follow_up_recommended boolean NOT NULL,
    follow_up_notes text,
    medical_record_id bigint NOT NULL,
    ordered_by_id bigint,
    test_type_id bigint NOT NULL
);


ALTER TABLE public.api_laboratoryresult OWNER TO medic_db;

--
-- Name: api_laboratoryresult_id_seq; Type: SEQUENCE; Schema: public; Owner: medic_db
--

ALTER TABLE public.api_laboratoryresult ALTER COLUMN id ADD GENERATED BY DEFAULT AS IDENTITY (
    SEQUENCE NAME public.api_laboratoryresult_id_seq
    START WITH 1
    INCREMENT BY 1
    NO MINVALUE
    NO MAXVALUE
    CACHE 1
);


--
-- Name: api_laboratorytesttype; Type: TABLE; Schema: public; Owner: medic_db
--

CREATE TABLE public.api_laboratorytesttype (
    id bigint NOT NULL,
    created_at timestamp with time zone NOT NULL,
    updated_at timestamp with time zone NOT NULL,
    name character varying(255) NOT NULL,
    code character varying(50) NOT NULL,
    category character varying(100) NOT NULL,
    description text NOT NULL,
    sample_type character varying(100) NOT NULL,
    processing_time character varying(100) NOT NULL,
    fasting_required boolean NOT NULL,
    reference_ranges jsonb NOT NULL,
    units character varying(50) NOT NULL,
    clinical_uses text NOT NULL,
    result_interpretation text NOT NULL,
    associated_conditions text,
    is_active boolean NOT NULL,
    requires_approval boolean NOT NULL
);


ALTER TABLE public.api_laboratorytesttype OWNER TO medic_db;

--
-- Name: api_laboratorytesttype_id_seq; Type: SEQUENCE; Schema: public; Owner: medic_db
--

ALTER TABLE public.api_laboratorytesttype ALTER COLUMN id ADD GENERATED BY DEFAULT AS IDENTITY (
    SEQUENCE NAME public.api_laboratorytesttype_id_seq
    START WITH 1
    INCREMENT BY 1
    NO MINVALUE
    NO MAXVALUE
    CACHE 1
);


--
-- Name: api_lifestyleinformation; Type: TABLE; Schema: public; Owner: medic_db
--

CREATE TABLE public.api_lifestyleinformation (
    id bigint NOT NULL,
    created_at timestamp with time zone NOT NULL,
    updated_at timestamp with time zone NOT NULL,
    diet_type character varying(20),
    diet_details text,
    daily_meals integer,
    food_allergies text,
    nutrition_quality character varying(20) NOT NULL,
    fruit_vegetable_servings integer,
    exercise_frequency character varying(20),
    exercise_duration integer,
    exercise_types jsonb,
    activity_level character varying(20),
    average_sleep_hours numeric(3,1),
    sleep_quality character varying(20),
    sleep_disorders text,
    tobacco_use character varying(20),
    tobacco_type character varying(100),
    tobacco_frequency character varying(100),
    tobacco_start_age integer,
    tobacco_quit_age integer,
    tobacco_pack_years numeric(5,2),
    alcohol_use character varying(20),
    alcohol_frequency character varying(100),
    alcohol_drinks_per_week integer,
    alcohol_quit_age integer,
    recreational_drug_use character varying(20),
    recreational_drugs jsonb,
    caffeine_use character varying(20),
    caffeine_drinks_per_day integer,
    occupation character varying(255),
    occupation_category character varying(100),
    employment_status character varying(50),
    education_level character varying(50),
    occupational_hazards text,
    housing_type character varying(50),
    household_members integer,
    living_arrangement character varying(50),
    dependents integer,
    income_range character varying(50),
    financial_strain character varying(20),
    insurance_status character varying(50),
    has_regular_healthcare boolean,
    transportation_access character varying(50),
    distance_to_healthcare integer,
    environmental_exposures jsonb,
    neighborhood_safety character varying(20),
    access_to_healthy_food character varying(20),
    stress_level character varying(20),
    social_support character varying(20),
    spiritual_religious character varying(100),
    preventive_care character varying(20),
    medication_adherence character varying(20),
    health_literacy character varying(20),
    internet_access character varying(20),
    uses_health_apps boolean,
    telehealth_capable boolean,
    wearable_devices jsonb,
    lifestyle_risk_assessment jsonb,
    additional_info text,
    last_updated_by_id bigint,
    medical_record_id bigint NOT NULL
);


ALTER TABLE public.api_lifestyleinformation OWNER TO medic_db;

--
-- Name: api_lifestyleinformation_id_seq; Type: SEQUENCE; Schema: public; Owner: medic_db
--

ALTER TABLE public.api_lifestyleinformation ALTER COLUMN id ADD GENERATED BY DEFAULT AS IDENTITY (
    SEQUENCE NAME public.api_lifestyleinformation_id_seq
    START WITH 1
    INCREMENT BY 1
    NO MINVALUE
    NO MAXVALUE
    CACHE 1
);


--
-- Name: api_medicalimage; Type: TABLE; Schema: public; Owner: medic_db
--

CREATE TABLE public.api_medicalimage (
    id bigint NOT NULL,
    created_at timestamp with time zone NOT NULL,
    updated_at timestamp with time zone NOT NULL,
    study_date timestamp with time zone NOT NULL,
    accession_number character varying(100),
    study_uid character varying(255),
    body_region character varying(20) NOT NULL,
    body_part_detail character varying(255),
    laterality character varying(20),
    facility character varying(255) NOT NULL,
    with_contrast boolean NOT NULL,
    contrast_type character varying(255),
    procedure_notes text,
    clinical_indication text NOT NULL,
    findings text,
    impression text,
    result character varying(20) NOT NULL,
    structured_findings jsonb,
    interpreted_by character varying(255),
    interpretation_date timestamp with time zone,
    image_file character varying(100),
    pacs_link character varying(200),
    series_count integer NOT NULL,
    image_count integer NOT NULL,
    requires_followup boolean NOT NULL,
    followup_notes text,
    followup_date date,
    ai_analyzed boolean NOT NULL,
    ai_findings jsonb,
    ai_confidence numeric(5,2),
    imaging_type_id bigint NOT NULL,
    medical_record_id bigint NOT NULL,
    ordered_by_id bigint
);


ALTER TABLE public.api_medicalimage OWNER TO medic_db;

--
-- Name: api_medicalimage_id_seq; Type: SEQUENCE; Schema: public; Owner: medic_db
--

ALTER TABLE public.api_medicalimage ALTER COLUMN id ADD GENERATED BY DEFAULT AS IDENTITY (
    SEQUENCE NAME public.api_medicalimage_id_seq
    START WITH 1
    INCREMENT BY 1
    NO MINVALUE
    NO MAXVALUE
    CACHE 1
);


--
-- Name: api_medicalrecord; Type: TABLE; Schema: public; Owner: medic_db
--

CREATE TABLE public.api_medicalrecord (
    id bigint NOT NULL,
    hpn character varying(30) NOT NULL,
    is_anonymous boolean NOT NULL,
    blood_type character varying(5),
    allergies text,
    chronic_conditions text,
    emergency_contact_name character varying(100),
    emergency_contact_phone character varying(20),
    is_high_risk boolean NOT NULL,
    last_visit_date timestamp with time zone,
    user_id bigint,
    care_plan_complexity double precision NOT NULL,
    comorbidity_count integer NOT NULL,
    hospitalization_count integer NOT NULL,
    last_hospitalization_date timestamp with time zone,
    medication_count integer NOT NULL
);


ALTER TABLE public.api_medicalrecord OWNER TO medic_db;

--
-- Name: api_medicalrecord_id_seq; Type: SEQUENCE; Schema: public; Owner: medic_db
--

ALTER TABLE public.api_medicalrecord ALTER COLUMN id ADD GENERATED BY DEFAULT AS IDENTITY (
    SEQUENCE NAME public.api_medicalrecord_id_seq
    START WITH 1
    INCREMENT BY 1
    NO MINVALUE
    NO MAXVALUE
    CACHE 1
);


--
-- Name: api_medicalrecordaccess; Type: TABLE; Schema: public; Owner: medic_db
--

CREATE TABLE public.api_medicalrecordaccess (
    id bigint NOT NULL,
    access_time timestamp with time zone NOT NULL,
    ip_address inet,
    user_id bigint NOT NULL
);


ALTER TABLE public.api_medicalrecordaccess OWNER TO medic_db;

--
-- Name: api_medicalrecordaccess_id_seq; Type: SEQUENCE; Schema: public; Owner: medic_db
--

ALTER TABLE public.api_medicalrecordaccess ALTER COLUMN id ADD GENERATED BY DEFAULT AS IDENTITY (
    SEQUENCE NAME public.api_medicalrecordaccess_id_seq
    START WITH 1
    INCREMENT BY 1
    NO MINVALUE
    NO MAXVALUE
    CACHE 1
);


--
-- Name: api_medication; Type: TABLE; Schema: public; Owner: medic_db
--

CREATE TABLE public.api_medication (
    id bigint NOT NULL,
    created_at timestamp with time zone NOT NULL,
    updated_at timestamp with time zone NOT NULL,
    medication_name character varying(255) NOT NULL,
    generic_name character varying(255) NOT NULL,
    ndc_code character varying(50),
    strength character varying(100) NOT NULL,
    form character varying(100) NOT NULL,
    route character varying(100) NOT NULL,
    dosage character varying(255) NOT NULL,
    frequency character varying(255) NOT NULL,
    start_date date NOT NULL,
    end_date date,
    is_ongoing boolean NOT NULL,
    duration character varying(100),
    patient_instructions text,
    pharmacy_instructions text,
    indication character varying(255),
    diagnosis_code character varying(20),
    prescription_number character varying(50),
    refills_authorized integer NOT NULL,
    refills_remaining integer NOT NULL,
    status character varying(20) NOT NULL,
    pharmacy_name character varying(255),
    priority integer NOT NULL,
    side_effects_experienced text,
    adherence character varying(20) NOT NULL,
    adherence_notes text,
    discontinued_date date,
    discontinuation_reason character varying(20),
    discontinuation_notes text,
    medical_record_id bigint NOT NULL,
    prescribed_by_id bigint,
    catalog_entry_id bigint,
    appointment_id bigint
);


ALTER TABLE public.api_medication OWNER TO medic_db;

--
-- Name: api_medication_id_seq; Type: SEQUENCE; Schema: public; Owner: medic_db
--

ALTER TABLE public.api_medication ALTER COLUMN id ADD GENERATED BY DEFAULT AS IDENTITY (
    SEQUENCE NAME public.api_medication_id_seq
    START WITH 1
    INCREMENT BY 1
    NO MINVALUE
    NO MAXVALUE
    CACHE 1
);


--
-- Name: api_medicationcatalog; Type: TABLE; Schema: public; Owner: medic_db
--

CREATE TABLE public.api_medicationcatalog (
    id bigint NOT NULL,
    created_at timestamp with time zone NOT NULL,
    updated_at timestamp with time zone NOT NULL,
    generic_name character varying(255) NOT NULL,
    brand_names jsonb NOT NULL,
    drug_code character varying(50),
    drug_class character varying(100) NOT NULL,
    atc_code character varying(10),
    available_forms jsonb NOT NULL,
    available_strengths jsonb NOT NULL,
    standard_routes jsonb NOT NULL,
    indications text NOT NULL,
    contraindications text NOT NULL,
    side_effects text NOT NULL,
    serious_side_effects text NOT NULL,
    warnings text NOT NULL,
    drug_interactions jsonb NOT NULL,
    food_interactions text,
    dosing_information jsonb NOT NULL,
    max_daily_dose character varying(100),
    mechanism_of_action text,
    half_life character varying(100),
    pregnancy_category character varying(5),
    pediatric_use text,
    geriatric_use text,
    monitoring_required boolean NOT NULL,
    monitoring_parameters text,
    high_alert_medication boolean NOT NULL,
    risk_score integer NOT NULL,
    is_controlled_substance boolean NOT NULL,
    schedule character varying(10),
    requires_prior_auth boolean NOT NULL
);


ALTER TABLE public.api_medicationcatalog OWNER TO medic_db;

--
-- Name: api_medicationcatalog_id_seq; Type: SEQUENCE; Schema: public; Owner: medic_db
--

ALTER TABLE public.api_medicationcatalog ALTER COLUMN id ADD GENERATED BY DEFAULT AS IDENTITY (
    SEQUENCE NAME public.api_medicationcatalog_id_seq
    START WITH 1
    INCREMENT BY 1
    NO MINVALUE
    NO MAXVALUE
    CACHE 1
);


--
-- Name: api_nursingnote; Type: TABLE; Schema: public; Owner: medic_db
--

CREATE TABLE public.api_nursingnote (
    clinicalnote_ptr_id bigint NOT NULL,
    nursing_assessment text,
    interventions text,
    patient_response text,
    nursing_care_plan text,
    intake_output jsonb,
    adl_status text
);


ALTER TABLE public.api_nursingnote OWNER TO medic_db;

--
-- Name: api_patientadmission; Type: TABLE; Schema: public; Owner: medic_db
--

CREATE TABLE public.api_patientadmission (
    id bigint NOT NULL,
    created_at timestamp with time zone NOT NULL,
    updated_at timestamp with time zone NOT NULL,
    admission_id character varying(20) NOT NULL,
    status character varying(20) NOT NULL,
    admission_type character varying(20) NOT NULL,
    priority character varying(20) NOT NULL,
    reason_for_admission text NOT NULL,
    is_icu_bed boolean NOT NULL,
    bed_identifier character varying(20),
    admission_date timestamp with time zone NOT NULL,
    expected_discharge_date timestamp with time zone,
    actual_discharge_date timestamp with time zone,
    length_of_stay_days integer,
    diagnosis text NOT NULL,
    secondary_diagnoses text NOT NULL,
    acuity_level smallint NOT NULL,
    isolation_required boolean NOT NULL,
    isolation_type character varying(50) NOT NULL,
    discharge_destination character varying(100) NOT NULL,
    discharge_summary text NOT NULL,
    followup_instructions text NOT NULL,
    insurance_information jsonb NOT NULL,
    admission_notes text NOT NULL,
    attending_doctor_id bigint,
    department_id bigint NOT NULL,
    hospital_id bigint NOT NULL,
    patient_id bigint,
    is_registered_patient boolean NOT NULL,
    registration_status character varying(20) NOT NULL,
    temp_patient_details jsonb,
    temp_patient_id character varying(20),
    CONSTRAINT api_patientadmission_acuity_level_check CHECK ((acuity_level >= 0)),
    CONSTRAINT api_patientadmission_length_of_stay_days_check CHECK ((length_of_stay_days >= 0))
);


ALTER TABLE public.api_patientadmission OWNER TO medic_db;

--
-- Name: api_patientadmission_consulting_doctors; Type: TABLE; Schema: public; Owner: medic_db
--

CREATE TABLE public.api_patientadmission_consulting_doctors (
    id bigint NOT NULL,
    patientadmission_id bigint NOT NULL,
    doctor_id bigint NOT NULL
);


ALTER TABLE public.api_patientadmission_consulting_doctors OWNER TO medic_db;

--
-- Name: api_patientadmission_consulting_doctors_id_seq; Type: SEQUENCE; Schema: public; Owner: medic_db
--

ALTER TABLE public.api_patientadmission_consulting_doctors ALTER COLUMN id ADD GENERATED BY DEFAULT AS IDENTITY (
    SEQUENCE NAME public.api_patientadmission_consulting_doctors_id_seq
    START WITH 1
    INCREMENT BY 1
    NO MINVALUE
    NO MAXVALUE
    CACHE 1
);


--
-- Name: api_patientadmission_id_seq; Type: SEQUENCE; Schema: public; Owner: medic_db
--

ALTER TABLE public.api_patientadmission ALTER COLUMN id ADD GENERATED BY DEFAULT AS IDENTITY (
    SEQUENCE NAME public.api_patientadmission_id_seq
    START WITH 1
    INCREMENT BY 1
    NO MINVALUE
    NO MAXVALUE
    CACHE 1
);


--
-- Name: api_patientdiagnosis; Type: TABLE; Schema: public; Owner: medic_db
--

CREATE TABLE public.api_patientdiagnosis (
    id bigint NOT NULL,
    diagnosis_code character varying(10) NOT NULL,
    diagnosis_name character varying(255) NOT NULL,
    diagnosis_date timestamp with time zone NOT NULL,
    is_chronic boolean NOT NULL,
    is_active boolean NOT NULL,
    severity_rating integer NOT NULL,
    notes text,
    diagnosed_by_id bigint,
    medical_record_id bigint NOT NULL
);


ALTER TABLE public.api_patientdiagnosis OWNER TO medic_db;

--
-- Name: api_patientdiagnosis_id_seq; Type: SEQUENCE; Schema: public; Owner: medic_db
--

ALTER TABLE public.api_patientdiagnosis ALTER COLUMN id ADD GENERATED BY DEFAULT AS IDENTITY (
    SEQUENCE NAME public.api_patientdiagnosis_id_seq
    START WITH 1
    INCREMENT BY 1
    NO MINVALUE
    NO MAXVALUE
    CACHE 1
);


--
-- Name: api_patienttransfer; Type: TABLE; Schema: public; Owner: medic_db
--

CREATE TABLE public.api_patienttransfer (
    id bigint NOT NULL,
    created_at timestamp with time zone NOT NULL,
    updated_at timestamp with time zone NOT NULL,
    transfer_date timestamp with time zone NOT NULL,
    reason text NOT NULL,
    admission_id bigint NOT NULL,
    from_department_id bigint NOT NULL,
    to_department_id bigint NOT NULL
);


ALTER TABLE public.api_patienttransfer OWNER TO medic_db;

--
-- Name: api_patienttransfer_id_seq; Type: SEQUENCE; Schema: public; Owner: medic_db
--

ALTER TABLE public.api_patienttransfer ALTER COLUMN id ADD GENERATED BY DEFAULT AS IDENTITY (
    SEQUENCE NAME public.api_patienttransfer_id_seq
    START WITH 1
    INCREMENT BY 1
    NO MINVALUE
    NO MAXVALUE
    CACHE 1
);


--
-- Name: api_patienttreatment; Type: TABLE; Schema: public; Owner: medic_db
--

CREATE TABLE public.api_patienttreatment (
    id bigint NOT NULL,
    treatment_type character varying(20) NOT NULL,
    treatment_name character varying(255) NOT NULL,
    treatment_code character varying(20),
    start_date timestamp with time zone NOT NULL,
    end_date timestamp with time zone,
    is_active boolean NOT NULL,
    dosage character varying(100),
    frequency character varying(100),
    notes text,
    medical_record_id bigint NOT NULL,
    prescribed_by_id bigint
);


ALTER TABLE public.api_patienttreatment OWNER TO medic_db;

--
-- Name: api_patienttreatment_id_seq; Type: SEQUENCE; Schema: public; Owner: medic_db
--

ALTER TABLE public.api_patienttreatment ALTER COLUMN id ADD GENERATED BY DEFAULT AS IDENTITY (
    SEQUENCE NAME public.api_patienttreatment_id_seq
    START WITH 1
    INCREMENT BY 1
    NO MINVALUE
    NO MAXVALUE
    CACHE 1
);


--
-- Name: api_paymenttransaction; Type: TABLE; Schema: public; Owner: medic_db
--

CREATE TABLE public.api_paymenttransaction (
    id bigint NOT NULL,
    transaction_id character varying(100) NOT NULL,
    _encrypted_amount bytea,
    amount_display numeric(10,2) NOT NULL,
    currency character varying(3) NOT NULL,
    payment_method character varying(50) NOT NULL,
    payment_status character varying(20) NOT NULL,
    _encrypted_insurance_data bytea,
    insurance_provider character varying(100),
    insurance_policy_number character varying(100),
    insurance_coverage_amount numeric(10,2) NOT NULL,
    _encrypted_gateway_data bytea,
    payment_gateway character varying(50),
    gateway_transaction_id character varying(100),
    status_change_history jsonb NOT NULL,
    access_log jsonb NOT NULL,
    description text NOT NULL,
    notes text NOT NULL,
    created_at timestamp with time zone NOT NULL,
    updated_at timestamp with time zone NOT NULL,
    completed_at timestamp with time zone,
    payment_provider character varying(50),
    provider_reference character varying(100),
    appointment_id bigint NOT NULL,
    created_by_id bigint NOT NULL,
    gift_sender_id bigint,
    hospital_id bigint NOT NULL,
    last_modified_by_id bigint NOT NULL,
    patient_id bigint NOT NULL
);


ALTER TABLE public.api_paymenttransaction OWNER TO medic_db;

--
-- Name: api_paymenttransaction_id_seq; Type: SEQUENCE; Schema: public; Owner: medic_db
--

ALTER TABLE public.api_paymenttransaction ALTER COLUMN id ADD GENERATED BY DEFAULT AS IDENTITY (
    SEQUENCE NAME public.api_paymenttransaction_id_seq
    START WITH 1
    INCREMENT BY 1
    NO MINVALUE
    NO MAXVALUE
    CACHE 1
);


--
-- Name: api_securedocument; Type: TABLE; Schema: public; Owner: medic_db
--

CREATE TABLE public.api_securedocument (
    id bigint NOT NULL,
    file_id uuid NOT NULL,
    original_filename character varying(255) NOT NULL,
    secure_filename character varying(255) NOT NULL,
    file_extension character varying(10) NOT NULL,
    file_type character varying(20) NOT NULL,
    file_size integer NOT NULL,
    encryption_key_id character varying(32) NOT NULL,
    is_encrypted boolean NOT NULL,
    virus_scanned boolean NOT NULL,
    security_score integer NOT NULL,
    vault_path character varying(500) NOT NULL,
    storage_backend character varying(50) NOT NULL,
    created_at timestamp with time zone NOT NULL,
    updated_at timestamp with time zone NOT NULL,
    uploaded_from_ip inet,
    last_accessed timestamp with time zone,
    access_count integer NOT NULL,
    is_active boolean NOT NULL,
    is_shared boolean NOT NULL,
    user_id bigint NOT NULL,
    CONSTRAINT api_securedocument_access_count_check CHECK ((access_count >= 0)),
    CONSTRAINT api_securedocument_file_size_check CHECK ((file_size >= 0)),
    CONSTRAINT api_securedocument_security_score_check CHECK ((security_score >= 0))
);


ALTER TABLE public.api_securedocument OWNER TO medic_db;

--
-- Name: api_securedocument_id_seq; Type: SEQUENCE; Schema: public; Owner: medic_db
--

ALTER TABLE public.api_securedocument ALTER COLUMN id ADD GENERATED BY DEFAULT AS IDENTITY (
    SEQUENCE NAME public.api_securedocument_id_seq
    START WITH 1
    INCREMENT BY 1
    NO MINVALUE
    NO MAXVALUE
    CACHE 1
);


--
-- Name: api_stafftransfer; Type: TABLE; Schema: public; Owner: medic_db
--

CREATE TABLE public.api_stafftransfer (
    id bigint NOT NULL,
    request_date timestamp with time zone NOT NULL,
    transfer_date date NOT NULL,
    effective_date date NOT NULL,
    completion_date timestamp with time zone,
    status character varying(20) NOT NULL,
    reason text NOT NULL,
    additional_notes text NOT NULL,
    rejection_reason text,
    transfer_type character varying(20) NOT NULL,
    end_date date,
    approved_by_destination_id bigint,
    approved_by_source_id bigint,
    from_department_id bigint,
    from_hospital_id bigint NOT NULL,
    requested_by_id bigint,
    staff_member_id bigint NOT NULL,
    to_department_id bigint,
    to_hospital_id bigint NOT NULL
);


ALTER TABLE public.api_stafftransfer OWNER TO medic_db;

--
-- Name: api_stafftransfer_id_seq; Type: SEQUENCE; Schema: public; Owner: medic_db
--

ALTER TABLE public.api_stafftransfer ALTER COLUMN id ADD GENERATED BY DEFAULT AS IDENTITY (
    SEQUENCE NAME public.api_stafftransfer_id_seq
    START WITH 1
    INCREMENT BY 1
    NO MINVALUE
    NO MAXVALUE
    CACHE 1
);


--
-- Name: api_surgicalhistory; Type: TABLE; Schema: public; Owner: medic_db
--

CREATE TABLE public.api_surgicalhistory (
    id bigint NOT NULL,
    created_at timestamp with time zone NOT NULL,
    updated_at timestamp with time zone NOT NULL,
    procedure_name character varying(255) NOT NULL,
    procedure_code character varying(50),
    procedure_date date NOT NULL,
    facility character varying(255),
    surgeon character varying(255),
    surgeon_specialty character varying(100),
    category character varying(20) NOT NULL,
    body_area character varying(100),
    outcome character varying(20) NOT NULL,
    complications text,
    length_of_stay integer,
    recovery_notes text,
    anesthesia_type character varying(100),
    implant_device character varying(255),
    notes text,
    follow_up_needed boolean NOT NULL,
    follow_up_date date,
    medical_record_id bigint NOT NULL
);


ALTER TABLE public.api_surgicalhistory OWNER TO medic_db;

--
-- Name: api_surgicalhistory_id_seq; Type: SEQUENCE; Schema: public; Owner: medic_db
--

ALTER TABLE public.api_surgicalhistory ALTER COLUMN id ADD GENERATED BY DEFAULT AS IDENTITY (
    SEQUENCE NAME public.api_surgicalhistory_id_seq
    START WITH 1
    INCREMENT BY 1
    NO MINVALUE
    NO MAXVALUE
    CACHE 1
);


--
-- Name: api_vitalsign; Type: TABLE; Schema: public; Owner: medic_db
--

CREATE TABLE public.api_vitalsign (
    id bigint NOT NULL,
    created_at timestamp with time zone NOT NULL,
    updated_at timestamp with time zone NOT NULL,
    recorded_at timestamp with time zone NOT NULL,
    location character varying(255),
    context character varying(255),
    systolic_bp integer,
    diastolic_bp integer,
    heart_rate integer,
    respiratory_rate integer,
    oxygen_saturation numeric(5,2),
    temperature numeric(5,2),
    temperature_unit character varying(1) NOT NULL,
    weight numeric(6,2),
    weight_unit character varying(2) NOT NULL,
    height numeric(5,2),
    height_unit character varying(2) NOT NULL,
    bmi numeric(5,2),
    blood_glucose numeric(6,2),
    glucose_unit character varying(10) NOT NULL,
    glucose_timing character varying(20),
    pain_scale integer,
    is_abnormal boolean NOT NULL,
    notes text,
    medical_record_id bigint NOT NULL,
    recorded_by_id bigint
);


ALTER TABLE public.api_vitalsign OWNER TO medic_db;

--
-- Name: api_vitalsign_id_seq; Type: SEQUENCE; Schema: public; Owner: medic_db
--

ALTER TABLE public.api_vitalsign ALTER COLUMN id ADD GENERATED BY DEFAULT AS IDENTITY (
    SEQUENCE NAME public.api_vitalsign_id_seq
    START WITH 1
    INCREMENT BY 1
    NO MINVALUE
    NO MAXVALUE
    CACHE 1
);


--
-- Name: auth_group; Type: TABLE; Schema: public; Owner: medic_db
--

CREATE TABLE public.auth_group (
    id integer NOT NULL,
    name character varying(150) NOT NULL
);


ALTER TABLE public.auth_group OWNER TO medic_db;

--
-- Name: auth_group_id_seq; Type: SEQUENCE; Schema: public; Owner: medic_db
--

ALTER TABLE public.auth_group ALTER COLUMN id ADD GENERATED BY DEFAULT AS IDENTITY (
    SEQUENCE NAME public.auth_group_id_seq
    START WITH 1
    INCREMENT BY 1
    NO MINVALUE
    NO MAXVALUE
    CACHE 1
);


--
-- Name: auth_group_permissions; Type: TABLE; Schema: public; Owner: medic_db
--

CREATE TABLE public.auth_group_permissions (
    id bigint NOT NULL,
    group_id integer NOT NULL,
    permission_id integer NOT NULL
);


ALTER TABLE public.auth_group_permissions OWNER TO medic_db;

--
-- Name: auth_group_permissions_id_seq; Type: SEQUENCE; Schema: public; Owner: medic_db
--

ALTER TABLE public.auth_group_permissions ALTER COLUMN id ADD GENERATED BY DEFAULT AS IDENTITY (
    SEQUENCE NAME public.auth_group_permissions_id_seq
    START WITH 1
    INCREMENT BY 1
    NO MINVALUE
    NO MAXVALUE
    CACHE 1
);


--
-- Name: auth_permission; Type: TABLE; Schema: public; Owner: medic_db
--

CREATE TABLE public.auth_permission (
    id integer NOT NULL,
    name character varying(255) NOT NULL,
    content_type_id integer NOT NULL,
    codename character varying(100) NOT NULL
);


ALTER TABLE public.auth_permission OWNER TO medic_db;

--
-- Name: auth_permission_id_seq; Type: SEQUENCE; Schema: public; Owner: medic_db
--

ALTER TABLE public.auth_permission ALTER COLUMN id ADD GENERATED BY DEFAULT AS IDENTITY (
    SEQUENCE NAME public.auth_permission_id_seq
    START WITH 1
    INCREMENT BY 1
    NO MINVALUE
    NO MAXVALUE
    CACHE 1
);


--
-- Name: django_admin_log; Type: TABLE; Schema: public; Owner: medic_db
--

CREATE TABLE public.django_admin_log (
    id integer NOT NULL,
    action_time timestamp with time zone NOT NULL,
    object_id text,
    object_repr character varying(200) NOT NULL,
    action_flag smallint NOT NULL,
    change_message text NOT NULL,
    content_type_id integer,
    user_id bigint NOT NULL,
    CONSTRAINT django_admin_log_action_flag_check CHECK ((action_flag >= 0))
);


ALTER TABLE public.django_admin_log OWNER TO medic_db;

--
-- Name: django_admin_log_id_seq; Type: SEQUENCE; Schema: public; Owner: medic_db
--

ALTER TABLE public.django_admin_log ALTER COLUMN id ADD GENERATED BY DEFAULT AS IDENTITY (
    SEQUENCE NAME public.django_admin_log_id_seq
    START WITH 1
    INCREMENT BY 1
    NO MINVALUE
    NO MAXVALUE
    CACHE 1
);


--
-- Name: django_content_type; Type: TABLE; Schema: public; Owner: medic_db
--

CREATE TABLE public.django_content_type (
    id integer NOT NULL,
    app_label character varying(100) NOT NULL,
    model character varying(100) NOT NULL
);


ALTER TABLE public.django_content_type OWNER TO medic_db;

--
-- Name: django_content_type_id_seq; Type: SEQUENCE; Schema: public; Owner: medic_db
--

ALTER TABLE public.django_content_type ALTER COLUMN id ADD GENERATED BY DEFAULT AS IDENTITY (
    SEQUENCE NAME public.django_content_type_id_seq
    START WITH 1
    INCREMENT BY 1
    NO MINVALUE
    NO MAXVALUE
    CACHE 1
);


--
-- Name: django_migrations; Type: TABLE; Schema: public; Owner: medic_db
--

CREATE TABLE public.django_migrations (
    id bigint NOT NULL,
    app character varying(255) NOT NULL,
    name character varying(255) NOT NULL,
    applied timestamp with time zone NOT NULL
);


ALTER TABLE public.django_migrations OWNER TO medic_db;

--
-- Name: django_migrations_id_seq; Type: SEQUENCE; Schema: public; Owner: medic_db
--

ALTER TABLE public.django_migrations ALTER COLUMN id ADD GENERATED BY DEFAULT AS IDENTITY (
    SEQUENCE NAME public.django_migrations_id_seq
    START WITH 1
    INCREMENT BY 1
    NO MINVALUE
    NO MAXVALUE
    CACHE 1
);


--
-- Name: django_session; Type: TABLE; Schema: public; Owner: medic_db
--

CREATE TABLE public.django_session (
    session_key character varying(40) NOT NULL,
    session_data text NOT NULL,
    expire_date timestamp with time zone NOT NULL
);


ALTER TABLE public.django_session OWNER TO medic_db;

--
-- Name: token_blacklist_blacklistedtoken; Type: TABLE; Schema: public; Owner: medic_db
--

CREATE TABLE public.token_blacklist_blacklistedtoken (
    id bigint NOT NULL,
    blacklisted_at timestamp with time zone NOT NULL,
    token_id bigint NOT NULL
);


ALTER TABLE public.token_blacklist_blacklistedtoken OWNER TO medic_db;

--
-- Name: token_blacklist_blacklistedtoken_id_seq; Type: SEQUENCE; Schema: public; Owner: medic_db
--

ALTER TABLE public.token_blacklist_blacklistedtoken ALTER COLUMN id ADD GENERATED BY DEFAULT AS IDENTITY (
    SEQUENCE NAME public.token_blacklist_blacklistedtoken_id_seq
    START WITH 1
    INCREMENT BY 1
    NO MINVALUE
    NO MAXVALUE
    CACHE 1
);


--
-- Name: token_blacklist_outstandingtoken; Type: TABLE; Schema: public; Owner: medic_db
--

CREATE TABLE public.token_blacklist_outstandingtoken (
    id bigint NOT NULL,
    token text NOT NULL,
    created_at timestamp with time zone,
    expires_at timestamp with time zone NOT NULL,
    user_id bigint,
    jti character varying(255) NOT NULL
);


ALTER TABLE public.token_blacklist_outstandingtoken OWNER TO medic_db;

--
-- Name: token_blacklist_outstandingtoken_id_seq; Type: SEQUENCE; Schema: public; Owner: medic_db
--

ALTER TABLE public.token_blacklist_outstandingtoken ALTER COLUMN id ADD GENERATED BY DEFAULT AS IDENTITY (
    SEQUENCE NAME public.token_blacklist_outstandingtoken_id_seq
    START WITH 1
    INCREMENT BY 1
    NO MINVALUE
    NO MAXVALUE
    CACHE 1
);


--
-- Data for Name: api_appointment; Type: TABLE DATA; Schema: public; Owner: medic_db
--

COPY public.api_appointment (id, created_at, updated_at, appointment_id, appointment_type, priority, status, appointment_date, duration, chief_complaint, symptoms, medical_history, allergies, current_medications, is_insurance_based, insurance_details, payment_required, payment_status, approval_date, approval_notes, referral_reason, referral_date, notes, cancellation_reason, reminder_sent, last_reminder_sent, cancelled_at, completed_at, approved_by_id, department_id, doctor_id, hospital_id, patient_id, referred_to_hospital_id, fee_id, symptoms_data, referred_to_department_id, referred_from_id) FROM stdin;
1	2025-05-24 01:46:15.899552+01	2025-05-24 01:46:15.914994+01	APT-0EEE8A84	consultation	urgent	pending	2025-05-24 11:00:00+01	30	Chest - Chest pain					f	\N	f	waived	\N	\N	\N	\N			f	\N	\N	\N	\N	7	\N	2	3	\N	\N	[{"description": "intense pain when sitting or standing", "body_part_id": "chest", "symptom_name": "Chest pain", "body_part_name": "Chest"}]	\N	\N
3	2025-05-26 14:13:31.364022+01	2025-05-26 14:24:48.687901+01	APT-D4A85600	consultation	normal	completed	2025-05-26 16:00:00+01	30	Chest - Chest pain	Chest - Chest pain: eszdxrfctgvhybjknlmjnbhvgIntense				f	\N	f	waived	2025-05-26 14:15:16.325123+01	\N	\N	\N	\n\nDoctor's Notes (2025-05-26 13:15) - Dr. Ninioritse Great Eruwa:\nThis is the first test \n\nPrescription (2025-05-26 13:16) - Dr. Ninioritse Great Eruwa:\nPrescribed: Jollof rice		t	2025-05-26 14:15:19.719073+01	\N	2025-05-26 14:24:48.687851+01	2	7	2	2	3	\N	\N	[{"description": "eszdxrfctgvhybjknlmjnbhvgIntense", "body_part_id": "chest", "symptom_name": "Chest pain", "body_part_name": "Chest"}]	\N	\N
2	2025-05-24 02:05:24.040746+01	2025-05-24 02:38:50.35573+01	APT-F0773099	consultation	emergency	completed	2025-05-27 11:00:00+01	30	Chest - Chest pain					f	\N	f	waived	2025-05-24 02:06:07.811616+01	\N	\N	\N	\n\nDoctor's Notes (2025-05-24 01:11) - Dr. Ninioritse Great Eruwa:\nPatient Needs sleep and good food\n\nPrescription (2025-05-24 01:32) - Dr. Ninioritse Great Eruwa:\nPrescribed: sleep		t	2025-05-24 02:06:10.521218+01	\N	2025-05-24 02:38:50.355642+01	2	7	2	2	3	\N	\N	[{"description": "Hrash serve chest pain in lower chest", "body_part_id": "chest", "symptom_name": "Chest pain", "body_part_name": "Chest"}]	\N	\N
5	2025-05-26 15:17:10.648942+01	2025-05-26 15:17:48.214202+01	APT-9296A8A9	consultation	normal	confirmed	2025-05-30 12:30:00+01	30	Chest - Chest pain	Chest - Chest pain: Intense COuging blood 				f	\N	f	waived	2025-05-26 15:17:48.20375+01	\N	\N	\N			t	2025-05-26 15:17:51.695724+01	\N	\N	2	7	2	2	3	\N	\N	[{"description": "Intense COuging blood ", "body_part_id": "chest", "symptom_name": "Chest pain", "body_part_name": "Chest"}]	\N	\N
4	2025-05-26 15:16:07.006904+01	2025-05-26 15:19:52.178422+01	APT-0D19ABC6	consultation	urgent	cancelled	2025-05-26 17:00:00+01	30	Chest - Chest pain	Chest - Chest pain: Serve chect pain				f	\N	f	waived	2025-05-26 15:19:52.167026+01	\N	\N	\N		I made a mistake	t	2025-05-26 15:19:55.701824+01	2025-05-26 15:20:12.484247+01	\N	2	7	2	2	3	\N	\N	[{"description": "Serve chect pain", "body_part_id": "chest", "symptom_name": "Chest pain", "body_part_name": "Chest"}]	\N	\N
6	2025-05-26 15:25:25.421399+01	2025-05-26 15:27:29.4717+01	APT-C82ECD81	consultation	normal	completed	2025-05-31 12:00:00+01	30	Chest - Heart palpitations	Chest - Heart palpitations: I no de breathe boss				f	\N	f	waived	2025-05-26 15:25:35.64655+01	\N	\N	\N	\n\nDoctor's Notes (2025-05-26 14:25) - Dr. eruwa al-amin:\nNote sempre uno \n\nPrescription (2025-05-26 14:27) - Dr. eruwa al-amin:\nPrescribed: Ibopurofen		t	2025-05-26 15:25:38.993978+01	\N	2025-05-26 15:27:29.469791+01	4	7	5	2	3	\N	\N	[{"description": "I no de breathe boss", "body_part_id": "chest", "symptom_name": "Heart palpitations", "body_part_name": "Chest"}]	\N	\N
7	2025-05-30 17:30:48.063854+01	2025-05-30 17:30:48.072331+01	APT-C78BFBB8	consultation	emergency	pending	2025-06-03 14:30:00+01	30	Left Leg - Muscle cramps					f	\N	f	waived	\N	\N	\N	\N			f	\N	\N	\N	\N	13	\N	2	4	\N	\N	[{"description": "qwertyuiopolkijhgfcdvbnm, ", "body_part_id": "leftLeg", "symptom_name": "Muscle cramps", "body_part_name": "Left Leg"}]	\N	\N
9	2025-06-05 17:06:45.878452+01	2025-06-05 17:14:09.065166+01	APT-4E9D2363	consultation	normal	referred	2025-06-06 10:30:00+01	30	Left Hip - Limited mobility					f	\N	f	waived	2025-06-05 17:07:03.908377+01	\N	Dying	2025-06-05 17:14:09.024354+01			t	2025-06-05 17:07:07.913275+01	\N	\N	4	7	5	2	4	2	\N	[{"description": "gjkhgjhlk;", "body_part_id": "leftHip", "symptom_name": "Limited mobility", "body_part_name": "Left Hip"}, {"description": "cgjhkjhl", "body_part_id": "leftHip", "symptom_name": "Joint stiffness", "body_part_name": "Left Hip"}]	19	\N
10	2025-06-05 17:14:11.012511+01	2025-06-05 17:14:11.020478+01	APT-02F569D0	consultation	normal	pending	2025-06-06 10:00:00+01	30	Left Hip - Limited mobility					f	\N	f	waived	\N	\N	\N	\N			f	\N	\N	\N	\N	19	\N	2	4	\N	\N	[{"description": "gjkhgjhlk;", "body_part_id": "leftHip", "symptom_name": "Limited mobility", "body_part_name": "Left Hip"}, {"description": "cgjhkjhl", "body_part_id": "leftHip", "symptom_name": "Joint stiffness", "body_part_name": "Left Hip"}]	\N	9
8	2025-06-01 16:49:48.727629+01	2025-06-01 17:00:27.538031+01	APT-E0123FB8	consultation	normal	completed	2025-06-04 11:00:00+01	30	Chest - Chest pain					f	\N	f	waived	2025-06-01 16:53:38.080517+01	\N	\N	\N	\n\nDoctor's Notes (2025-06-01 15:58) - Dr. eruwa al-amin:\nHe hit his head last night\n\n\nDoctor's Notes (2025-06-01 15:58) - Dr. eruwa al-amin:\nHe fell on his head and chest 		t	2025-06-01 16:53:42.720066+01	\N	2025-06-01 17:00:27.536388+01	4	7	5	2	4	\N	\N	[{"description": "light chest pain", "body_part_id": "chest", "symptom_name": "Chest pain", "body_part_name": "Chest"}]	\N	\N
11	2025-06-06 14:02:29.587154+01	2025-06-06 14:29:31.504029+01	APT-E5F6F90E	consultation	normal	in_progress	2025-06-06 16:00:00+01	30	Face - Swelling					f	\N	f	waived	2025-06-06 14:03:32.11837+01	\N	\N	\N	General note\n\nDoctor's Notes (2025-06-07 10:14) - Dr. eruwa al-amin:\nDoctor's Notes (2025-06-07 10:14) - Dr. eruwa al-amin: Game changer		t	2025-06-06 14:03:36.709082+01	\N	\N	4	7	5	2	4	\N	\N	[{"description": "fgkljhk;", "body_part_id": "face", "symptom_name": "Swelling", "body_part_name": "Face"}, {"description": "gcjhkjl", "body_part_id": "face", "symptom_name": "Jaw pain", "body_part_name": "Face"}]	\N	\N
12	2025-06-13 22:16:56.497794+01	2025-06-13 22:16:56.506717+01	APT-E2E91719	consultation	normal	pending	2025-06-16 14:30:00+01	30	Left Arm - Numbness or tingling					f	\N	f	waived	\N	\N	\N	\N			f	\N	\N	\N	\N	13	\N	2	2	\N	\N	[{"description": "pains and stress", "body_part_id": "leftArm", "symptom_name": "Numbness or tingling", "body_part_name": "Left Arm"}]	\N	\N
13	2025-06-13 22:19:24.348702+01	2025-06-13 22:19:24.357133+01	APT-E669BADA	consultation	normal	pending	2025-06-16 12:30:00+01	30	Chest - Chest pain					f	\N	f	waived	\N	\N	\N	\N			f	\N	\N	\N	\N	7	\N	2	2	\N	\N	[{"description": "chest pain", "body_part_id": "chest", "symptom_name": "Chest pain", "body_part_name": "Chest"}, {"description": "pain on the left side of heart", "body_part_id": "chest", "symptom_name": "Heart palpitations", "body_part_name": "Chest"}]	\N	\N
\.


--
-- Data for Name: api_appointmentdocument; Type: TABLE DATA; Schema: public; Owner: medic_db
--

COPY public.api_appointmentdocument (id, document_type, title, description, file, file_size, file_type, issued_date, valid_until, is_confidential, requires_signature, is_signed, signed_at, version, created_at, updated_at, appointment_id, issued_by_id, previous_version_id, signed_by_id) FROM stdin;
\.


--
-- Data for Name: api_appointmentdocument_allowed_viewers; Type: TABLE DATA; Schema: public; Owner: medic_db
--

COPY public.api_appointmentdocument_allowed_viewers (id, appointmentdocument_id, customuser_id) FROM stdin;
\.


--
-- Data for Name: api_appointmentfee; Type: TABLE DATA; Schema: public; Owner: medic_db
--

COPY public.api_appointmentfee (id, fee_type, base_fee, currency, registration_fee, medical_card_fee, insurance_coverage_percentage, senior_citizen_discount, valid_from, valid_until, is_active, created_at, updated_at, department_id, doctor_id, hospital_id) FROM stdin;
\.


--
-- Data for Name: api_appointmentnotification; Type: TABLE DATA; Schema: public; Owner: medic_db
--

COPY public.api_appointmentnotification (id, created_at, updated_at, notification_type, event_type, subject, message, template_name, status, scheduled_time, sent_time, error_message, retry_count, max_retries, opened_at, clicked_at, next_retry_at, appointment_id, recipient_id) FROM stdin;
1	2025-05-24 01:46:15.922576+01	2025-05-24 01:46:15.922734+01	email	booking_confirmation	Appointment Booking Confirmation - APT-0EEE8A84	Dear Bethel Akande,\n\nYour appointment at St. Nicholas Hospital (Cardiology) on 2025-05-24 10:00 has been booked.\n\nAppointment ID: APT-0EEE8A84\nStatus: Pending doctor's acceptance\n	appointment_booking_confirmation	pending	2025-05-24 01:46:15.922623+01	\N		0	3	\N	\N	\N	1	3
2	2025-05-24 01:46:15.925089+01	2025-05-24 01:46:15.925216+01	sms	booking_confirmation	Appt Booked: APT-0EEE8A84	Appt Booked at St. Nicholas Hospital, May 24, 10:00. ID: APT-0EEE8A84. Status: Pending	\N	pending	2025-05-24 01:46:15.925143+01	\N		0	3	\N	\N	\N	1	3
3	2025-05-24 02:05:24.049984+01	2025-05-24 02:05:24.050096+01	email	booking_confirmation	Appointment Booking Confirmation - APT-F0773099	Dear Bethel Akande,\n\nYour appointment at St. Nicholas Hospital (Cardiology) on 2025-05-27 10:00 has been booked.\n\nAppointment ID: APT-F0773099\nStatus: Pending doctor's acceptance\n	appointment_booking_confirmation	pending	2025-05-24 02:05:24.050033+01	\N		0	3	\N	\N	\N	2	3
4	2025-05-24 02:05:24.052595+01	2025-05-24 02:05:24.052675+01	sms	booking_confirmation	Appt Booked: APT-F0773099	Appt Booked at St. Nicholas Hospital, May 27, 10:00. ID: APT-F0773099. Status: Pending	\N	pending	2025-05-24 02:05:24.052621+01	\N		0	3	\N	\N	\N	2	3
5	2025-05-24 02:05:24.056574+01	2025-05-24 02:05:24.056654+01	email	new_appointment_available	New Appointment Available - APT-F0773099	Dear Dr. Ninioritse Great Eruwa,\n\nA new appointment is available in your department:\nDate: 2025-05-27 10:00\nDepartment: Cardiology\nPatient: Bethel Akande\nChief Complaint: Chest - Chest pain\n\nPlease review and accept if you are available.	new_appointment_notification	pending	2025-05-24 02:05:24.056598+01	\N		0	3	\N	\N	\N	2	2
7	2025-05-24 02:06:07.823813+01	2025-05-24 02:06:07.823929+01	sms	appointment_update	Appointment Status Update - APT-F0773099	Your appointment (ID: APT-F0773099) status has been updated to: Confirmed. Date: 27/05/2025 10:00 AM. Please check your email for details.	\N	pending	2025-05-24 02:06:07.823798+01	\N		0	3	\N	\N	\N	2	3
6	2025-05-24 02:06:07.821075+01	2025-05-24 02:06:09.249111+01	email	appointment_update	Appointment Status Update - APT-F0773099		appointment_status_update	sent	2025-05-24 02:06:07.821057+01	2025-05-24 02:06:09.249002+01		0	3	\N	\N	\N	2	3
8	2025-05-24 02:06:09.255909+01	2025-05-24 02:06:09.256017+01	email	appointment_update	Appointment Status Update - APT-F0773099		appointment_status_update	pending	2025-05-24 02:06:09.25589+01	\N		0	3	\N	\N	\N	2	3
9	2025-05-24 02:06:09.26055+01	2025-05-24 02:06:09.260625+01	sms	appointment_update	Appointment Status Update - APT-F0773099	Your appointment (ID: APT-F0773099) status has been updated to: Confirmed. Date: 27/05/2025 10:00 AM. Please check your email for details.	\N	pending	2025-05-24 02:06:09.260539+01	\N		0	3	\N	\N	\N	2	3
10	2025-05-24 02:06:10.512787+01	2025-05-24 02:06:10.51298+01	email	appointment_reminder	Appointment Reminder - APT-F0773099		appointment_reminder	pending	2025-05-20 11:00:00+01	\N		0	3	\N	\N	\N	2	3
11	2025-05-24 02:06:10.515918+01	2025-05-24 02:06:10.516+01	email	appointment_reminder	Appointment Reminder - APT-F0773099		appointment_reminder	pending	2025-05-25 11:00:00+01	\N		0	3	\N	\N	\N	2	3
12	2025-05-24 02:06:10.518011+01	2025-05-24 02:06:10.519287+01	sms	appointment_reminder	Appointment Reminder - APT-F0773099	Reminder: Your appointment (ID: APT-F0773099)\nwith Dr. Ninioritse Great Eruwa\nis on 27/05/2025 at 10:00 AM	appointment_reminder	pending	2025-05-26 11:00:00+01	\N		0	3	\N	\N	\N	2	3
13	2025-05-24 02:06:10.520042+01	2025-05-24 02:06:10.520651+01	sms	appointment_reminder	Appointment Reminder - APT-F0773099	Reminder: Your appointment (ID: APT-F0773099)\nwith Dr. Ninioritse Great Eruwa\nis on 27/05/2025 at 10:00 AM	appointment_reminder	pending	2025-05-27 09:00:00+01	\N		0	3	\N	\N	\N	2	3
14	2025-05-24 02:06:10.521736+01	2025-05-24 02:06:10.521848+01	email	appointment_accepted	Appointment Accepted - APT-F0773099	Dear Bethel Akande,\n\nYour appointment has been accepted by Dr. Ninioritse Great Eruwa at St. Nicholas Hospital (Cardiology) on 2025-05-27 10:00.\n\nAppointment ID: APT-F0773099\n	appointment_confirmation	pending	2025-05-24 02:06:10.521772+01	\N		0	3	\N	\N	\N	2	3
16	2025-05-24 02:11:29.373932+01	2025-05-24 02:11:29.374023+01	sms	appointment_update	Appointment Status Update - APT-F0773099	Your appointment (ID: APT-F0773099) status has been updated to: In Progress. Date: 27/05/2025 10:00 AM. Please check your email for details.	\N	pending	2025-05-24 02:11:29.373918+01	\N		0	3	\N	\N	\N	2	3
15	2025-05-24 02:11:29.370995+01	2025-05-24 02:11:30.713198+01	email	appointment_update	Appointment Status Update - APT-F0773099		appointment_status_update	sent	2025-05-24 02:11:29.370977+01	2025-05-24 02:11:30.712943+01		0	3	\N	\N	\N	2	3
17	2025-05-24 02:11:30.720571+01	2025-05-24 02:11:30.720797+01	email	appointment_update	Appointment Status Update - APT-F0773099		appointment_status_update	pending	2025-05-24 02:11:30.720516+01	\N		0	3	\N	\N	\N	2	3
18	2025-05-24 02:11:30.722658+01	2025-05-24 02:11:30.722798+01	sms	appointment_update	Appointment Status Update - APT-F0773099	Your appointment (ID: APT-F0773099) status has been updated to: In Progress. Date: 27/05/2025 10:00 AM. Please check your email for details.	\N	pending	2025-05-24 02:11:30.722636+01	\N		0	3	\N	\N	\N	2	3
20	2025-05-24 02:38:50.366468+01	2025-05-24 02:38:50.366585+01	sms	appointment_update	Appointment Status Update - APT-F0773099	Your appointment (ID: APT-F0773099) status has been updated to: Completed. Date: 27/05/2025 10:00 AM. Please check your email for details.	\N	pending	2025-05-24 02:38:50.366453+01	\N		0	3	\N	\N	\N	2	3
19	2025-05-24 02:38:50.363419+01	2025-05-24 02:38:51.265499+01	email	appointment_update	Appointment Status Update - APT-F0773099		appointment_status_update	sent	2025-05-24 02:38:50.363384+01	2025-05-24 02:38:51.265387+01		0	3	\N	\N	\N	2	3
21	2025-05-24 02:38:51.270307+01	2025-05-24 02:38:51.270411+01	email	appointment_update	Appointment Status Update - APT-F0773099		appointment_status_update	pending	2025-05-24 02:38:51.27029+01	\N		0	3	\N	\N	\N	2	3
22	2025-05-24 02:38:51.273217+01	2025-05-24 02:38:51.273305+01	sms	appointment_update	Appointment Status Update - APT-F0773099	Your appointment (ID: APT-F0773099) status has been updated to: Completed. Date: 27/05/2025 10:00 AM. Please check your email for details.	\N	pending	2025-05-24 02:38:51.273204+01	\N		0	3	\N	\N	\N	2	3
23	2025-05-26 14:13:31.377976+01	2025-05-26 14:13:31.378088+01	email	booking_confirmation	Appointment Confirmation - APT-D4A85600		appointment_booking_confirmation	pending	2025-05-26 14:13:31.378014+01	\N		0	3	\N	\N	\N	3	3
24	2025-05-26 14:13:31.38194+01	2025-05-26 14:13:31.382018+01	email	booking_confirmation	Appointment Booking Confirmation - APT-D4A85600	Dear Bethel Akande,\n\nYour appointment at St. Nicholas Hospital (Cardiology) on 2025-05-26 15:00 has been booked.\n\nAppointment ID: APT-D4A85600\nStatus: Pending doctor's acceptance\n	appointment_booking_confirmation	pending	2025-05-26 14:13:31.381964+01	\N		0	3	\N	\N	\N	3	3
25	2025-05-26 14:13:31.384503+01	2025-05-26 14:13:31.384586+01	sms	booking_confirmation	Appt Booked: APT-D4A85600	Appt Booked at St. Nicholas Hospital, May 26, 15:00. ID: APT-D4A85600. Status: Pending	\N	pending	2025-05-26 14:13:31.384532+01	\N		0	3	\N	\N	\N	3	3
26	2025-05-26 14:13:31.390587+01	2025-05-26 14:13:31.39067+01	email	new_appointment_available	New Appointment Available - APT-D4A85600	Dear Dr. Ninioritse Great Eruwa,\n\nA new appointment is available in your department:\nDate: 2025-05-26 15:00\nDepartment: Cardiology\nPatient: Bethel Akande\nChief Complaint: Chest - Chest pain\n\nPlease review and accept if you are available.	new_appointment_notification	pending	2025-05-26 14:13:31.390612+01	\N		0	3	\N	\N	\N	3	2
28	2025-05-26 14:15:16.341658+01	2025-05-26 14:15:16.341728+01	sms	appointment_update	Appointment Status Update - APT-D4A85600	Your appointment (ID: APT-D4A85600) status has been updated to: Confirmed. Date: 26/05/2025 03:00 PM. Please check your email for details.	\N	pending	2025-05-26 14:15:16.341628+01	\N		0	3	\N	\N	\N	3	3
27	2025-05-26 14:15:16.339689+01	2025-05-26 14:15:17.984368+01	email	appointment_update	Appointment Status Update - APT-D4A85600		appointment_status_update	sent	2025-05-26 14:15:16.339673+01	2025-05-26 14:15:17.98421+01		0	3	\N	\N	\N	3	3
29	2025-05-26 14:15:17.993765+01	2025-05-26 14:15:17.993893+01	email	appointment_update	Appointment Status Update - APT-D4A85600		appointment_status_update	pending	2025-05-26 14:15:17.993736+01	\N		0	3	\N	\N	\N	3	3
30	2025-05-26 14:15:17.995424+01	2025-05-26 14:15:17.995505+01	sms	appointment_update	Appointment Status Update - APT-D4A85600	Your appointment (ID: APT-D4A85600) status has been updated to: Confirmed. Date: 26/05/2025 03:00 PM. Please check your email for details.	\N	pending	2025-05-26 14:15:17.995412+01	\N		0	3	\N	\N	\N	3	3
31	2025-05-26 14:15:19.713021+01	2025-05-26 14:15:19.713233+01	email	appointment_reminder	Appointment Reminder - APT-D4A85600		appointment_reminder	pending	2025-05-19 16:00:00+01	\N		0	3	\N	\N	\N	3	3
32	2025-05-26 14:15:19.715491+01	2025-05-26 14:15:19.715635+01	email	appointment_reminder	Appointment Reminder - APT-D4A85600		appointment_reminder	pending	2025-05-24 16:00:00+01	\N		0	3	\N	\N	\N	3	3
33	2025-05-26 14:15:19.716429+01	2025-05-26 14:15:19.717116+01	sms	appointment_reminder	Appointment Reminder - APT-D4A85600	Reminder: Your appointment (ID: APT-D4A85600)\nwith Dr. Ninioritse Great Eruwa\nis on 26/05/2025 at 03:00 PM	appointment_reminder	pending	2025-05-25 16:00:00+01	\N		0	3	\N	\N	\N	3	3
34	2025-05-26 14:15:19.717821+01	2025-05-26 14:15:19.718428+01	sms	appointment_reminder	Appointment Reminder - APT-D4A85600	Reminder: Your appointment (ID: APT-D4A85600)\nwith Dr. Ninioritse Great Eruwa\nis on 26/05/2025 at 03:00 PM	appointment_reminder	pending	2025-05-26 14:00:00+01	\N		0	3	\N	\N	\N	3	3
35	2025-05-26 14:15:19.719552+01	2025-05-26 14:15:19.719637+01	email	appointment_accepted	Appointment Accepted - APT-D4A85600	Dear Bethel Akande,\n\nYour appointment has been accepted by Dr. Ninioritse Great Eruwa at St. Nicholas Hospital (Cardiology) on 2025-05-26 15:00.\n\nAppointment ID: APT-D4A85600\n	appointment_confirmation	pending	2025-05-26 14:15:19.719571+01	\N		0	3	\N	\N	\N	3	3
37	2025-05-26 14:15:21.746264+01	2025-05-26 14:15:21.746364+01	sms	appointment_update	Appointment Status Update - APT-D4A85600	Your appointment (ID: APT-D4A85600) status has been updated to: In Progress. Date: 26/05/2025 03:00 PM. Please check your email for details.	\N	pending	2025-05-26 14:15:21.74625+01	\N		0	3	\N	\N	\N	3	3
36	2025-05-26 14:15:21.743484+01	2025-05-26 14:15:23.064612+01	email	appointment_update	Appointment Status Update - APT-D4A85600		appointment_status_update	sent	2025-05-26 14:15:21.743468+01	2025-05-26 14:15:23.064504+01		0	3	\N	\N	\N	3	3
38	2025-05-26 14:15:23.083055+01	2025-05-26 14:15:23.083174+01	email	appointment_update	Appointment Status Update - APT-D4A85600		appointment_status_update	pending	2025-05-26 14:15:23.08303+01	\N		0	3	\N	\N	\N	3	3
39	2025-05-26 14:15:23.08496+01	2025-05-26 14:15:23.085096+01	sms	appointment_update	Appointment Status Update - APT-D4A85600	Your appointment (ID: APT-D4A85600) status has been updated to: In Progress. Date: 26/05/2025 03:00 PM. Please check your email for details.	\N	pending	2025-05-26 14:15:23.08494+01	\N		0	3	\N	\N	\N	3	3
41	2025-05-26 14:24:48.703367+01	2025-05-26 14:24:48.703438+01	sms	appointment_update	Appointment Status Update - APT-D4A85600	Your appointment (ID: APT-D4A85600) status has been updated to: Completed. Date: 26/05/2025 03:00 PM. Please check your email for details.	\N	pending	2025-05-26 14:24:48.703358+01	\N		0	3	\N	\N	\N	3	3
40	2025-05-26 14:24:48.701568+01	2025-05-26 14:24:50.056247+01	email	appointment_update	Appointment Status Update - APT-D4A85600		appointment_status_update	sent	2025-05-26 14:24:48.701555+01	2025-05-26 14:24:50.056091+01		0	3	\N	\N	\N	3	3
42	2025-05-26 14:24:50.061753+01	2025-05-26 14:24:50.061861+01	email	appointment_update	Appointment Status Update - APT-D4A85600		appointment_status_update	pending	2025-05-26 14:24:50.061734+01	\N		0	3	\N	\N	\N	3	3
43	2025-05-26 14:24:50.064875+01	2025-05-26 14:24:50.064946+01	sms	appointment_update	Appointment Status Update - APT-D4A85600	Your appointment (ID: APT-D4A85600) status has been updated to: Completed. Date: 26/05/2025 03:00 PM. Please check your email for details.	\N	pending	2025-05-26 14:24:50.064866+01	\N		0	3	\N	\N	\N	3	3
44	2025-05-26 15:16:07.018473+01	2025-05-26 15:16:07.018581+01	email	booking_confirmation	Appointment Confirmation - APT-0D19ABC6		appointment_booking_confirmation	pending	2025-05-26 15:16:07.018513+01	\N		0	3	\N	\N	\N	4	3
45	2025-05-26 15:16:07.021352+01	2025-05-26 15:16:07.021476+01	email	booking_confirmation	Appointment Booking Confirmation - APT-0D19ABC6	Dear Bethel Akande,\n\nYour appointment at St. Nicholas Hospital (Cardiology) on 2025-05-26 16:00 has been booked.\n\nAppointment ID: APT-0D19ABC6\nStatus: Pending doctor's acceptance\n	appointment_booking_confirmation	pending	2025-05-26 15:16:07.021388+01	\N		0	3	\N	\N	\N	4	3
46	2025-05-26 15:16:07.022461+01	2025-05-26 15:16:07.02254+01	sms	booking_confirmation	Appt Booked: APT-0D19ABC6	Appt Booked at St. Nicholas Hospital, May 26, 16:00. ID: APT-0D19ABC6. Status: Pending	\N	pending	2025-05-26 15:16:07.022484+01	\N		0	3	\N	\N	\N	4	3
47	2025-05-26 15:16:07.02872+01	2025-05-26 15:16:07.028808+01	email	new_appointment_available	New Appointment Available - APT-0D19ABC6	Dear Dr. Ninioritse Great Eruwa,\n\nA new appointment is available in your department:\nDate: 2025-05-26 16:00\nDepartment: Cardiology\nPatient: Bethel Akande\nChief Complaint: Chest - Chest pain\n\nPlease review and accept if you are available.	new_appointment_notification	pending	2025-05-26 15:16:07.028744+01	\N		0	3	\N	\N	\N	4	2
48	2025-05-26 15:16:07.030759+01	2025-05-26 15:16:07.030839+01	email	new_appointment_available	New Appointment Available - APT-0D19ABC6	Dear Dr. eruwa al-amin,\n\nA new appointment is available in your department:\nDate: 2025-05-26 16:00\nDepartment: Cardiology\nPatient: Bethel Akande\nChief Complaint: Chest - Chest pain\n\nPlease review and accept if you are available.	new_appointment_notification	pending	2025-05-26 15:16:07.030781+01	\N		0	3	\N	\N	\N	4	4
49	2025-05-26 15:17:10.675168+01	2025-05-26 15:17:10.675298+01	email	booking_confirmation	Appointment Confirmation - APT-9296A8A9		appointment_booking_confirmation	pending	2025-05-26 15:17:10.675214+01	\N		0	3	\N	\N	\N	5	3
50	2025-05-26 15:17:10.677794+01	2025-05-26 15:17:10.677882+01	email	booking_confirmation	Appointment Booking Confirmation - APT-9296A8A9	Dear Bethel Akande,\n\nYour appointment at St. Nicholas Hospital (Cardiology) on 2025-05-30 11:30 has been booked.\n\nAppointment ID: APT-9296A8A9\nStatus: Pending doctor's acceptance\n	appointment_booking_confirmation	pending	2025-05-26 15:17:10.677819+01	\N		0	3	\N	\N	\N	5	3
51	2025-05-26 15:17:10.679299+01	2025-05-26 15:17:10.679375+01	sms	booking_confirmation	Appt Booked: APT-9296A8A9	Appt Booked at St. Nicholas Hospital, May 30, 11:30. ID: APT-9296A8A9. Status: Pending	\N	pending	2025-05-26 15:17:10.67932+01	\N		0	3	\N	\N	\N	5	3
52	2025-05-26 15:17:10.687083+01	2025-05-26 15:17:10.687208+01	email	new_appointment_available	New Appointment Available - APT-9296A8A9	Dear Dr. Ninioritse Great Eruwa,\n\nA new appointment is available in your department:\nDate: 2025-05-30 11:30\nDepartment: Cardiology\nPatient: Bethel Akande\nChief Complaint: Chest - Chest pain\n\nPlease review and accept if you are available.	new_appointment_notification	pending	2025-05-26 15:17:10.687123+01	\N		0	3	\N	\N	\N	5	2
53	2025-05-26 15:17:10.689097+01	2025-05-26 15:17:10.689179+01	email	new_appointment_available	New Appointment Available - APT-9296A8A9	Dear Dr. eruwa al-amin,\n\nA new appointment is available in your department:\nDate: 2025-05-30 11:30\nDepartment: Cardiology\nPatient: Bethel Akande\nChief Complaint: Chest - Chest pain\n\nPlease review and accept if you are available.	new_appointment_notification	pending	2025-05-26 15:17:10.68912+01	\N		0	3	\N	\N	\N	5	4
55	2025-05-26 15:17:48.222539+01	2025-05-26 15:17:48.222658+01	sms	appointment_update	Appointment Status Update - APT-9296A8A9	Your appointment (ID: APT-9296A8A9) status has been updated to: Confirmed. Date: 30/05/2025 11:30 AM. Please check your email for details.	\N	pending	2025-05-26 15:17:48.222521+01	\N		0	3	\N	\N	\N	5	3
54	2025-05-26 15:17:48.21897+01	2025-05-26 15:17:50.058408+01	email	appointment_update	Appointment Status Update - APT-9296A8A9		appointment_status_update	sent	2025-05-26 15:17:48.218954+01	2025-05-26 15:17:50.058252+01		0	3	\N	\N	\N	5	3
56	2025-05-26 15:17:50.062447+01	2025-05-26 15:17:50.062558+01	email	appointment_update	Appointment Status Update - APT-9296A8A9		appointment_status_update	pending	2025-05-26 15:17:50.062426+01	\N		0	3	\N	\N	\N	5	3
57	2025-05-26 15:17:50.063919+01	2025-05-26 15:17:50.063992+01	sms	appointment_update	Appointment Status Update - APT-9296A8A9	Your appointment (ID: APT-9296A8A9) status has been updated to: Confirmed. Date: 30/05/2025 11:30 AM. Please check your email for details.	\N	pending	2025-05-26 15:17:50.063908+01	\N		0	3	\N	\N	\N	5	3
58	2025-05-26 15:17:51.685955+01	2025-05-26 15:17:51.686117+01	email	appointment_reminder	Appointment Reminder - APT-9296A8A9		appointment_reminder	pending	2025-05-23 12:30:00+01	\N		0	3	\N	\N	\N	5	3
59	2025-05-26 15:17:51.688257+01	2025-05-26 15:17:51.688336+01	email	appointment_reminder	Appointment Reminder - APT-9296A8A9		appointment_reminder	pending	2025-05-28 12:30:00+01	\N		0	3	\N	\N	\N	5	3
60	2025-05-26 15:17:51.689772+01	2025-05-26 15:17:51.690734+01	sms	appointment_reminder	Appointment Reminder - APT-9296A8A9	Reminder: Your appointment (ID: APT-9296A8A9)\nwith Dr. Ninioritse Great Eruwa\nis on 30/05/2025 at 11:30 AM	appointment_reminder	pending	2025-05-29 12:30:00+01	\N		0	3	\N	\N	\N	5	3
61	2025-05-26 15:17:51.691813+01	2025-05-26 15:17:51.694841+01	sms	appointment_reminder	Appointment Reminder - APT-9296A8A9	Reminder: Your appointment (ID: APT-9296A8A9)\nwith Dr. Ninioritse Great Eruwa\nis on 30/05/2025 at 11:30 AM	appointment_reminder	pending	2025-05-30 10:30:00+01	\N		0	3	\N	\N	\N	5	3
62	2025-05-26 15:17:51.696333+01	2025-05-26 15:17:51.696406+01	email	appointment_accepted	Appointment Accepted - APT-9296A8A9	Dear Bethel Akande,\n\nYour appointment has been accepted by Dr. Ninioritse Great Eruwa at St. Nicholas Hospital (Cardiology) on 2025-05-30 11:30.\n\nAppointment ID: APT-9296A8A9\n	appointment_confirmation	pending	2025-05-26 15:17:51.696354+01	\N		0	3	\N	\N	\N	5	3
64	2025-05-26 15:19:52.187978+01	2025-05-26 15:19:52.18806+01	sms	appointment_update	Appointment Status Update - APT-0D19ABC6	Your appointment (ID: APT-0D19ABC6) status has been updated to: Confirmed. Date: 26/05/2025 04:00 PM. Please check your email for details.	\N	pending	2025-05-26 15:19:52.187965+01	\N		0	3	\N	\N	\N	4	3
63	2025-05-26 15:19:52.184129+01	2025-05-26 15:19:53.941209+01	email	appointment_update	Appointment Status Update - APT-0D19ABC6		appointment_status_update	sent	2025-05-26 15:19:52.184114+01	2025-05-26 15:19:53.9411+01		0	3	\N	\N	\N	4	3
65	2025-05-26 15:19:53.945412+01	2025-05-26 15:19:53.94563+01	email	appointment_update	Appointment Status Update - APT-0D19ABC6		appointment_status_update	pending	2025-05-26 15:19:53.945397+01	\N		0	3	\N	\N	\N	4	3
66	2025-05-26 15:19:53.94751+01	2025-05-26 15:19:53.9476+01	sms	appointment_update	Appointment Status Update - APT-0D19ABC6	Your appointment (ID: APT-0D19ABC6) status has been updated to: Confirmed. Date: 26/05/2025 04:00 PM. Please check your email for details.	\N	pending	2025-05-26 15:19:53.947496+01	\N		0	3	\N	\N	\N	4	3
67	2025-05-26 15:19:55.693377+01	2025-05-26 15:19:55.693544+01	email	appointment_reminder	Appointment Reminder - APT-0D19ABC6		appointment_reminder	pending	2025-05-19 17:00:00+01	\N		0	3	\N	\N	\N	4	3
68	2025-05-26 15:19:55.696985+01	2025-05-26 15:19:55.697074+01	email	appointment_reminder	Appointment Reminder - APT-0D19ABC6		appointment_reminder	pending	2025-05-24 17:00:00+01	\N		0	3	\N	\N	\N	4	3
69	2025-05-26 15:19:55.697969+01	2025-05-26 15:19:55.698745+01	sms	appointment_reminder	Appointment Reminder - APT-0D19ABC6	Reminder: Your appointment (ID: APT-0D19ABC6)\nwith Dr. Ninioritse Great Eruwa\nis on 26/05/2025 at 04:00 PM	appointment_reminder	pending	2025-05-25 17:00:00+01	\N		0	3	\N	\N	\N	4	3
70	2025-05-26 15:19:55.699789+01	2025-05-26 15:19:55.700933+01	sms	appointment_reminder	Appointment Reminder - APT-0D19ABC6	Reminder: Your appointment (ID: APT-0D19ABC6)\nwith Dr. Ninioritse Great Eruwa\nis on 26/05/2025 at 04:00 PM	appointment_reminder	pending	2025-05-26 15:00:00+01	\N		0	3	\N	\N	\N	4	3
71	2025-05-26 15:19:55.70315+01	2025-05-26 15:19:55.703236+01	email	appointment_accepted	Appointment Accepted - APT-0D19ABC6	Dear Bethel Akande,\n\nYour appointment has been accepted by Dr. Ninioritse Great Eruwa at St. Nicholas Hospital (Cardiology) on 2025-05-26 16:00.\n\nAppointment ID: APT-0D19ABC6\n	appointment_confirmation	pending	2025-05-26 15:19:55.703172+01	\N		0	3	\N	\N	\N	4	3
72	2025-05-26 15:20:12.489553+01	2025-05-26 15:20:12.489671+01	email	appointment_cancelled	Appointment Cancelled - APT-0D19ABC6	Dear Bethel Akande,\n\nYour appointment (APT-0D19ABC6) scheduled for May 26, 2025 at 04:00 PM has been cancelled by doctor.\n\nReason: I made a mistake\n\nPlease contact us if you need to reschedule or have any questions.	appointment_cancelled	pending	2025-05-26 15:20:12.489586+01	\N		0	3	\N	\N	\N	4	3
73	2025-05-26 15:20:12.491813+01	2025-05-26 15:20:12.491898+01	sms	appointment_cancelled	Appt Cancelled: APT-0D19ABC6	Your appointment on May 26 has been cancelled. Reason: I made a mistake	\N	pending	2025-05-26 15:20:12.491837+01	\N		0	3	\N	\N	\N	4	3
74	2025-05-26 15:25:25.43039+01	2025-05-26 15:25:25.430497+01	email	booking_confirmation	Appointment Confirmation - APT-C82ECD81		appointment_booking_confirmation	pending	2025-05-26 15:25:25.430431+01	\N		0	3	\N	\N	\N	6	3
75	2025-05-26 15:25:25.432535+01	2025-05-26 15:25:25.432636+01	email	booking_confirmation	Appointment Booking Confirmation - APT-C82ECD81	Dear Bethel Akande,\n\nYour appointment at St. Nicholas Hospital (Cardiology) on 2025-05-31 11:00 has been booked.\n\nAppointment ID: APT-C82ECD81\nStatus: Pending doctor's acceptance\n	appointment_booking_confirmation	pending	2025-05-26 15:25:25.432567+01	\N		0	3	\N	\N	\N	6	3
76	2025-05-26 15:25:25.433568+01	2025-05-26 15:25:25.433637+01	sms	booking_confirmation	Appt Booked: APT-C82ECD81	Appt Booked at St. Nicholas Hospital, May 31, 11:00. ID: APT-C82ECD81. Status: Pending	\N	pending	2025-05-26 15:25:25.433589+01	\N		0	3	\N	\N	\N	6	3
77	2025-05-26 15:25:25.437662+01	2025-05-26 15:25:25.437849+01	email	new_appointment_available	New Appointment Available - APT-C82ECD81	Dear Dr. Ninioritse Great Eruwa,\n\nA new appointment is available in your department:\nDate: 2025-05-31 11:00\nDepartment: Cardiology\nPatient: Bethel Akande\nChief Complaint: Chest - Heart palpitations\n\nPlease review and accept if you are available.	new_appointment_notification	pending	2025-05-26 15:25:25.437691+01	\N		0	3	\N	\N	\N	6	2
78	2025-05-26 15:25:25.439592+01	2025-05-26 15:25:25.439693+01	email	new_appointment_available	New Appointment Available - APT-C82ECD81	Dear Dr. eruwa al-amin,\n\nA new appointment is available in your department:\nDate: 2025-05-31 11:00\nDepartment: Cardiology\nPatient: Bethel Akande\nChief Complaint: Chest - Heart palpitations\n\nPlease review and accept if you are available.	new_appointment_notification	pending	2025-05-26 15:25:25.439623+01	\N		0	3	\N	\N	\N	6	4
80	2025-05-26 15:25:35.670322+01	2025-05-26 15:25:35.670407+01	sms	appointment_update	Appointment Status Update - APT-C82ECD81	Your appointment (ID: APT-C82ECD81) status has been updated to: Confirmed. Date: 31/05/2025 11:00 AM. Please check your email for details.	\N	pending	2025-05-26 15:25:35.670309+01	\N		0	3	\N	\N	\N	6	3
79	2025-05-26 15:25:35.666735+01	2025-05-26 15:25:37.282581+01	email	appointment_update	Appointment Status Update - APT-C82ECD81		appointment_status_update	sent	2025-05-26 15:25:35.666715+01	2025-05-26 15:25:37.282413+01		0	3	\N	\N	\N	6	3
81	2025-05-26 15:25:37.288185+01	2025-05-26 15:25:37.288338+01	email	appointment_update	Appointment Status Update - APT-C82ECD81		appointment_status_update	pending	2025-05-26 15:25:37.288154+01	\N		0	3	\N	\N	\N	6	3
82	2025-05-26 15:25:37.290569+01	2025-05-26 15:25:37.29075+01	sms	appointment_update	Appointment Status Update - APT-C82ECD81	Your appointment (ID: APT-C82ECD81) status has been updated to: Confirmed. Date: 31/05/2025 11:00 AM. Please check your email for details.	\N	pending	2025-05-26 15:25:37.290541+01	\N		0	3	\N	\N	\N	6	3
83	2025-05-26 15:25:38.984749+01	2025-05-26 15:25:38.984929+01	email	appointment_reminder	Appointment Reminder - APT-C82ECD81		appointment_reminder	pending	2025-05-24 12:00:00+01	\N		0	3	\N	\N	\N	6	3
84	2025-05-26 15:25:38.988239+01	2025-05-26 15:25:38.988314+01	email	appointment_reminder	Appointment Reminder - APT-C82ECD81		appointment_reminder	pending	2025-05-29 12:00:00+01	\N		0	3	\N	\N	\N	6	3
85	2025-05-26 15:25:38.990102+01	2025-05-26 15:25:38.990853+01	sms	appointment_reminder	Appointment Reminder - APT-C82ECD81	Reminder: Your appointment (ID: APT-C82ECD81)\nwith Dr. eruwa al-amin\nis on 31/05/2025 at 11:00 AM	appointment_reminder	pending	2025-05-30 12:00:00+01	\N		0	3	\N	\N	\N	6	3
86	2025-05-26 15:25:38.991755+01	2025-05-26 15:25:38.993015+01	sms	appointment_reminder	Appointment Reminder - APT-C82ECD81	Reminder: Your appointment (ID: APT-C82ECD81)\nwith Dr. eruwa al-amin\nis on 31/05/2025 at 11:00 AM	appointment_reminder	pending	2025-05-31 10:00:00+01	\N		0	3	\N	\N	\N	6	3
87	2025-05-26 15:25:38.995185+01	2025-05-26 15:25:38.995253+01	email	appointment_accepted	Appointment Accepted - APT-C82ECD81	Dear Bethel Akande,\n\nYour appointment has been accepted by Dr. eruwa al-amin at St. Nicholas Hospital (Cardiology) on 2025-05-31 11:00.\n\nAppointment ID: APT-C82ECD81\n	appointment_confirmation	pending	2025-05-26 15:25:38.995206+01	\N		0	3	\N	\N	\N	6	3
89	2025-05-26 15:26:05.320664+01	2025-05-26 15:26:05.320779+01	sms	appointment_update	Appointment Status Update - APT-C82ECD81	Your appointment (ID: APT-C82ECD81) status has been updated to: In Progress. Date: 31/05/2025 11:00 AM. Please check your email for details.	\N	pending	2025-05-26 15:26:05.320643+01	\N		0	3	\N	\N	\N	6	3
88	2025-05-26 15:26:05.30939+01	2025-05-26 15:26:06.649859+01	email	appointment_update	Appointment Status Update - APT-C82ECD81		appointment_status_update	sent	2025-05-26 15:26:05.309374+01	2025-05-26 15:26:06.649644+01		0	3	\N	\N	\N	6	3
90	2025-05-26 15:26:06.653449+01	2025-05-26 15:26:06.653591+01	email	appointment_update	Appointment Status Update - APT-C82ECD81		appointment_status_update	pending	2025-05-26 15:26:06.653422+01	\N		0	3	\N	\N	\N	6	3
91	2025-05-26 15:26:06.654685+01	2025-05-26 15:26:06.654759+01	sms	appointment_update	Appointment Status Update - APT-C82ECD81	Your appointment (ID: APT-C82ECD81) status has been updated to: In Progress. Date: 31/05/2025 11:00 AM. Please check your email for details.	\N	pending	2025-05-26 15:26:06.654675+01	\N		0	3	\N	\N	\N	6	3
93	2025-05-26 15:27:28.787054+01	2025-05-26 15:27:28.787195+01	sms	appointment_update	Appointment Status Update - APT-C82ECD81	Your appointment (ID: APT-C82ECD81) status has been updated to: Completed. Date: 31/05/2025 11:00 AM. Please check your email for details.	\N	pending	2025-05-26 15:27:28.787026+01	\N		0	3	\N	\N	\N	6	3
92	2025-05-26 15:27:28.740123+01	2025-05-26 15:27:30.103018+01	email	appointment_update	Appointment Status Update - APT-C82ECD81		appointment_status_update	sent	2025-05-26 15:27:28.740108+01	2025-05-26 15:27:30.102909+01		0	3	\N	\N	\N	6	3
94	2025-05-26 15:27:30.107036+01	2025-05-26 15:27:30.107178+01	email	appointment_update	Appointment Status Update - APT-C82ECD81		appointment_status_update	pending	2025-05-26 15:27:30.107012+01	\N		0	3	\N	\N	\N	6	3
95	2025-05-26 15:27:30.11101+01	2025-05-26 15:27:30.111097+01	sms	appointment_update	Appointment Status Update - APT-C82ECD81	Your appointment (ID: APT-C82ECD81) status has been updated to: Completed. Date: 31/05/2025 11:00 AM. Please check your email for details.	\N	pending	2025-05-26 15:27:30.110994+01	\N		0	3	\N	\N	\N	6	3
96	2025-05-30 17:30:48.083269+01	2025-05-30 17:30:48.08342+01	email	booking_confirmation	Appointment Booking Confirmation - APT-C78BFBB8	Dear eruwa al-amin,\n\nYour appointment at St. Nicholas Hospital (Orthopedics) on 2025-06-03 13:30 has been booked.\n\nAppointment ID: APT-C78BFBB8\nStatus: Pending doctor's acceptance\n	appointment_booking_confirmation	pending	2025-05-30 17:30:48.083316+01	\N		0	3	\N	\N	\N	7	4
97	2025-05-30 17:30:48.089069+01	2025-05-30 17:30:48.089162+01	sms	booking_confirmation	Appt Booked: APT-C78BFBB8	Appt Booked at St. Nicholas Hospital, Jun 03, 13:30. ID: APT-C78BFBB8. Status: Pending	\N	pending	2025-05-30 17:30:48.089103+01	\N		0	3	\N	\N	\N	7	4
98	2025-06-01 16:49:48.754682+01	2025-06-01 16:49:48.754848+01	email	booking_confirmation	Appointment Booking Confirmation - APT-E0123FB8	Dear eruwa al-amin,\n\nYour appointment at St. Nicholas Hospital (Cardiology) on 2025-06-04 10:00 has been booked.\n\nAppointment ID: APT-E0123FB8\nStatus: Pending doctor's acceptance\n	appointment_booking_confirmation	pending	2025-06-01 16:49:48.754736+01	\N		0	3	\N	\N	\N	8	4
99	2025-06-01 16:49:48.757949+01	2025-06-01 16:49:48.758086+01	sms	booking_confirmation	Appt Booked: APT-E0123FB8	Appt Booked at St. Nicholas Hospital, Jun 04, 10:00. ID: APT-E0123FB8. Status: Pending	\N	pending	2025-06-01 16:49:48.758011+01	\N		0	3	\N	\N	\N	8	4
100	2025-06-01 16:49:48.766382+01	2025-06-01 16:49:48.766485+01	email	new_appointment_available	New Appointment Available - APT-E0123FB8	Dear Dr. Ninioritse Great Eruwa,\n\nA new appointment is available in your department:\nDate: 2025-06-04 10:00\nDepartment: Cardiology\nPatient: eruwa al-amin\nChief Complaint: Chest - Chest pain\n\nPlease review and accept if you are available.	new_appointment_notification	pending	2025-06-01 16:49:48.766417+01	\N		0	3	\N	\N	\N	8	2
101	2025-06-01 16:49:48.768556+01	2025-06-01 16:49:48.76864+01	email	new_appointment_available	New Appointment Available - APT-E0123FB8	Dear Dr. eruwa al-amin,\n\nA new appointment is available in your department:\nDate: 2025-06-04 10:00\nDepartment: Cardiology\nPatient: eruwa al-amin\nChief Complaint: Chest - Chest pain\n\nPlease review and accept if you are available.	new_appointment_notification	pending	2025-06-01 16:49:48.768583+01	\N		0	3	\N	\N	\N	8	4
103	2025-06-01 16:53:38.106684+01	2025-06-01 16:53:38.106788+01	sms	appointment_update	Appointment Status Update - APT-E0123FB8	Your appointment (ID: APT-E0123FB8) status has been updated to: Confirmed. Date: 04/06/2025 10:00 AM. Please check your email for details.	\N	pending	2025-06-01 16:53:38.106664+01	\N		0	3	\N	\N	\N	8	4
102	2025-06-01 16:53:38.103822+01	2025-06-01 16:53:40.649337+01	email	appointment_update	Appointment Status Update - APT-E0123FB8		appointment_status_update	sent	2025-06-01 16:53:38.103754+01	2025-06-01 16:53:40.649216+01		0	3	\N	\N	\N	8	4
104	2025-06-01 16:53:40.654211+01	2025-06-01 16:53:40.65434+01	email	appointment_update	Appointment Status Update - APT-E0123FB8		appointment_status_update	pending	2025-06-01 16:53:40.654189+01	\N		0	3	\N	\N	\N	8	4
105	2025-06-01 16:53:40.657422+01	2025-06-01 16:53:40.65751+01	sms	appointment_update	Appointment Status Update - APT-E0123FB8	Your appointment (ID: APT-E0123FB8) status has been updated to: Confirmed. Date: 04/06/2025 10:00 AM. Please check your email for details.	\N	pending	2025-06-01 16:53:40.657409+01	\N		0	3	\N	\N	\N	8	4
106	2025-06-01 16:53:42.711659+01	2025-06-01 16:53:42.711839+01	email	appointment_reminder	Appointment Reminder - APT-E0123FB8		appointment_reminder	pending	2025-05-28 11:00:00+01	\N		0	3	\N	\N	\N	8	4
107	2025-06-01 16:53:42.713331+01	2025-06-01 16:53:42.713419+01	email	appointment_reminder	Appointment Reminder - APT-E0123FB8		appointment_reminder	pending	2025-06-02 11:00:00+01	\N		0	3	\N	\N	\N	8	4
108	2025-06-01 16:53:42.714684+01	2025-06-01 16:53:42.7159+01	sms	appointment_reminder	Appointment Reminder - APT-E0123FB8	Reminder: Your appointment (ID: APT-E0123FB8)\nwith Dr. eruwa al-amin\nis on 04/06/2025 at 10:00 AM	appointment_reminder	pending	2025-06-03 11:00:00+01	\N		0	3	\N	\N	\N	8	4
109	2025-06-01 16:53:42.716916+01	2025-06-01 16:53:42.718795+01	sms	appointment_reminder	Appointment Reminder - APT-E0123FB8	Reminder: Your appointment (ID: APT-E0123FB8)\nwith Dr. eruwa al-amin\nis on 04/06/2025 at 10:00 AM	appointment_reminder	pending	2025-06-04 09:00:00+01	\N		0	3	\N	\N	\N	8	4
110	2025-06-01 16:53:42.720851+01	2025-06-01 16:53:42.720958+01	email	appointment_accepted	Appointment Accepted - APT-E0123FB8	Dear eruwa al-amin,\n\nYour appointment has been accepted by Dr. eruwa al-amin at St. Nicholas Hospital (Cardiology) on 2025-06-04 10:00.\n\nAppointment ID: APT-E0123FB8\n	appointment_confirmation	pending	2025-06-01 16:53:42.720889+01	\N		0	3	\N	\N	\N	8	4
112	2025-06-01 16:57:37.388826+01	2025-06-01 16:57:37.388919+01	sms	appointment_update	Appointment Status Update - APT-E0123FB8	Your appointment (ID: APT-E0123FB8) status has been updated to: In Progress. Date: 04/06/2025 10:00 AM. Please check your email for details.	\N	pending	2025-06-01 16:57:37.38881+01	\N		0	3	\N	\N	\N	8	4
111	2025-06-01 16:57:37.386479+01	2025-06-01 16:57:38.592993+01	email	appointment_update	Appointment Status Update - APT-E0123FB8		appointment_status_update	sent	2025-06-01 16:57:37.386463+01	2025-06-01 16:57:38.592879+01		0	3	\N	\N	\N	8	4
113	2025-06-01 16:57:38.598412+01	2025-06-01 16:57:38.598847+01	email	appointment_update	Appointment Status Update - APT-E0123FB8		appointment_status_update	pending	2025-06-01 16:57:38.598381+01	\N		0	3	\N	\N	\N	8	4
114	2025-06-01 16:57:38.601509+01	2025-06-01 16:57:38.601637+01	sms	appointment_update	Appointment Status Update - APT-E0123FB8	Your appointment (ID: APT-E0123FB8) status has been updated to: In Progress. Date: 04/06/2025 10:00 AM. Please check your email for details.	\N	pending	2025-06-01 16:57:38.601488+01	\N		0	3	\N	\N	\N	8	4
116	2025-06-01 17:00:26.868151+01	2025-06-01 17:00:26.868265+01	sms	appointment_update	Appointment Status Update - APT-E0123FB8	Your appointment (ID: APT-E0123FB8) status has been updated to: Completed. Date: 04/06/2025 10:00 AM. Please check your email for details.	\N	pending	2025-06-01 17:00:26.868134+01	\N		0	3	\N	\N	\N	8	4
115	2025-06-01 17:00:26.865229+01	2025-06-01 17:00:28.223516+01	email	appointment_update	Appointment Status Update - APT-E0123FB8		appointment_status_update	sent	2025-06-01 17:00:26.865197+01	2025-06-01 17:00:28.22338+01		0	3	\N	\N	\N	8	4
117	2025-06-01 17:00:28.227443+01	2025-06-01 17:00:28.227547+01	email	appointment_update	Appointment Status Update - APT-E0123FB8		appointment_status_update	pending	2025-06-01 17:00:28.227427+01	\N		0	3	\N	\N	\N	8	4
118	2025-06-01 17:00:28.228434+01	2025-06-01 17:00:28.228506+01	sms	appointment_update	Appointment Status Update - APT-E0123FB8	Your appointment (ID: APT-E0123FB8) status has been updated to: Completed. Date: 04/06/2025 10:00 AM. Please check your email for details.	\N	pending	2025-06-01 17:00:28.228424+01	\N		0	3	\N	\N	\N	8	4
119	2025-06-05 17:06:45.907215+01	2025-06-05 17:06:45.907371+01	email	booking_confirmation	Appointment Booking Confirmation - APT-4E9D2363	Dear eruwa al-amin,\n\nYour appointment at St. Nicholas Hospital (Cardiology) on 2025-06-06 09:30 has been booked.\n\nAppointment ID: APT-4E9D2363\nStatus: Pending doctor's acceptance\n	appointment_booking_confirmation	pending	2025-06-05 17:06:45.907279+01	\N		0	3	\N	\N	\N	9	4
120	2025-06-05 17:06:45.919101+01	2025-06-05 17:06:45.919239+01	sms	booking_confirmation	Appt Booked: APT-4E9D2363	Appt Booked at St. Nicholas Hospital, Jun 06, 09:30. ID: APT-4E9D2363. Status: Pending	\N	pending	2025-06-05 17:06:45.919167+01	\N		0	3	\N	\N	\N	9	4
121	2025-06-05 17:06:45.92371+01	2025-06-05 17:06:45.923806+01	email	new_appointment_available	New Appointment Available - APT-4E9D2363	Dear Dr. Ninioritse Great Eruwa,\n\nA new appointment is available in your department:\nDate: 2025-06-06 09:30\nDepartment: Cardiology\nPatient: eruwa al-amin\nChief Complaint: Left Hip - Limited mobility\n\nPlease review and accept if you are available.	new_appointment_notification	pending	2025-06-05 17:06:45.923739+01	\N		0	3	\N	\N	\N	9	2
122	2025-06-05 17:06:45.926266+01	2025-06-05 17:06:45.926389+01	email	new_appointment_available	New Appointment Available - APT-4E9D2363	Dear Dr. eruwa al-amin,\n\nA new appointment is available in your department:\nDate: 2025-06-06 09:30\nDepartment: Cardiology\nPatient: eruwa al-amin\nChief Complaint: Left Hip - Limited mobility\n\nPlease review and accept if you are available.	new_appointment_notification	pending	2025-06-05 17:06:45.926301+01	\N		0	3	\N	\N	\N	9	4
124	2025-06-05 17:07:03.929181+01	2025-06-05 17:07:03.929258+01	sms	appointment_update	Appointment Status Update - APT-4E9D2363	Your appointment (ID: APT-4E9D2363) status has been updated to: Confirmed. Date: 06/06/2025 09:30 AM. Please check your email for details.	\N	pending	2025-06-05 17:07:03.929171+01	\N		0	3	\N	\N	\N	9	4
123	2025-06-05 17:07:03.927569+01	2025-06-05 17:07:05.860478+01	email	appointment_update	Appointment Status Update - APT-4E9D2363		appointment_status_update	sent	2025-06-05 17:07:03.927552+01	2025-06-05 17:07:05.860312+01		0	3	\N	\N	\N	9	4
125	2025-06-05 17:07:05.8681+01	2025-06-05 17:07:05.868235+01	email	appointment_update	Appointment Status Update - APT-4E9D2363		appointment_status_update	pending	2025-06-05 17:07:05.868075+01	\N		0	3	\N	\N	\N	9	4
126	2025-06-05 17:07:05.86972+01	2025-06-05 17:07:05.869797+01	sms	appointment_update	Appointment Status Update - APT-4E9D2363	Your appointment (ID: APT-4E9D2363) status has been updated to: Confirmed. Date: 06/06/2025 09:30 AM. Please check your email for details.	\N	pending	2025-06-05 17:07:05.86971+01	\N		0	3	\N	\N	\N	9	4
127	2025-06-05 17:07:07.906038+01	2025-06-05 17:07:07.906288+01	email	appointment_reminder	Appointment Reminder - APT-4E9D2363		appointment_reminder	pending	2025-05-30 10:30:00+01	\N		0	3	\N	\N	\N	9	4
128	2025-06-05 17:07:07.908839+01	2025-06-05 17:07:07.908938+01	email	appointment_reminder	Appointment Reminder - APT-4E9D2363		appointment_reminder	pending	2025-06-04 10:30:00+01	\N		0	3	\N	\N	\N	9	4
129	2025-06-05 17:07:07.910575+01	2025-06-05 17:07:07.911245+01	sms	appointment_reminder	Appointment Reminder - APT-4E9D2363	Reminder: Your appointment (ID: APT-4E9D2363)\nwith Dr. eruwa al-amin\nis on 06/06/2025 at 09:30 AM	appointment_reminder	pending	2025-06-05 10:30:00+01	\N		0	3	\N	\N	\N	9	4
130	2025-06-05 17:07:07.911976+01	2025-06-05 17:07:07.912582+01	sms	appointment_reminder	Appointment Reminder - APT-4E9D2363	Reminder: Your appointment (ID: APT-4E9D2363)\nwith Dr. eruwa al-amin\nis on 06/06/2025 at 09:30 AM	appointment_reminder	pending	2025-06-06 08:30:00+01	\N		0	3	\N	\N	\N	9	4
131	2025-06-05 17:07:07.913805+01	2025-06-05 17:07:07.913878+01	email	appointment_accepted	Appointment Accepted - APT-4E9D2363	Dear eruwa al-amin,\n\nYour appointment has been accepted by Dr. eruwa al-amin at St. Nicholas Hospital (Cardiology) on 2025-06-06 09:30.\n\nAppointment ID: APT-4E9D2363\n	appointment_confirmation	pending	2025-06-05 17:07:07.913826+01	\N		0	3	\N	\N	\N	9	4
133	2025-06-05 17:08:57.512232+01	2025-06-05 17:08:57.512312+01	sms	appointment_update	Appointment Status Update - APT-4E9D2363	Your appointment (ID: APT-4E9D2363) status has been updated to: In Progress. Date: 06/06/2025 09:30 AM. Please check your email for details.	\N	pending	2025-06-05 17:08:57.512221+01	\N		0	3	\N	\N	\N	9	4
132	2025-06-05 17:08:57.509547+01	2025-06-05 17:08:58.748682+01	email	appointment_update	Appointment Status Update - APT-4E9D2363		appointment_status_update	sent	2025-06-05 17:08:57.509528+01	2025-06-05 17:08:58.748425+01		0	3	\N	\N	\N	9	4
134	2025-06-05 17:08:58.758729+01	2025-06-05 17:08:58.758857+01	email	appointment_update	Appointment Status Update - APT-4E9D2363		appointment_status_update	pending	2025-06-05 17:08:58.758707+01	\N		0	3	\N	\N	\N	9	4
135	2025-06-05 17:08:58.761505+01	2025-06-05 17:08:58.761581+01	sms	appointment_update	Appointment Status Update - APT-4E9D2363	Your appointment (ID: APT-4E9D2363) status has been updated to: In Progress. Date: 06/06/2025 09:30 AM. Please check your email for details.	\N	pending	2025-06-05 17:08:58.761495+01	\N		0	3	\N	\N	\N	9	4
137	2025-06-05 17:14:09.271932+01	2025-06-05 17:14:09.272064+01	sms	appointment_update	Appointment Status Update - APT-4E9D2363	Your appointment (ID: APT-4E9D2363) status has been updated to: Referred. Date: 06/06/2025 09:30 AM. Please check your email for details.	\N	pending	2025-06-05 17:14:09.271907+01	\N		0	3	\N	\N	\N	9	4
136	2025-06-05 17:14:09.246951+01	2025-06-05 17:14:10.911339+01	email	appointment_update	Appointment Status Update - APT-4E9D2363		appointment_status_update	sent	2025-06-05 17:14:09.24691+01	2025-06-05 17:14:10.911131+01		0	3	\N	\N	\N	9	4
138	2025-06-05 17:14:10.953578+01	2025-06-05 17:14:10.953737+01	email	appointment_update	Appointment Status Update - APT-4E9D2363		appointment_status_update	pending	2025-06-05 17:14:10.953546+01	\N		0	3	\N	\N	\N	9	4
139	2025-06-05 17:14:10.956456+01	2025-06-05 17:14:10.956562+01	sms	appointment_update	Appointment Status Update - APT-4E9D2363	Your appointment (ID: APT-4E9D2363) status has been updated to: Referred. Date: 06/06/2025 09:30 AM. Please check your email for details.	\N	pending	2025-06-05 17:14:10.956438+01	\N		0	3	\N	\N	\N	9	4
140	2025-06-05 17:14:11.046305+01	2025-06-05 17:14:11.046498+01	email	referral_notification	Appointment Referral - APT-4E9D2363	Dear eruwa al-amin,\n\nYour appointment has been referred to St. Nicholas Hospital department.\nReason for referral: Dying\n\nNew appointment details will be sent shortly.	appointment_referral	pending	2025-06-05 17:14:11.046347+01	\N		0	3	\N	\N	\N	9	4
141	2025-06-06 14:02:29.621628+01	2025-06-06 14:02:29.622364+01	email	booking_confirmation	Appointment Booking Confirmation - APT-E5F6F90E	Dear eruwa al-amin,\n\nYour appointment at St. Nicholas Hospital (Cardiology) on 2025-06-06 15:00 has been booked.\n\nAppointment ID: APT-E5F6F90E\nStatus: Pending doctor's acceptance\n	appointment_booking_confirmation	pending	2025-06-06 14:02:29.621893+01	\N		0	3	\N	\N	\N	11	4
142	2025-06-06 14:02:29.632692+01	2025-06-06 14:02:29.633708+01	sms	booking_confirmation	Appt Booked: APT-E5F6F90E	Appt Booked at St. Nicholas Hospital, Jun 06, 15:00. ID: APT-E5F6F90E. Status: Pending	\N	pending	2025-06-06 14:02:29.632894+01	\N		0	3	\N	\N	\N	11	4
143	2025-06-06 14:02:29.650506+01	2025-06-06 14:02:29.651741+01	email	new_appointment_available	New Appointment Available - APT-E5F6F90E	Dear Dr. Ninioritse Great Eruwa,\n\nA new appointment is available in your department:\nDate: 2025-06-06 15:00\nDepartment: Cardiology\nPatient: eruwa al-amin\nChief Complaint: Face - Swelling\n\nPlease review and accept if you are available.	new_appointment_notification	pending	2025-06-06 14:02:29.650643+01	\N		0	3	\N	\N	\N	11	2
144	2025-06-06 14:02:29.658715+01	2025-06-06 14:02:29.659119+01	email	new_appointment_available	New Appointment Available - APT-E5F6F90E	Dear Dr. eruwa al-amin,\n\nA new appointment is available in your department:\nDate: 2025-06-06 15:00\nDepartment: Cardiology\nPatient: eruwa al-amin\nChief Complaint: Face - Swelling\n\nPlease review and accept if you are available.	new_appointment_notification	pending	2025-06-06 14:02:29.65881+01	\N		0	3	\N	\N	\N	11	4
146	2025-06-06 14:03:32.172338+01	2025-06-06 14:03:32.172708+01	sms	appointment_update	Appointment Status Update - APT-E5F6F90E	Your appointment (ID: APT-E5F6F90E) status has been updated to: Confirmed. Date: 06/06/2025 03:00 PM. Please check your email for details.	\N	pending	2025-06-06 14:03:32.172277+01	\N		0	3	\N	\N	\N	11	4
145	2025-06-06 14:03:32.165369+01	2025-06-06 14:03:34.191341+01	email	appointment_update	Appointment Status Update - APT-E5F6F90E		appointment_status_update	sent	2025-06-06 14:03:32.165286+01	2025-06-06 14:03:34.18972+01		0	3	\N	\N	\N	11	4
147	2025-06-06 14:03:34.211152+01	2025-06-06 14:03:34.211948+01	email	appointment_update	Appointment Status Update - APT-E5F6F90E		appointment_status_update	pending	2025-06-06 14:03:34.210992+01	\N		0	3	\N	\N	\N	11	4
148	2025-06-06 14:03:34.216221+01	2025-06-06 14:03:34.217685+01	sms	appointment_update	Appointment Status Update - APT-E5F6F90E	Your appointment (ID: APT-E5F6F90E) status has been updated to: Confirmed. Date: 06/06/2025 03:00 PM. Please check your email for details.	\N	pending	2025-06-06 14:03:34.216155+01	\N		0	3	\N	\N	\N	11	4
149	2025-06-06 14:03:36.690406+01	2025-06-06 14:03:36.69134+01	email	appointment_reminder	Appointment Reminder - APT-E5F6F90E		appointment_reminder	pending	2025-05-30 16:00:00+01	\N		0	3	\N	\N	\N	11	4
150	2025-06-06 14:03:36.694628+01	2025-06-06 14:03:36.694915+01	email	appointment_reminder	Appointment Reminder - APT-E5F6F90E		appointment_reminder	pending	2025-06-04 16:00:00+01	\N		0	3	\N	\N	\N	11	4
151	2025-06-06 14:03:36.69922+01	2025-06-06 14:03:36.701592+01	sms	appointment_reminder	Appointment Reminder - APT-E5F6F90E	Reminder: Your appointment (ID: APT-E5F6F90E)\nwith Dr. eruwa al-amin\nis on 06/06/2025 at 03:00 PM	appointment_reminder	pending	2025-06-05 16:00:00+01	\N		0	3	\N	\N	\N	11	4
152	2025-06-06 14:03:36.704633+01	2025-06-06 14:03:36.706754+01	sms	appointment_reminder	Appointment Reminder - APT-E5F6F90E	Reminder: Your appointment (ID: APT-E5F6F90E)\nwith Dr. eruwa al-amin\nis on 06/06/2025 at 03:00 PM	appointment_reminder	pending	2025-06-06 14:00:00+01	\N		0	3	\N	\N	\N	11	4
153	2025-06-06 14:03:36.710265+01	2025-06-06 14:03:36.710673+01	email	appointment_accepted	Appointment Accepted - APT-E5F6F90E	Dear eruwa al-amin,\n\nYour appointment has been accepted by Dr. eruwa al-amin at St. Nicholas Hospital (Cardiology) on 2025-06-06 15:00.\n\nAppointment ID: APT-E5F6F90E\n	appointment_confirmation	pending	2025-06-06 14:03:36.710384+01	\N		0	3	\N	\N	\N	11	4
155	2025-06-06 14:29:31.519004+01	2025-06-06 14:29:31.519283+01	sms	appointment_update	Appointment Status Update - APT-E5F6F90E	Your appointment (ID: APT-E5F6F90E) status has been updated to: In Progress. Date: 06/06/2025 03:00 PM. Please check your email for details.	\N	pending	2025-06-06 14:29:31.518962+01	\N		0	3	\N	\N	\N	11	4
154	2025-06-06 14:29:31.512713+01	2025-06-06 14:29:32.996418+01	email	appointment_update	Appointment Status Update - APT-E5F6F90E		appointment_status_update	sent	2025-06-06 14:29:31.512667+01	2025-06-06 14:29:32.995626+01		0	3	\N	\N	\N	11	4
156	2025-06-06 14:29:33.013813+01	2025-06-06 14:29:33.014256+01	email	appointment_update	Appointment Status Update - APT-E5F6F90E		appointment_status_update	pending	2025-06-06 14:29:33.013714+01	\N		0	3	\N	\N	\N	11	4
157	2025-06-06 14:29:33.017765+01	2025-06-06 14:29:33.01817+01	sms	appointment_update	Appointment Status Update - APT-E5F6F90E	Your appointment (ID: APT-E5F6F90E) status has been updated to: In Progress. Date: 06/06/2025 03:00 PM. Please check your email for details.	\N	pending	2025-06-06 14:29:33.017711+01	\N		0	3	\N	\N	\N	11	4
158	2025-06-13 22:16:56.518026+01	2025-06-13 22:16:56.518202+01	email	booking_confirmation	Appointment Booking Confirmation - APT-E2E91719	Dear Ninioritse Great Eruwa,\n\nYour appointment at St. Nicholas Hospital (Orthopedics) on 2025-06-16 13:30 has been booked.\n\nAppointment ID: APT-E2E91719\nStatus: Pending doctor's acceptance\n	appointment_booking_confirmation	pending	2025-06-13 22:16:56.518082+01	\N		0	3	\N	\N	\N	12	2
159	2025-06-13 22:19:24.360891+01	2025-06-13 22:19:24.361092+01	email	booking_confirmation	Appointment Booking Confirmation - APT-E669BADA	Dear Ninioritse Great Eruwa,\n\nYour appointment at St. Nicholas Hospital (Cardiology) on 2025-06-16 11:30 has been booked.\n\nAppointment ID: APT-E669BADA\nStatus: Pending doctor's acceptance\n	appointment_booking_confirmation	pending	2025-06-13 22:19:24.360943+01	\N		0	3	\N	\N	\N	13	2
160	2025-06-13 22:19:24.370009+01	2025-06-13 22:19:24.370126+01	email	new_appointment_available	New Appointment Available - APT-E669BADA	Dear Dr. Ninioritse Great Eruwa,\n\nA new appointment is available in your department:\nDate: 2025-06-16 11:30\nDepartment: Cardiology\nPatient: Ninioritse Great Eruwa\nChief Complaint: Chest - Chest pain\n\nPlease review and accept if you are available.	new_appointment_notification	pending	2025-06-13 22:19:24.370043+01	\N		0	3	\N	\N	\N	13	2
161	2025-06-13 22:19:24.371904+01	2025-06-13 22:19:24.372011+01	email	new_appointment_available	New Appointment Available - APT-E669BADA	Dear Dr. eruwa al-amin,\n\nA new appointment is available in your department:\nDate: 2025-06-16 11:30\nDepartment: Cardiology\nPatient: Ninioritse Great Eruwa\nChief Complaint: Chest - Chest pain\n\nPlease review and accept if you are available.	new_appointment_notification	pending	2025-06-13 22:19:24.371938+01	\N		0	3	\N	\N	\N	13	4
\.


--
-- Data for Name: api_appointmentreminder; Type: TABLE DATA; Schema: public; Owner: medic_db
--

COPY public.api_appointmentreminder (id, reminder_type, scheduled_time, time_before_appointment, status, subject, message, recipient_name, recipient_contact, sent_at, delivery_status, error_message, opened_at, clicked_at, retry_count, max_retries, next_retry_at, created_at, updated_at, appointment_id) FROM stdin;
\.


--
-- Data for Name: api_appointmenttype; Type: TABLE DATA; Schema: public; Owner: medic_db
--

COPY public.api_appointmenttype (id, name, description, is_active, hospital_id) FROM stdin;
\.


--
-- Data for Name: api_bodypartmapping; Type: TABLE DATA; Schema: public; Owner: medic_db
--

COPY public.api_bodypartmapping (id, created_at, updated_at, body_part_id, body_part_name, description, is_active, common_symptoms, severity_threshold, priority_modifier, department_id, escalation_department_id) FROM stdin;
\.


--
-- Data for Name: api_clinicalnote; Type: TABLE DATA; Schema: public; Owner: medic_db
--

COPY public.api_clinicalnote (id, created_at, updated_at, author_role, note_type, note_date, visit_date, title, content, structured_content, encounter_type, location, chief_complaint, diagnoses, status, version, amendment_reason, is_private, nlp_processed, nlp_entities, nlp_concepts, signed, signed_at, cosigned_at, author_id, cosigned_by_id, medical_record_id, previous_version_id, signed_by_id) FROM stdin;
\.


--
-- Data for Name: api_customuser; Type: TABLE DATA; Schema: public; Owner: medic_db
--

COPY public.api_customuser (id, password, last_login, is_superuser, username, first_name, last_name, is_staff, is_active, date_joined, role, date_of_birth, gender, country, state, city, phone, nin, consent_terms, consent_hipaa, consent_data_processing, hpn, is_verified, verification_token, password_reset_token, social_provider, social_id, has_completed_onboarding, is_email_verified, email_verification_token, otp, otp_created_at, otp_required_for_login, email, current_gp_id, gp_practice_id, hospital_id, preferred_language, secondary_languages, custom_language, medical_record_access_token, medical_record_otp, medical_record_otp_created_at, medical_record_token_created_at, ethnicity) FROM stdin;
1	pbkdf2_sha256$720000$16pphT0efShd0ceaaMxEtj$1eL+vF2WUwgW5ASagGp1pBnqhPwNrZ19Dkz1eikh0YU=	\N	t	admin@example.com	Admin	User	t	t	2025-05-23 23:05:57.919507+01	patient	\N	\N	\N	\N	\N	\N	\N	f	f	f	UNK 560 073 0294	f	b7510c1e-893c-4b8d-81cc-99e2d3277e8d	\N	\N	\N	f	f	\N	\N	\N	t	admin@example.com	\N	\N	\N	en	\N	\N	\N	\N	\N	\N	\N
13	pbkdf2_sha256$720000$glB47MmMHoGIjoRgjoKfhj$mx7Gul2wnkYN2yTMeJ2FGqHACv6Y8JV4l9p9YrIyw0Q=	\N	f	admin.abujageneralhospital@example.com	Hospital	Admin (Abuj)	t	t	2025-05-28 00:17:45.917392+01	hospital_admin	\N	\N	\N	\N	\N	\N	\N	f	f	f	UNK 669 239 0362	f	aee9a195-e5e7-4b8a-a481-de5de6528eb1	\N	\N	\N	f	t	\N	\N	\N	t	admin.abujageneralhospital@example.com	\N	\N	\N	en	\N	\N	\N	\N	\N	\N	\N
10	pbkdf2_sha256$720000$ji9e1dOqW5L1BivBlJ1R1V$8qzhkpJDhc/1rE/QlFvNphTRMerFPQiH1aqY6bkm1Q0=	\N	f	admin.st.nicholashospital@example.com	Hospital	Admin (St. )	t	t	2025-05-26 18:39:40.699092+01	hospital_admin	\N	\N	\N	\N	\N	\N	\N	f	f	f	UNK 184 766 5658	f	6656b7a1-ecaa-46fa-9d50-44a18304ed30	\N	\N	\N	f	t	\N	\N	\N	t	info@stnicholas.com	\N	\N	2	en	\N	\N	\N	\N	\N	\N	\N
16	pbkdf2_sha256$720000$Gw9szZbvipU8LkArX2AzH4$dGzTBBaTxek1+sIR/SwUNRej0ZTUg+vkPzJZx3VGvOA=	\N	f	john.doe@example.com	John	Doe	f	t	2025-05-29 07:14:39.460106+01	patient	1990-05-15	\N	\N	\N	\N	+1234567890	\N	f	f	f	UNK 312 192 3646	f	a2dcc272-811a-4dfa-bec8-68ec17002ad3	\N	\N	\N	f	f	\N	\N	\N	t	john.doe@example.com	\N	\N	\N	en	\N	\N	\N	\N	\N	\N	\N
15	pbkdf2_sha256$720000$FpFg2hoPnVNeKyIK4oaaMb$B6mCofJosIe/DyRt0yXGeQ6YQjwBsLCZ/97XSyp12o0=	\N	f	benemapp@gmail.com	Abuja	Admin	t	t	2025-05-28 00:25:32.788092+01	hospital_admin	\N	\N	Nigeria	FCT	Abuja	+2348012345678	\N	t	t	t	ABU 361 215 8680	f	15735d5e-951d-4865-bdbe-43e1ead0f8fd	\N	\N	\N	f	t	\N	\N	\N	t	benemapp@gmail.com	\N	\N	\N	en	\N	\N	\N	\N	\N	\N	\N
12	pbkdf2_sha256$720000$FJltb0d9wu9b9bSszVLLAv$JFZsA/IOnpHvQ/ncD9j9OsLmX4nRCX2ULVAfs97Mde8=	\N	f	benwixzdom@gmail.com	Benem	Wisdom	f	t	2025-05-27 23:57:26.988514+01	patient	2000-09-20	male	nigeria	delta	Ikweaw	+23480354762213	23344556677	t	t	t	IKW 903 422 7271	f	f73a4097-e901-4281-b064-8ba83f6a814a	\N	\N	\N	f	t	\N	\N	\N	t	benwixzdom@gmail.com	\N	\N	\N	yoruba	['hausa', 'english']	\N	\N	\N	\N	\N	\N
19	pbkdf2_sha256$720000$ridkTtOgnOWU3senWPbp4g$/WBZRuzR2Sx0FLgzomcisNUIWzgGHC29t0DP9q2AeZ4=	\N	f	john.doe.87750e49_b3fa8b51	John	Doe	f	t	2025-05-29 07:16:13.862342+01	patient	1990-05-15	\N	\N	\N	\N	+1234567890	\N	f	f	f	UNK 303 423 2866	f	8d9b350d-9d35-475c-a47d-e8f60ec6de17	\N	\N	\N	f	f	\N	\N	\N	t	john.doe.87750e49@example.com	\N	\N	\N	en	\N	\N	\N	\N	\N	\N	\N
20	pbkdf2_sha256$720000$9QIHA9XMs3uLEFwkKIQv5L$zHI4suH75re5QiEE5KxrOh5AI6ygbx4mdgiEiaq70Eg=	\N	f	john.doe.a94e48cc_83e45a6c	John	Doe	f	t	2025-05-29 07:20:59.618967+01	patient	1990-05-15	\N	\N	\N	Lagos	+1234567890	\N	f	f	f	UNK 195 400 8119	f	3c29dbda-e09c-4a5c-972a-9ae77e360645	\N	\N	\N	f	f	\N	\N	\N	t	john.doe.a94e48cc@example.com	\N	\N	\N	en	\N	\N	\N	\N	\N	\N	\N
21	pbkdf2_sha256$720000$JuKrSCuTyjuFvYqWgf2rxS$PqfIJ+uXhMeK8C/3O9d1zumrjCYSPqeYcRqM+G3qBHk=	\N	f	john.doe.ce734fde_1dc56d67	John	Doe	f	t	2025-05-29 07:25:06.712573+01	patient	1990-05-15	\N	\N	\N	Lagos	+1234567890	\N	f	f	f	LAG 332 345 1480	f	4d7c2ee2-d229-480d-9c14-e8a42cecec54	\N	\N	\N	f	f	\N	\N	\N	t	john.doe.ce734fde@example.com	\N	\N	\N	en	\N	\N	\N	\N	\N	\N	\N
22	pbkdf2_sha256$720000$UNTzQdP6vjmY4V6pnY16QG$pT0CLXekSeIauvNgtWupS+LGh0j8TZyV+q4q6aw2U9Y=	\N	f	john.doe.b0117ecc_9cdc4e4b	John	Doe	f	t	2025-05-29 07:29:29.01337+01	patient	1990-05-15	\N	\N	\N	Lagos	+1234567890	\N	f	f	f	LAG 211 866 3593	f	2ba27050-b30a-49ee-a421-dcb840af0af5	\N	\N	\N	f	f	\N	\N	\N	t	john.doe.b0117ecc@example.com	\N	\N	\N	en	\N	\N	\N	\N	\N	\N	\N
32	pbkdf2_sha256$720000$DjztC58Hg84jFVMWE6cwX3$u4P3kJjRoj0uQg+aaYaAoX/YbqQK9c+/ZbG63AdhYoE=	\N	f	admin.testhospital2@example.com	Hospital	Admin (Test)	t	t	2025-06-05 18:43:05.032914+01	hospital_admin	\N	\N	\N	\N	\N	\N	\N	f	f	f	UNK 107 781 8239	f	682a99d5-9a8d-4b22-a9d2-51526a52e3f1	\N	\N	\N	f	t	\N	\N	\N	t	test2@hospital.com	\N	\N	\N	en	\N	\N	\N	\N	\N	\N	\N
33		\N	f	doctor2@test.com	Test	Doctor	f	t	2025-06-05 18:43:06.637596+01	doctor	\N	\N	\N	\N	\N	\N	\N	f	f	f	UNK 608 589 9337	f	3c260d37-e126-4fe8-b62a-eaec9dc58c21	\N	\N	\N	f	f	\N	\N	\N	t	doctor2@test.com	\N	\N	\N	en	\N	\N	\N	\N	\N	\N	\N
23	pbkdf2_sha256$720000$ZFNnQADXf5K9gJjFijPaT0$SL2u4SW8JdXTTtkFqrP3yNJ5pqYJqVdA3DGsKAUogys=	\N	f	laminu_maina@icloud.com	Al-amin	Maina	f	t	2025-05-30 20:48:50.261371+01	patient	2005-02-02	male	nigeria	akwa-ibom	Bristol	+2349081829855	12233212232	t	t	t	BRI 266 749 6362	f	ba4c7c41-3b8e-46bf-a4f3-4239910701bc	\N	\N	\N	f	f	1375253e-e5bb-47ec-ae5f-6fbc3bbbbcfc	\N	\N	t	laminu_maina@icloud.com	\N	\N	\N	english	['yoruba', 'igbo']	\N	\N	\N	\N	\N	\N
3	pbkdf2_sha256$720000$n55kO0DLsY3iFEPU3Jfsvp$pSrvBTquAMk8YBwvflMs/XJL22IUXD8lTnpejBsz7+g=	\N	f	bethelakande@gmail.com	Bethel	Akande	f	t	2025-05-23 23:17:35.710576+01	patient	2007-03-20	male	nigeria	oyo	Ogbomosho	+447827188296	12345678901	t	t	t	OGB 295 047 5384	f	84044127-0590-456e-bbc4-a5adfcbac94c	\N	\N	\N	t	t	\N	863239	2025-06-10 10:10:16.200493+01	t	bethelakande@gmail.com	\N	\N	\N	english	['yoruba', 'igbo']	\N	F3PAQnVNlyT9nY4cQWAvvUvpCgfG5msi	\N	\N	2025-05-26 12:24:41.027667+01	\N
26	pbkdf2_sha256$720000$y4z4YNvohE4bjYkEBvHI6X$HEfvjfh/WfM/TgyBduDR87T09BU9PxVLAR81TN/q48s=	\N	t	admin@test.com			t	t	2025-06-05 18:36:46.533577+01	patient	\N	\N	\N	\N	\N	\N	\N	f	f	f	UNK 475 868 4236	f	52d0c733-b2ae-443c-9be7-116a24387262	\N	\N	\N	f	f	\N	\N	\N	t	admin@test.com	\N	\N	\N	en	\N	\N	\N	\N	\N	\N	\N
27	pbkdf2_sha256$720000$5jJYZgMVLUXLQiOWZRBnjM$FCzdTL9mQIX2/chR6h6BDIYoNfORtIMgJg193RoVTaI=	\N	f	admin.testhospital@example.com	Hospital	Admin (Test)	t	t	2025-06-05 18:41:39.898884+01	hospital_admin	\N	\N	\N	\N	\N	\N	\N	f	f	f	UNK 621 097 8829	f	cd6de09f-f142-435b-824a-4821e6ab3179	\N	\N	\N	f	t	\N	\N	\N	t	test@hospital.com	\N	\N	\N	en	\N	\N	\N	\N	\N	\N	\N
28		\N	f	doctor@test.com	Test	Doctor	f	t	2025-06-05 18:41:41.47526+01	doctor	\N	\N	\N	\N	\N	\N	\N	f	f	f	UNK 332 119 7155	f	243a6f86-bd9b-479e-93ca-6478d6bf3b1a	\N	\N	\N	f	f	\N	\N	\N	t	doctor@test.com	\N	\N	\N	en	\N	\N	\N	\N	\N	\N	\N
35	pbkdf2_sha256$720000$04oLatSGBoS95Dqd15TaOg$2W5du9B5oJ661Q6dIihtNGJ2HKZLWF+evL2VKjTeboA=	\N	f	admin.testhospital3@example.com	Hospital	Admin (Test)	t	t	2025-06-05 18:44:10.749934+01	hospital_admin	\N	\N	\N	\N	\N	\N	\N	f	f	f	UNK 145 458 7248	f	b617fe78-abd4-42a7-b2a5-2ab2123bbb3c	\N	\N	\N	f	t	\N	\N	\N	t	test3@hospital.com	\N	\N	\N	en	\N	\N	\N	\N	\N	\N	\N
36		\N	f	doctor3@test.com	Test	Doctor	f	t	2025-06-05 18:44:12.369762+01	doctor	\N	\N	\N	\N	\N	\N	\N	f	f	f	UNK 143 697 0043	f	5ee06efe-d7d0-4a7b-a058-5c2e9fb80680	\N	\N	\N	f	f	\N	\N	\N	t	doctor3@test.com	\N	\N	\N	en	\N	\N	\N	\N	\N	\N	\N
38	pbkdf2_sha256$720000$7ixG2l8LL2fAdM7ogC5yCl$VV/bLWxEHfyghC6a0n3GdRm3DvelTkk+6dReKd7NE7A=	\N	f	admin.testhospital14fc7f51@example.com	Hospital	Admin (Test)	t	t	2025-06-05 18:44:58.941656+01	hospital_admin	\N	\N	\N	\N	\N	\N	\N	f	f	f	UNK 221 307 7249	f	a91bdfdc-c1bf-40de-9099-18e76adee87a	\N	\N	\N	f	t	\N	\N	\N	t	test1db866c2@hospital.com	\N	\N	\N	en	\N	\N	\N	\N	\N	\N	\N
39		\N	f	doctor3792e0f7@test.com	Test	Doctor	f	t	2025-06-05 18:45:00.771194+01	doctor	\N	\N	\N	\N	\N	\N	\N	f	f	f	UNK 249 350 7258	f	9e87f08f-588a-440f-b9f3-ecfb53251c17	\N	\N	\N	f	f	\N	\N	\N	t	doctor3792e0f7@test.com	\N	\N	\N	en	\N	\N	\N	\N	\N	\N	\N
11	pbkdf2_sha256$720000$HvU87w6fo6TesIdtPpfVTp$kSuAd2KN/veSODKYDvYqlUg81fWRO+KywtovWyKY824=	2025-06-05 21:51:33.122593+01	f	admin.stnicholas65@example.com	Hospital	Admin (St.)	t	t	2025-05-26 18:43:44.359275+01	hospital_admin	\N	\N	\N	\N	\N	\N	\N	f	f	f	UNK 105 719 4906	f	309f612c-0cb1-42f3-a0e7-a22d269df546	\N	\N	\N	f	t	\N	040944	2025-05-28 18:19:13.899231+01	t	admin.stnicholas65@example.com	\N	\N	2	en	\N	\N	\N	\N	\N	\N	\N
4	pbkdf2_sha256$720000$6hkYKX4caNDIEshPNyx2Pl$lonGJv0+rfkkFTB0whyyFOHuwwe9RWNUJHfE8lot7TQ=	\N	f	eruwagolden@gmail.com	eruwa	al-amin	f	t	2025-05-26 14:27:13.290073+01	doctor	1989-03-10	female	nigeria	oyo	Ogbomosho	+4407827188296	09876543210	t	t	t	OGB 528 966 7838	f	e153d151-c59e-4902-9f37-75b41a1a29c3	\N	\N	\N	t	t	\N	\N	\N	t	eruwagolden@gmail.com	\N	\N	\N	english	['igbo', 'yoruba']	\N	q9akfcUayLzJIrz9FqIJCoOalk0tm7M6	\N	\N	2025-06-14 00:41:29.376643+01	\N
2	pbkdf2_sha256$720000$OuVOIvXXTzuVSrAEk0bIVL$8qJZFfroPtSRURDWZuoEc4TxqD3GnnqALPS/WT0SAAc=	\N	f	eruwagolden55@gmail.com	Ninioritse	Great Eruwa	f	t	2025-05-23 23:06:18.04745+01	doctor	\N	\N	\N	\N	\N	\N	\N	f	f	f	UNK 619 468 1016	t	804bd8e2-aa06-4753-bdad-486f3598f5dc	\N	\N	\N	t	t	\N	\N	\N	t	eruwagolden55@gmail.com	\N	\N	2	en	\N	\N	cf5NAhhIWGX758G7SuQINwK6H7EVWzfk	\N	\N	2025-06-14 08:38:51.315826+01	\N
40	pbkdf2_sha256$720000$krXEKA1ueGPinZkE006IBQ$1L4WecCeDEpJZ3buctX54/EuVusEt2H3U00DNLfm45E=	\N	f	admin.stnicholas@example.com	Hospital	Admin	t	t	2025-06-05 19:03:37.045192+01	hospital_admin	1980-01-01	M	Nigeria	Lagos	Lagos	+2347012345678	\N	t	t	t	LAG 223 365 9723	f	19694675-7de4-45f8-85f3-996e691fa8ce	\N	\N	\N	f	t	\N	\N	\N	t	admin.stnicholas@example.com	\N	\N	\N	english	['yoruba', 'igbo']		\N	\N	\N	\N	\N
41	pbkdf2_sha256$720000$13derasCNzjGJwE6nW40IT$wPsLFUJ0XgCRUoSD5wGgS3IXH8KHGL1kuDiZ8IjTBKM=	\N	f	john.doe.3917b856_c701a869	John	Doe	f	t	2025-06-05 19:26:47.550016+01	patient	1990-05-15	\N	\N	\N	Lagos	+1234567890	\N	f	f	f	LAG 338 630 7031	f	de3590c4-1a61-46ec-acd7-e6525c5feb43	\N	\N	\N	f	f	\N	\N	\N	t	john.doe.3917b856@example.com	\N	\N	\N	en	\N	\N	\N	\N	\N	\N	\N
42	pbkdf2_sha256$720000$3MvnOwqmG4WooQUBVv72Lq$lLasopnRT3jhzFErcYQ1b2+UxrBNIG9V5BedU02t7EY=	2025-06-13 22:07:19.607681+01	t	test1234@gmail.com	admin	admin	t	t	2025-06-13 22:06:40.167838+01	patient	\N	\N	\N	\N	\N	\N	\N	f	f	f	UNK 194 784 1518	f	e3f14885-aaeb-45da-8332-2b161a25b7e1	\N	\N	\N	f	f	\N	\N	\N	t	test1234@gmail.com	\N	\N	\N	en	\N	\N	\N	\N	\N	\N	\N
\.


--
-- Data for Name: api_customuser_groups; Type: TABLE DATA; Schema: public; Owner: medic_db
--

COPY public.api_customuser_groups (id, customuser_id, group_id) FROM stdin;
\.


--
-- Data for Name: api_customuser_user_permissions; Type: TABLE DATA; Schema: public; Owner: medic_db
--

COPY public.api_customuser_user_permissions (id, customuser_id, permission_id) FROM stdin;
\.


--
-- Data for Name: api_department; Type: TABLE DATA; Schema: public; Owner: medic_db
--

COPY public.api_department (id, created_at, updated_at, name, code, department_type, description, is_active, floor_number, wing, extension_number, emergency_contact, email, is_24_hours, operating_hours, total_beds, occupied_beds, icu_beds, occupied_icu_beds, bed_capacity, current_patient_count, minimum_staff_required, current_staff_count, recommended_staff_ratio, annual_budget, budget_year, budget_utilized, equipment_budget, staff_budget, appointment_duration, max_daily_appointments, requires_referral, hospital_id) FROM stdin;
8	2025-05-28 00:21:10.136294+01	2025-05-28 00:21:10.136821+01	Emergency	EMG-ABJ		Emergency Department at Abuja General Hospital	t						f	{}	0	0	0	0	0	0	3	5	1	\N	\N	0.00	\N	\N	30	50	f	4
9	2025-05-28 00:21:10.144517+01	2025-05-28 00:21:10.14462+01	Cardiology	CAR-ABJ		Cardiology Department at Abuja General Hospital	t						f	{}	0	0	0	0	0	0	2	4	1	\N	\N	0.00	\N	\N	30	50	f	4
10	2025-05-28 00:21:10.146675+01	2025-05-28 00:21:10.146769+01	Neurology	NEU-ABJ		Neurology Department at Abuja General Hospital	t						f	{}	0	0	0	0	0	0	2	3	1	\N	\N	0.00	\N	\N	30	50	f	4
11	2025-05-28 00:21:10.148435+01	2025-05-28 00:21:10.148516+01	Pediatrics	PED-ABJ		Pediatrics Department at Abuja General Hospital	t						f	{}	0	0	0	0	0	0	3	4	1	\N	\N	0.00	\N	\N	30	50	f	4
12	2025-05-28 20:51:55.703059+01	2025-05-28 20:51:55.70483+01	Neurology	NEUR-002	medical	Specializes in disorders of the nervous system	t	4	east	3000	9000	neurology@st.nicholashospital.com	f	{"friday": {"end": "17:00", "start": "08:00"}, "monday": {"end": "17:00", "start": "08:00"}, "sunday": {"end": "14:00", "start": "10:00"}, "tuesday": {"end": "17:00", "start": "08:00"}, "saturday": {"end": "13:00", "start": "09:00"}, "thursday": {"end": "17:00", "start": "08:00"}, "wednesday": {"end": "17:00", "start": "08:00"}}	20	0	5	0	25	0	4	5	1.5	500000.00	\N	0.00	\N	\N	45	50	t	2
13	2025-05-28 20:51:55.719905+01	2025-05-28 20:51:55.720054+01	Orthopedics	ORTH-003	surgical	Specializes in musculoskeletal system - bones, joints, ligaments, tendons, muscles	t	2	west	3001	9001	orthopedics@st.nicholashospital.com	f	{"friday": {"end": "17:00", "start": "08:00"}, "monday": {"end": "17:00", "start": "08:00"}, "sunday": {"end": "14:00", "start": "10:00"}, "tuesday": {"end": "17:00", "start": "08:00"}, "saturday": {"end": "13:00", "start": "09:00"}, "thursday": {"end": "17:00", "start": "08:00"}, "wednesday": {"end": "17:00", "start": "08:00"}}	30	0	0	0	30	0	6	7	1.5	500000.00	\N	0.00	\N	\N	30	50	f	2
16	2025-05-28 20:51:55.723192+01	2025-05-28 20:51:55.723322+01	Radiology	RADI-006	radiology	Diagnostic imaging services including X-ray, CT, MRI	t	2	east	3004	9004	radiology@st.nicholashospital.com	f	{"friday": {"end": "17:00", "start": "08:00"}, "monday": {"end": "17:00", "start": "08:00"}, "sunday": {"end": "14:00", "start": "10:00"}, "tuesday": {"end": "17:00", "start": "08:00"}, "saturday": {"end": "13:00", "start": "09:00"}, "thursday": {"end": "17:00", "start": "08:00"}, "wednesday": {"end": "17:00", "start": "08:00"}}	0	0	0	0	0	0	4	5	1.5	500000.00	\N	0.00	\N	\N	20	50	t	2
17	2025-05-28 20:51:55.724626+01	2025-05-28 20:51:55.724693+01	Clinical Laboratory	CLAB-007	laboratory	Performs tests on clinical specimens for diagnosis	t	1	south	3005	9005	laboratory@st.nicholashospital.com	t	{"friday": {"end": "23:59", "start": "00:00"}, "monday": {"end": "23:59", "start": "00:00"}, "sunday": {"end": "23:59", "start": "00:00"}, "tuesday": {"end": "23:59", "start": "00:00"}, "saturday": {"end": "23:59", "start": "00:00"}, "thursday": {"end": "23:59", "start": "00:00"}, "wednesday": {"end": "23:59", "start": "00:00"}}	0	0	0	0	0	0	5	6	1.5	500000.00	\N	0.00	\N	\N	15	50	t	2
18	2025-05-28 20:51:55.725682+01	2025-05-28 20:51:55.725745+01	Pharmacy	PHAR-008	pharmacy	Dispenses medications and provides pharmaceutical care	t	1	central	3006	9006	pharmacy@st.nicholashospital.com	t	{"friday": {"end": "23:59", "start": "00:00"}, "monday": {"end": "23:59", "start": "00:00"}, "sunday": {"end": "23:59", "start": "00:00"}, "tuesday": {"end": "23:59", "start": "00:00"}, "saturday": {"end": "23:59", "start": "00:00"}, "thursday": {"end": "23:59", "start": "00:00"}, "wednesday": {"end": "23:59", "start": "00:00"}}	0	0	0	0	0	0	3	4	1.5	500000.00	\N	0.00	\N	\N	10	50	f	2
15	2025-05-28 20:51:55.722168+01	2025-06-03 13:24:57.018902+01	Pediatrics	PEDI-005	medical	Medical care for infants, children, and adolescents	t	5	south	3003	9003	pediatrics@st.nicholashospital.com	f	{"friday": {"end": "17:00", "start": "08:00"}, "monday": {"end": "17:00", "start": "08:00"}, "sunday": {"end": "14:00", "start": "10:00"}, "tuesday": {"end": "17:00", "start": "08:00"}, "saturday": {"end": "13:00", "start": "09:00"}, "thursday": {"end": "17:00", "start": "08:00"}, "wednesday": {"end": "17:00", "start": "08:00"}}	35	0	10	0	45	0	8	9	1.5	500000.00	\N	0.00	\N	\N	25	50	f	2
14	2025-05-28 20:51:55.721204+01	2025-06-05 19:26:47.892983+01	Emergency Department	EMER-004	emergency	Provides immediate care for acute illnesses and injuries	t	1	central	3002	9002	emergency@st.nicholashospital.com	t	{"friday": {"end": "23:59", "start": "00:00"}, "monday": {"end": "23:59", "start": "00:00"}, "sunday": {"end": "23:59", "start": "00:00"}, "tuesday": {"end": "23:59", "start": "00:00"}, "saturday": {"end": "23:59", "start": "00:00"}, "thursday": {"end": "23:59", "start": "00:00"}, "wednesday": {"end": "23:59", "start": "00:00"}}	15	0	5	0	20	0	10	11	1.5	500000.00	\N	0.00	\N	\N	0	50	f	2
7	2025-05-24 01:36:35.929785+01	2025-06-14 00:57:12.409326+01	Cardiology	CARD-002	medical	Specializes in diagnosis and treatment of heart conditions	t	5	north	3001	3911	cardiology@testhospital.com	t	{"friday": {"end": "23:59", "start": "00:00"}, "monday": {"end": "23:59", "start": "00:00"}, "sunday": {"end": "23:59", "start": "00:00"}, "tuesday": {"end": "23:59", "start": "00:00"}, "saturday": {"end": "23:59", "start": "00:00"}, "thursday": {"end": "23:59", "start": "00:00"}, "wednesday": {"end": "23:59", "start": "00:00"}}	20	5	5	0	25	5	4	5	1.5	500000.00	\N	0.00	\N	\N	30	40	t	2
20	2025-05-28 20:51:55.728327+01	2025-05-28 20:51:55.728388+01	Intensive Care Unit	ICU-010	critical_care	Specialized care for patients with severe and life-threatening illnesses	t	3	central	3008	9008	icu@st.nicholashospital.com	t	{"friday": {"end": "23:59", "start": "00:00"}, "monday": {"end": "23:59", "start": "00:00"}, "sunday": {"end": "23:59", "start": "00:00"}, "tuesday": {"end": "23:59", "start": "00:00"}, "saturday": {"end": "23:59", "start": "00:00"}, "thursday": {"end": "23:59", "start": "00:00"}, "wednesday": {"end": "23:59", "start": "00:00"}}	0	0	20	0	20	0	12	13	1.5	500000.00	\N	0.00	\N	\N	0	50	t	2
21	2025-06-05 18:41:41.469106+01	2025-06-05 18:41:41.469302+01	Emergency				t	1		101			f	{}	0	0	0	0	0	0	5	10	1	\N	\N	0.00	\N	\N	30	50	f	5
23	2025-06-05 18:42:02.998691+01	2025-06-05 18:42:02.998863+01	Emergency	EMR			t	1		101			f	{}	0	0	0	0	0	0	5	10	1	\N	\N	0.00	\N	\N	30	50	f	7
24	2025-06-05 18:43:06.630352+01	2025-06-05 18:43:06.630553+01	Emergency	EMR2			t	1		101			f	{}	0	0	0	0	0	0	5	10	1	\N	\N	0.00	\N	\N	30	50	f	8
26	2025-06-05 18:44:12.281008+01	2025-06-05 18:44:12.281214+01	Emergency	EMR3			t	1		101			f	{}	0	0	0	0	0	0	5	10	1	\N	\N	0.00	\N	\N	30	50	f	10
28	2025-06-05 18:45:00.768928+01	2025-06-05 18:45:00.769135+01	Emergency	EMRf66d3133			t	1		101			f	{}	0	0	0	0	0	0	5	10	1	\N	\N	0.00	\N	\N	30	50	f	12
19	2025-05-28 20:51:55.72659+01	2025-06-05 19:21:52.840407+01	Obstetrics & Gynecology	OBGY-009	medical	Women's health and childbirth	t	4	north	3007	9007	obstetrics@st.nicholashospital.com	t	{"friday": {"end": "23:59", "start": "00:00"}, "monday": {"end": "23:59", "start": "00:00"}, "sunday": {"end": "23:59", "start": "00:00"}, "tuesday": {"end": "23:59", "start": "00:00"}, "saturday": {"end": "23:59", "start": "00:00"}, "thursday": {"end": "23:59", "start": "00:00"}, "wednesday": {"end": "23:59", "start": "00:00"}}	25	1	5	0	30	1	7	8	1.5	500000.00	\N	0.00	\N	\N	30	50	f	2
\.


--
-- Data for Name: api_departmentemergency; Type: TABLE DATA; Schema: public; Owner: medic_db
--

COPY public.api_departmentemergency (id, reason, required_staff, declared_at, resolved_at, is_active, department_id) FROM stdin;
\.


--
-- Data for Name: api_doctor; Type: TABLE DATA; Schema: public; Owner: medic_db
--

COPY public.api_doctor (id, specialization, medical_license_number, license_expiry_date, years_of_experience, qualifications, board_certifications, is_active, status, available_for_appointments, consultation_hours_start, consultation_hours_end, consultation_days, max_daily_appointments, appointment_duration, surgical_subspecialty, research_interests, publications, languages_spoken, medical_school, graduation_year, office_phone, office_location, emergency_contact, is_verified, verification_documents, created_at, updated_at, department_id, user_id, hospital_id, chronic_care_experience, complex_case_rating, continuity_of_care_rating, expertise_codes, primary_expertise_codes) FROM stdin;
2	Cardiology	MED-ERUWA	2030-05-23	5	["MD", "MBBS", "PhD"]	Board Certified in Cardiology	t	active	t	09:00:00	17:00:00	Monday,Tuesday,Wednesday,Thursday,Friday	20	30	\N	\N	\N	English	Lagos Medical School	2015	+2347012345678	2nd Floor, Cardiology Wing	+2347012345678	t		2025-05-24 01:53:53.884061+01	2025-05-24 01:53:53.884071+01	7	2	2	t	4.5	4.8	[]	[]
5	Cardiologist	MD-123456	2030-12-31	10	{"degrees": ["MD", "Fellowship in Cardiology"]}	\N	t	active	t	09:00:00	17:00:00	monday,tuesday,wednesday,thursday,friday,saturday	20	30	\N	\N	\N	\N	\N	\N	\N	\N	\N	t	\N	2025-05-26 14:50:04.424309+01	2025-05-26 14:50:04.424309+01	7	4	2	t	4.5	4.7	[]	[]
8	Emergency Medicine	MED808d44d3	2026-06-05	5	[]	\N	t	active	t	\N	\N		20	30	\N	\N	\N	\N	\N	\N	\N	\N	\N	f		2025-06-05 18:45:00.774089+01	2025-06-05 18:45:00.774093+01	\N	39	12	f	0	0	[]	[]
\.


--
-- Data for Name: api_doctorinteraction; Type: TABLE DATA; Schema: public; Owner: medic_db
--

COPY public.api_doctorinteraction (id, interaction_date, interaction_type, patient_rating, doctor_notes, communication_issues, communication_notes, doctor_id, medical_record_id) FROM stdin;
1	2025-01-14 01:52:56.450225+00	follow_up	4	Patient is maintaining excellent health. No concerns.	f	\N	2	9
2	2024-10-14 02:52:56.452565+01	consultation	5	Patient is maintaining excellent health. No concerns.	f	\N	2	9
3	2025-03-01 01:52:56.453465+00	appointment	4	Routine check-up shows all parameters within normal range.	f	\N	2	9
4	2025-05-02 02:52:56.45523+01	appointment	4	Excellent progress on preventative health measures.	f	\N	2	9
5	2025-01-03 01:52:56.456225+00	consultation	5	Routine check-up shows all parameters within normal range.	f	\N	2	9
6	2024-11-25 01:52:56.456884+00	appointment	4	Patient is maintaining excellent health. No concerns.	f	\N	2	9
7	2024-07-01 02:52:56.457401+01	appointment	5	Excellent progress on preventative health measures.	f	\N	2	9
8	2024-12-27 01:52:56.457851+00	follow_up	4	Patient follows all health recommendations diligently.	f	\N	2	9
9	2025-03-05 01:52:56.458257+00	appointment	4	Patient is maintaining excellent health. No concerns.	f	\N	2	9
10	2024-11-18 01:52:56.459507+00	follow_up	4	Excellent progress on preventative health measures.	f	\N	2	9
\.


--
-- Data for Name: api_documentaccesslog; Type: TABLE DATA; Schema: public; Owner: medic_db
--

COPY public.api_documentaccesslog (id, action, ip_address, user_agent, success, error_message, additional_data, "timestamp", user_id, document_id) FROM stdin;
52	upload	127.0.0.1		t		{"file_size": 1097020, "virus_clean": true, "security_score": 100}	2025-06-13 19:07:27.26991+01	4	14
53	upload	127.0.0.1		t		{"file_size": 70777, "virus_clean": true, "security_score": 100}	2025-06-13 19:07:27.276498+01	4	15
54	upload	127.0.0.1		t		{"file_size": 3081911, "virus_clean": true, "security_score": 100}	2025-06-13 19:07:27.310331+01	4	16
55	upload	127.0.0.1		t		{"file_size": 2403852, "virus_clean": true, "security_score": 100}	2025-06-13 19:07:27.336778+01	4	17
56	upload	127.0.0.1		t		{"file_size": 67188, "virus_clean": true, "security_score": 100}	2025-06-13 19:07:27.339811+01	4	18
57	upload	127.0.0.1		t		{"file_size": 234247, "virus_clean": true, "security_score": 100}	2025-06-13 19:07:27.34547+01	4	19
58	upload	127.0.0.1		t		{"file_size": 323359, "virus_clean": true, "security_score": 100}	2025-06-13 19:07:27.351183+01	4	20
59	view	0.0.0.0		t		{}	2025-06-13 19:07:42.003065+01	4	14
60	view	0.0.0.0		t		{}	2025-06-13 19:10:20.51611+01	4	15
61	view	0.0.0.0		t		{}	2025-06-13 19:10:24.38996+01	4	16
62	upload	127.0.0.1		t		{"file_size": 234247, "virus_clean": true, "security_score": 100}	2025-06-13 19:11:05.915366+01	4	21
63	upload	127.0.0.1		t		{"file_size": 323359, "virus_clean": true, "security_score": 100}	2025-06-13 19:11:05.924079+01	4	22
64	upload	127.0.0.1		t		{"file_size": 498494, "virus_clean": true, "security_score": 100}	2025-06-13 19:11:05.930771+01	4	23
65	upload	127.0.0.1		t		{"file_size": 151809, "virus_clean": true, "security_score": 100}	2025-06-13 19:11:05.935514+01	4	24
66	upload	127.0.0.1		t		{"file_size": 2403852, "virus_clean": true, "security_score": 100}	2025-06-13 22:01:52.443611+01	2	25
67	view	0.0.0.0		t		{}	2025-06-13 22:01:56.753042+01	2	25
68	view	0.0.0.0		t		{}	2025-06-14 00:41:35.669612+01	4	20
\.


--
-- Data for Name: api_documentshare; Type: TABLE DATA; Schema: public; Owner: medic_db
--

COPY public.api_documentshare (id, share_type, share_token, allowed_email, max_accesses, current_accesses, created_at, expires_at, last_accessed, is_active, is_revoked, shared_by_id, document_id) FROM stdin;
\.


--
-- Data for Name: api_familymedicalhistory; Type: TABLE DATA; Schema: public; Owner: medic_db
--

COPY public.api_familymedicalhistory (id, created_at, updated_at, relation_type, relation_detail, condition, condition_code, age_at_onset, status, severity, is_genetic, is_hereditary, risk_factor, notes, reported_by, reported_date, verified, medical_record_id) FROM stdin;
\.


--
-- Data for Name: api_generalpractitioner; Type: TABLE DATA; Schema: public; Owner: medic_db
--

COPY public.api_generalpractitioner (id, license_number, specializations, clinic_location, consultation_fee, available_days, user_id, practice_id) FROM stdin;
\.


--
-- Data for Name: api_geneticinformation; Type: TABLE DATA; Schema: public; Owner: medic_db
--

COPY public.api_geneticinformation (id, created_at, updated_at, test_name, test_code, test_date, lab_name, test_type, gene_variant, result, clinical_significance, health_implications, risk_percentage, counseling_provided, counselor_name, counseling_date, counseling_notes, family_history_relevant, recommendations, follow_up_testing, documentation, medical_record_id) FROM stdin;
\.


--
-- Data for Name: api_gppractice; Type: TABLE DATA; Schema: public; Owner: medic_db
--

COPY public.api_gppractice (id, name, address, hospital_id) FROM stdin;
\.


--
-- Data for Name: api_healthcareprovidernote; Type: TABLE DATA; Schema: public; Owner: medic_db
--

COPY public.api_healthcareprovidernote (clinicalnote_ptr_id, billing_code, complexity_level, time_spent, assessment_and_plan, physical_examination, medical_decision_making, procedures_performed) FROM stdin;
\.


--
-- Data for Name: api_hospital; Type: TABLE DATA; Schema: public; Owner: medic_db
--

COPY public.api_hospital (id, name, address, phone, website, latitude, longitude, city, state, country, postal_code, registration_number, is_verified, verification_date, hospital_type, bed_capacity, emergency_unit, icu_unit, emergency_contact, email, accreditation_status, accreditation_expiry, user_id) FROM stdin;
4	Abuja General Hospital	123 Federal Capital Territory	+2348012345678	www.abujageneralhospital.com	\N	\N	Abuja	FCT	Nigeria	900001	H-643B7090	t	\N	General Hospital	0	t	t	\N	benemapp@gmail.com	f	\N	\N
2	St. Nicholas Hospital	1 Hospital Road	+2347012345678	www.stnicholas.com	\N	\N	Lagos	Lagos	Nigeria	100001	H-C96166C1	t	\N	General Hospital	0	t	t	\N	info@stnicholas.com	f	\N	11
5	Test Hospital	123 Test St	\N	\N	\N	\N	Lagos	Lagos	Nigeria	\N	H-465024CE	f	\N	public	0	t	f	\N	test@hospital.com	f	\N	\N
6	Test Hospital	123 Test St	\N	\N	\N	\N	Lagos	Lagos	Nigeria	\N	H-8DBFE527	f	\N	public	0	t	f	\N	test@hospital.com	f	\N	\N
7	Test Hospital	123 Test St	\N	\N	\N	\N	Lagos	Lagos	Nigeria	\N	H-6AE6C0C2	f	\N	public	0	t	f	\N	test@hospital.com	f	\N	\N
8	Test Hospital 2	123 Test St	\N	\N	\N	\N	Lagos	Lagos	Nigeria	\N	H-43EEA191	f	\N	public	0	t	f	\N	test2@hospital.com	f	\N	\N
9	Test Hospital 2	123 Test St	\N	\N	\N	\N	Lagos	Lagos	Nigeria	\N	H-AFA8CEEF	f	\N	public	0	t	f	\N	test2@hospital.com	f	\N	\N
10	Test Hospital 3	123 Test St	\N	\N	\N	\N	Lagos	Lagos	Nigeria	\N	H-324D2FBA	f	\N	public	0	t	f	\N	test3@hospital.com	f	\N	\N
11	Test Hospital 3	123 Test St	\N	\N	\N	\N	Lagos	Lagos	Nigeria	\N	H-D49A3B39	f	\N	public	0	t	f	\N	test3@hospital.com	f	\N	\N
12	Test Hospital 14fc7f51	123 Test St	\N	\N	\N	\N	Lagos	Lagos	Nigeria	\N	H-AFC60E3E	f	\N	public	0	t	f	\N	test1db866c2@hospital.com	f	\N	\N
\.


--
-- Data for Name: api_hospitaladmin; Type: TABLE DATA; Schema: public; Owner: medic_db
--

COPY public.api_hospitaladmin (id, name, "position", email, password, hospital_id, user_id, password_change_required, contact_email) FROM stdin;
4	Admin St.	System Administrator	admin.stnicholas65@example.com		2	11	t	parkjiminn11223@gmail.com
6	Abuja Admin	Chief Administrator	benemapp@gmail.com		4	15	t	benemapp@gmail.com
5	Hospital Admin for Abuja General Hospital	System Administrator	admin.abujageneralhospital@example.com		4	13	f	benemapp@gmail.com
7	Hospital Admin for Test Hospital	System Administrator	admin.testhospital@example.com		5	27	f	test@hospital.com
8	Hospital Admin for Test Hospital 2	System Administrator	admin.testhospital2@example.com		8	32	f	test2@hospital.com
9	Hospital Admin for Test Hospital 3	System Administrator	admin.testhospital3@example.com		10	35	f	test3@hospital.com
10	Hospital Admin for Test Hospital 14fc7f51	System Administrator	admin.testhospital14fc7f51@example.com		12	38	f	test1db866c2@hospital.com
12	Hospital Admin (St. )	Administrator	info@stnicholas.com		2	10	f	info@stnicholas.com
13	Hospital Admin	Administrator	admin.stnicholas@example.com		2	40	f	admin.stnicholas@example.com
\.


--
-- Data for Name: api_hospitalregistration; Type: TABLE DATA; Schema: public; Owner: medic_db
--

COPY public.api_hospitalregistration (id, status, is_primary, created_at, approved_date, hospital_id, user_id) FROM stdin;
1	approved	t	2025-05-23 23:49:45.920741+01	2025-05-24 01:31:19.463654+01	2	3
2	approved	t	2025-05-27 02:40:07.280262+01	2025-05-28 03:01:43.026453+01	2	4
3	approved	t	2025-05-28 01:04:51.681993+01	2025-05-28 03:09:51.251692+01	4	12
4	approved	t	2025-05-28 23:27:38.052026+01	2025-05-28 23:27:38.05089+01	2	11
5	approved	t	2025-05-29 07:16:14.059996+01	\N	2	19
6	approved	t	2025-05-29 07:20:59.814994+01	\N	2	20
7	approved	t	2025-05-29 07:25:06.906512+01	\N	2	21
8	approved	t	2025-05-29 07:29:29.206795+01	\N	2	22
9	approved	t	2025-05-31 01:00:50.997532+01	\N	2	10
12	approved	t	2025-06-05 19:26:47.879555+01	\N	2	41
13	approved	t	2025-06-13 22:11:47.639163+01	2025-06-13 22:14:22.118759+01	2	2
\.


--
-- Data for Name: api_imagingtype; Type: TABLE DATA; Schema: public; Owner: medic_db
--

COPY public.api_imagingtype (id, created_at, updated_at, name, code, description, preparation_instructions, uses_radiation, uses_contrast, typical_duration, contraindications, risks) FROM stdin;
\.


--
-- Data for Name: api_immunization; Type: TABLE DATA; Schema: public; Owner: medic_db
--

COPY public.api_immunization (id, created_at, updated_at, vaccine_name, vaccine_code, administration_date, administered_by, facility, dose_number, series_complete, route, site, lot_number, expiration_date, manufacturer, next_dose_due, reaction, reason_given, contraindications_reviewed, notes, medical_record_id) FROM stdin;
\.


--
-- Data for Name: api_inappnotification; Type: TABLE DATA; Schema: public; Owner: medic_db
--

COPY public.api_inappnotification (id, title, message, notification_type, reference_id, is_read, created_at, read_at, user_id) FROM stdin;
1	Hospital Registration Approved	Your registration with St. Nicholas Hospital has been approved. You can now book appointments and access services.	hospital_registration	REG-13	f	2025-06-13 22:14:22.124082+01	\N	2
\.


--
-- Data for Name: api_laboratoryresult; Type: TABLE DATA; Schema: public; Owner: medic_db
--

COPY public.api_laboratoryresult (id, created_at, updated_at, test_date, result_date, result_value, numeric_value, units, reference_range_min, reference_range_max, reference_range_text, is_abnormal, abnormal_flags, specimen_id, lab_facility, processed_by, clinical_notes, follow_up_recommended, follow_up_notes, medical_record_id, ordered_by_id, test_type_id) FROM stdin;
\.


--
-- Data for Name: api_laboratorytesttype; Type: TABLE DATA; Schema: public; Owner: medic_db
--

COPY public.api_laboratorytesttype (id, created_at, updated_at, name, code, category, description, sample_type, processing_time, fasting_required, reference_ranges, units, clinical_uses, result_interpretation, associated_conditions, is_active, requires_approval) FROM stdin;
\.


--
-- Data for Name: api_lifestyleinformation; Type: TABLE DATA; Schema: public; Owner: medic_db
--

COPY public.api_lifestyleinformation (id, created_at, updated_at, diet_type, diet_details, daily_meals, food_allergies, nutrition_quality, fruit_vegetable_servings, exercise_frequency, exercise_duration, exercise_types, activity_level, average_sleep_hours, sleep_quality, sleep_disorders, tobacco_use, tobacco_type, tobacco_frequency, tobacco_start_age, tobacco_quit_age, tobacco_pack_years, alcohol_use, alcohol_frequency, alcohol_drinks_per_week, alcohol_quit_age, recreational_drug_use, recreational_drugs, caffeine_use, caffeine_drinks_per_day, occupation, occupation_category, employment_status, education_level, occupational_hazards, housing_type, household_members, living_arrangement, dependents, income_range, financial_strain, insurance_status, has_regular_healthcare, transportation_access, distance_to_healthcare, environmental_exposures, neighborhood_safety, access_to_healthy_food, stress_level, social_support, spiritual_religious, preventive_care, medication_adherence, health_literacy, internet_access, uses_health_apps, telehealth_capable, wearable_devices, lifestyle_risk_assessment, additional_info, last_updated_by_id, medical_record_id) FROM stdin;
\.


--
-- Data for Name: api_medicalimage; Type: TABLE DATA; Schema: public; Owner: medic_db
--

COPY public.api_medicalimage (id, created_at, updated_at, study_date, accession_number, study_uid, body_region, body_part_detail, laterality, facility, with_contrast, contrast_type, procedure_notes, clinical_indication, findings, impression, result, structured_findings, interpreted_by, interpretation_date, image_file, pacs_link, series_count, image_count, requires_followup, followup_notes, followup_date, ai_analyzed, ai_findings, ai_confidence, imaging_type_id, medical_record_id, ordered_by_id) FROM stdin;
\.


--
-- Data for Name: api_medicalrecord; Type: TABLE DATA; Schema: public; Owner: medic_db
--

COPY public.api_medicalrecord (id, hpn, is_anonymous, blood_type, allergies, chronic_conditions, emergency_contact_name, emergency_contact_phone, is_high_risk, last_visit_date, user_id, care_plan_complexity, comorbidity_count, hospitalization_count, last_hospitalization_date, medication_count) FROM stdin;
4	UNK 339 904 7791	t	\N	\N	\N	\N	\N	f	\N	\N	0	0	0	\N	0
5	ASA 128 799 2485	t	\N	\N	\N	\N	\N	f	\N	\N	0	0	0	\N	0
6	UNK 100 258 8619	t	\N	\N	\N	\N	\N	f	\N	\N	0	0	0	\N	0
7	UNK 560 073 0294	f	\N	\N	\N	\N	\N	f	\N	1	0	0	0	\N	0
8	UNK 619 468 1016	f	\N	\N	\N	\N	\N	f	\N	2	0	0	0	\N	0
9	OGB 295 047 5384	f	O+	No known allergies	Mild seasonal allergies, well-controlled with occasional antihistamines. Mild myopia, corrected with prescription glasses. Occasional tension headaches, managed with proper rest and hydration.	Jane Doe	+234 800 555 1234	f	2025-05-20 02:52:56.46527+01	3	10	9	0	\N	2
11	UNK 184 766 5658	f	\N	\N	\N	\N	\N	f	\N	10	0	0	0	\N	0
12	UNK 105 719 4906	f	\N	\N	\N	\N	\N	f	\N	11	0	0	0	\N	0
13	IKW 903 422 7271	f	\N	\N	\N	\N	\N	f	\N	12	0	0	0	\N	0
14	UNK 669 239 0362	f	\N	\N	\N	\N	\N	f	\N	13	0	0	0	\N	0
15	ABU 361 215 8680	f	\N	\N	\N	\N	\N	f	\N	15	0	0	0	\N	0
16	UNK 312 192 3646	f	\N	\N	\N	\N	\N	f	\N	16	0	0	0	\N	0
17	UNK 303 423 2866	f	\N	\N	\N	\N	\N	f	\N	19	0	0	0	\N	0
18	UNK 195 400 8119	f	\N	\N	\N	\N	\N	f	\N	20	0	0	0	\N	0
19	LAG 332 345 1480	f	\N	\N	\N	\N	\N	f	\N	21	0	0	0	\N	0
20	LAG 211 866 3593	f	\N	\N	\N	\N	\N	f	\N	22	0	0	0	\N	0
21	BRI 266 749 6362	f	\N	\N	\N	\N	\N	f	\N	23	0	0	0	\N	0
22	UNK 475 868 4236	f	\N	\N	\N	\N	\N	f	\N	26	0	0	0	\N	0
23	UNK 621 097 8829	f	\N	\N	\N	\N	\N	f	\N	27	0	0	0	\N	0
24	UNK 332 119 7155	f	\N	\N	\N	\N	\N	f	\N	28	0	0	0	\N	0
25	UNK 107 781 8239	f	\N	\N	\N	\N	\N	f	\N	32	0	0	0	\N	0
26	UNK 608 589 9337	f	\N	\N	\N	\N	\N	f	\N	33	0	0	0	\N	0
27	UNK 145 458 7248	f	\N	\N	\N	\N	\N	f	\N	35	0	0	0	\N	0
28	UNK 143 697 0043	f	\N	\N	\N	\N	\N	f	\N	36	0	0	0	\N	0
29	UNK 221 307 7249	f	\N	\N	\N	\N	\N	f	\N	38	0	0	0	\N	0
30	UNK 249 350 7258	f	\N	\N	\N	\N	\N	f	\N	39	0	0	0	\N	0
31	LAG 223 365 9723	f	\N	\N	\N	\N	\N	f	\N	40	0	0	0	\N	0
32	LAG 338 630 7031	f	\N	\N	\N	\N	\N	f	\N	41	0	0	0	\N	0
10	OGB 528 966 7838	f	\N	\N	\N	\N	\N	f	\N	4	0	0	0	\N	0
33	UNK 194 784 1518	f	\N	\N	\N	\N	\N	f	\N	42	0	0	0	\N	0
\.


--
-- Data for Name: api_medicalrecordaccess; Type: TABLE DATA; Schema: public; Owner: medic_db
--

COPY public.api_medicalrecordaccess (id, access_time, ip_address, user_id) FROM stdin;
1	2025-05-24 02:54:19.26783+01	127.0.0.1	2
2	2025-05-24 02:54:45.55827+01	127.0.0.1	2
3	2025-05-24 02:58:24.761296+01	127.0.0.1	3
4	2025-05-26 12:23:56.430973+01	127.0.0.1	2
5	2025-05-26 12:24:41.052936+01	127.0.0.1	3
6	2025-05-27 02:39:21.919384+01	127.0.0.1	4
7	2025-05-27 23:00:28.224683+01	127.0.0.1	4
8	2025-05-31 00:25:42.039578+01	127.0.0.1	4
9	2025-05-31 12:14:25.226858+01	127.0.0.1	4
10	2025-05-31 12:15:39.852208+01	127.0.0.1	4
11	2025-05-31 12:19:46.848243+01	127.0.0.1	4
12	2025-05-31 12:20:10.279994+01	127.0.0.1	4
13	2025-05-31 12:20:39.882816+01	127.0.0.1	4
14	2025-05-31 12:20:52.550534+01	127.0.0.1	4
15	2025-05-31 13:53:24.315567+01	127.0.0.1	4
16	2025-06-01 16:56:30.486346+01	127.0.0.1	4
17	2025-06-01 17:09:19.390394+01	127.0.0.1	4
18	2025-06-05 10:37:30.297885+01	127.0.0.1	4
19	2025-06-13 17:49:11.66989+01	127.0.0.1	4
20	2025-06-14 08:38:51.331079+01	127.0.0.1	2
\.


--
-- Data for Name: api_medication; Type: TABLE DATA; Schema: public; Owner: medic_db
--

COPY public.api_medication (id, created_at, updated_at, medication_name, generic_name, ndc_code, strength, form, route, dosage, frequency, start_date, end_date, is_ongoing, duration, patient_instructions, pharmacy_instructions, indication, diagnosis_code, prescription_number, refills_authorized, refills_remaining, status, pharmacy_name, priority, side_effects_experienced, adherence, adherence_notes, discontinued_date, discontinuation_reason, discontinuation_notes, medical_record_id, prescribed_by_id, catalog_entry_id, appointment_id) FROM stdin;
1	2025-05-24 02:32:59.716837+01	2025-05-24 02:32:59.717045+01	sleep		\N	very powerful	inhaler	inhalation	when needed	2 daily	2025-05-24	\N	t	7 days a week	rfasagdhfjgkhl		it is needed	\N	\N	0	0	active		3	\N	unknown	\N	\N	\N	\N	9	2	\N	2
2	2025-05-26 14:16:24.495507+01	2025-05-26 14:16:24.495772+01	Jollof rice		\N	500mg	capsule	oral	1 playte	1 daily	2025-05-26	\N	t	2 days a week	Eat jollof		Jollof sweet die	\N	\N	0	0	active		3	\N	unknown	\N	\N	\N	\N	9	2	\N	3
3	2025-05-26 15:27:17.923862+01	2025-05-26 15:27:17.924172+01	Ibopurofen		\N	500mg	capsule	oral	2 capsules	twice daily	2025-05-26	\N	t	7 days a week	Take amm		E don de ja	\N	\N	0	0	active		3	\N	unknown	\N	\N	\N	\N	9	5	\N	6
4	2025-06-07 09:25:51.459905+01	2025-06-07 09:25:51.460261+01	Ibuprofen		\N	500mg	tablet	oral	1 tablespoon	twice daily	2025-06-07	\N	t	7 days max	Eat well before intake		Heart rate	\N	\N	0	0	active		3	\N	unknown	\N	\N	\N	\N	10	5	\N	11
\.


--
-- Data for Name: api_medicationcatalog; Type: TABLE DATA; Schema: public; Owner: medic_db
--

COPY public.api_medicationcatalog (id, created_at, updated_at, generic_name, brand_names, drug_code, drug_class, atc_code, available_forms, available_strengths, standard_routes, indications, contraindications, side_effects, serious_side_effects, warnings, drug_interactions, food_interactions, dosing_information, max_daily_dose, mechanism_of_action, half_life, pregnancy_category, pediatric_use, geriatric_use, monitoring_required, monitoring_parameters, high_alert_medication, risk_score, is_controlled_substance, schedule, requires_prior_auth) FROM stdin;
\.


--
-- Data for Name: api_nursingnote; Type: TABLE DATA; Schema: public; Owner: medic_db
--

COPY public.api_nursingnote (clinicalnote_ptr_id, nursing_assessment, interventions, patient_response, nursing_care_plan, intake_output, adl_status) FROM stdin;
\.


--
-- Data for Name: api_patientadmission; Type: TABLE DATA; Schema: public; Owner: medic_db
--

COPY public.api_patientadmission (id, created_at, updated_at, admission_id, status, admission_type, priority, reason_for_admission, is_icu_bed, bed_identifier, admission_date, expected_discharge_date, actual_discharge_date, length_of_stay_days, diagnosis, secondary_diagnoses, acuity_level, isolation_required, isolation_type, discharge_destination, discharge_summary, followup_instructions, insurance_information, admission_notes, attending_doctor_id, department_id, hospital_id, patient_id, is_registered_patient, registration_status, temp_patient_details, temp_patient_id) FROM stdin;
1	2025-05-29 06:55:26.217911+01	2025-05-29 06:55:26.249083+01	ADM-250529-4SDL	discharged	inpatient	elective	Abdominal pain and fever	f	Room 501-A	2025-05-29 06:55:26.217948+01	2025-06-01 06:55:26.214975+01	2025-05-29 06:55:26.245624+01	\N	Suspected appendicitis		3	f		Home	Patient's condition improved. No complications during stay.	Follow up with primary care physician in 7 days.	{}		2	14	2	1	t	complete	\N	\N
2	2025-05-29 07:13:42.840463+01	2025-05-29 07:13:42.857235+01	ADM-250529-J589	discharged	emergency	urgent	Chest pain and shortness of breath	f	\N	2025-05-29 07:13:42.840506+01	2025-05-31 07:13:42.839796+01	2025-05-29 07:13:42.853647+01	\N	Suspected acute coronary syndrome		2	f		Home	Patient stabilized. Symptoms resolved with treatment.	Schedule follow-up with cardiologist within 7 days.	{}		2	14	2	\N	f	pending	{"age": 35, "gender": "male", "allergies": ["Penicillin"], "last_name": "Doe", "first_name": "John", "phone_number": "+1234567890", "brief_history": "No known cardiac history. Started experiencing pain 2 hours ago.", "chief_complaint": "Chest pain and shortness of breath", "emergency_contact": "+1987654321", "current_medications": ["None"], "emergency_contact_name": "Jane Doe", "emergency_contact_relationship": "Spouse"}	TEMP-250529-7979
3	2025-05-29 07:14:39.449012+01	2025-05-29 07:14:39.664138+01	ADM-250529-HL6D	discharged	emergency	urgent	Chest pain and shortness of breath	f	\N	2025-05-29 07:14:39.44906+01	2025-05-31 07:14:39.448281+01	2025-05-29 07:14:39.659898+01	\N	Suspected acute coronary syndrome		2	f		Home	Patient stabilized. Symptoms resolved with treatment.	Schedule follow-up with cardiologist within 7 days.	{}		2	14	2	\N	f	pending	{"age": 35, "gender": "male", "allergies": ["Penicillin"], "last_name": "Doe", "first_name": "John", "phone_number": "+1234567890", "brief_history": "No known cardiac history. Started experiencing pain 2 hours ago.", "chief_complaint": "Chest pain and shortness of breath", "emergency_contact": "+1987654321", "current_medications": ["None"], "emergency_contact_name": "Jane Doe", "emergency_contact_relationship": "Spouse"}	TEMP-250529-5E0D
4	2025-05-29 07:15:31.975675+01	2025-05-29 07:15:32.172094+01	ADM-250529-LEP4	discharged	emergency	urgent	Chest pain and shortness of breath	f	\N	2025-05-29 07:15:31.975716+01	2025-05-31 07:15:31.974955+01	2025-05-29 07:15:32.168478+01	\N	Suspected acute coronary syndrome		2	f		Home	Patient stabilized. Symptoms resolved with treatment.	Schedule follow-up with cardiologist within 7 days.	{}		2	14	2	\N	f	pending	{"age": 35, "gender": "male", "allergies": ["Penicillin"], "last_name": "Doe", "first_name": "John", "phone_number": "+1234567890", "brief_history": "No known cardiac history. Started experiencing pain 2 hours ago.", "chief_complaint": "Chest pain and shortness of breath", "emergency_contact": "+1987654321", "current_medications": ["None"], "emergency_contact_name": "Jane Doe", "emergency_contact_relationship": "Spouse"}	TEMP-250529-E588
5	2025-05-29 07:15:55.048926+01	2025-05-29 07:15:55.248841+01	ADM-250529-7P1U	discharged	emergency	urgent	Chest pain and shortness of breath	f	\N	2025-05-29 07:15:55.048969+01	2025-05-31 07:15:55.048263+01	2025-05-29 07:15:55.24502+01	\N	Suspected acute coronary syndrome		2	f		Home	Patient stabilized. Symptoms resolved with treatment.	Schedule follow-up with cardiologist within 7 days.	{}		2	14	2	\N	f	pending	{"age": 35, "gender": "male", "allergies": ["Penicillin"], "last_name": "Doe", "first_name": "John", "phone_number": "+1234567890", "brief_history": "No known cardiac history. Started experiencing pain 2 hours ago.", "chief_complaint": "Chest pain and shortness of breath", "emergency_contact": "+1987654321", "current_medications": ["None"], "emergency_contact_name": "Jane Doe", "emergency_contact_relationship": "Spouse"}	TEMP-250529-7791
6	2025-05-29 07:16:13.851511+01	2025-05-29 07:16:14.07691+01	ADM-250529-WM8E	discharged	emergency	urgent	Chest pain and shortness of breath	f	\N	2025-05-29 07:16:13.851553+01	2025-05-31 07:16:13.85088+01	2025-05-29 07:16:14.07253+01	\N	Suspected acute coronary syndrome		2	f		Home	Patient stabilized. Symptoms resolved with treatment.	Schedule follow-up with cardiologist within 7 days.	{}		2	14	2	19	t	complete	{"age": 35, "gender": "male", "allergies": ["Penicillin"], "last_name": "Doe", "first_name": "John", "hpn_number": "HPN-GEN-25-5E31D6", "phone_number": "+1234567890", "brief_history": "No known cardiac history. Started experiencing pain 2 hours ago.", "chief_complaint": "Chest pain and shortness of breath", "emergency_contact": "+1987654321", "current_medications": ["None"], "emergency_contact_name": "Jane Doe", "emergency_contact_relationship": "Spouse"}	TEMP-250529-A8FF
7	2025-05-29 07:20:59.607924+01	2025-05-29 07:20:59.829425+01	ADM-250529-1S65	discharged	emergency	urgent	Chest pain and shortness of breath	f	\N	2025-05-29 07:20:59.607972+01	2025-05-31 07:20:59.60717+01	2025-05-29 07:20:59.82568+01	\N	Suspected acute coronary syndrome		2	f		Home	Patient stabilized. Symptoms resolved with treatment.	Schedule follow-up with cardiologist within 7 days.	{}		2	14	2	20	t	complete	{"age": 35, "city": "Lagos", "gender": "male", "address": "123 Main St, Lagos, Nigeria", "allergies": ["Penicillin"], "last_name": "Doe", "first_name": "John", "hpn_number": "UNK 195 400 8119", "phone_number": "+1234567890", "brief_history": "No known cardiac history. Started experiencing pain 2 hours ago.", "chief_complaint": "Chest pain and shortness of breath", "emergency_contact": "+1987654321", "current_medications": ["None"], "emergency_contact_name": "Jane Doe", "emergency_contact_relationship": "Spouse"}	TEMP-250529-4787
8	2025-05-29 07:25:06.700482+01	2025-05-29 07:25:06.920656+01	ADM-250529-57NN	discharged	emergency	urgent	Chest pain and shortness of breath	f	\N	2025-05-29 07:25:06.700531+01	2025-05-31 07:25:06.699758+01	2025-05-29 07:25:06.917821+01	\N	Suspected acute coronary syndrome		2	f		Home	Patient stabilized. Symptoms resolved with treatment.	Schedule follow-up with cardiologist within 7 days.	{}		2	14	2	21	t	complete	{"age": 35, "city": "Lagos", "gender": "male", "address": "123 Main St, Lagos, Nigeria", "allergies": ["Penicillin"], "last_name": "Doe", "first_name": "John", "hpn_number": "LAG 332 345 1480", "phone_number": "+1234567890", "brief_history": "No known cardiac history. Started experiencing pain 2 hours ago.", "chief_complaint": "Chest pain and shortness of breath", "emergency_contact": "+1987654321", "current_medications": ["None"], "emergency_contact_name": "Jane Doe", "emergency_contact_relationship": "Spouse"}	TEMP-250529-CC2B
9	2025-05-29 07:29:28.999149+01	2025-05-29 07:29:29.219256+01	ADM-250529-33Y7	discharged	emergency	urgent	Chest pain and shortness of breath	f	\N	2025-05-29 07:29:28.999193+01	2025-05-31 07:29:28.998488+01	2025-05-29 07:29:29.215768+01	\N	Suspected acute coronary syndrome		2	f		Home	Patient stabilized. Symptoms resolved with treatment.	Schedule follow-up with cardiologist within 7 days.	{}		2	14	2	22	t	complete	{"age": 35, "city": "Lagos", "gender": "male", "vitals": {"heart_rate": 92, "temperature": 37.8, "blood_pressure": "140/90", "respiratory_rate": 20, "oxygen_saturation": 95}, "address": "123 Main St, Lagos, Nigeria", "allergies": ["Penicillin"], "last_name": "Doe", "first_name": "John", "hpn_number": "LAG 211 866 3593", "occupation": "Software Engineer", "insurance_id": "NHI1234567890", "phone_number": "+1234567890", "brief_history": "No known cardiac history. Started experiencing pain 2 hours ago.", "date_of_birth": "1990-05-15", "chief_complaint": "Chest pain and shortness of breath", "emergency_contact": "+1987654321", "insurance_provider": "National Health Insurance", "preferred_language": "English", "current_medications": ["None"], "emergency_contact_name": "Jane Doe", "emergency_contact_relationship": "Spouse"}	TEMP-250529-9C0F
10	2025-06-02 01:07:08.988342+01	2025-06-02 01:07:09.018231+01	ADM-250602-K7O8	discharged	inpatient	urgent	Acute abdominal pain, suspected appendicitis	f	Room PED-101	2025-06-02 01:07:08.988379+01	2025-06-05 01:07:08.987702+01	2025-06-02 01:07:09.015504+01	\N	Suspected acute appendicitis		2	f		Home	Patient underwent successful laparoscopic appendectomy. \nPost-operative recovery was uneventful. \nVital signs stable. Pain well controlled with oral analgesics. \nPatient is ambulating well and tolerating regular diet.	Follow-up with surgical clinic in 2 weeks for post-operative check.	{"provider": "National Health Insurance", "policy_number": "NHIS-12345678", "coverage_level": "Comprehensive", "authorization_number": "AUTH-20250602-01"}		2	15	2	3	t	complete	\N	\N
11	2025-06-03 13:24:56.993705+01	2025-06-03 13:24:57.020299+01	ADM-250603-AAIL	discharged	inpatient	urgent	Acute abdominal pain, suspected appendicitis	f	Room PED-101	2025-06-03 13:24:56.993747+01	2025-06-06 13:24:56.992977+01	2025-06-03 13:24:57.015741+01	\N	Suspected acute appendicitis		2	f		Home	Patient underwent successful laparoscopic appendectomy. \nPost-operative recovery was uneventful. \nVital signs stable. Pain well controlled with oral analgesics. \nPatient is ambulating well and tolerating regular diet.	Follow-up with surgical clinic in 2 weeks for post-operative check.	{"provider": "National Health Insurance", "policy_number": "NHIS-12345678", "coverage_level": "Comprehensive", "authorization_number": "AUTH-20250603-01"}		2	15	2	3	t	complete	\N	\N
12	2025-06-05 19:16:14.038971+01	2025-06-05 19:16:14.11353+01	ADM-250605-JLMV	admitted	inpatient	emergency	Severe chest pain, potential cardiac event	f	\N	2025-06-05 19:16:14.039033+01	\N	\N	\N			3	f					{}		\N	19	2	\N	f	pending	{"hpn": "UNK 105 719 4906", "city": "Lagos", "gender": "M", "allergies": "None", "last_name": "Doe", "first_name": "John", "phone_number": "+2347012345678", "date_of_birth": "1980-01-01", "chief_complaint": "Severe chest pain", "emergency_contact": "+2347012345679", "emergency_contact_name": "Jane Doe"}	TEMP-250605-2BBF
13	2025-06-05 19:20:24.737659+01	2025-06-05 19:21:52.842811+01	ADM-250605-BMYO	discharged	inpatient	elective	Scheduled surgery	f	\N	2025-06-05 19:20:24.737729+01	\N	2025-06-05 19:21:52.817945+01	\N			3	f		home	Patient recovered well after surgery	Follow up with primary care in 2 weeks	{}		\N	19	2	11	t	complete	\N	\N
14	2025-06-05 19:26:38.696947+01	2025-06-05 19:26:38.735289+01	ADM-250605-QMXB	discharged	inpatient	elective	Abdominal pain and fever	f	Room 501-A	2025-06-05 19:26:38.696995+01	2025-06-08 19:26:38.696221+01	2025-06-05 19:26:38.732212+01	\N	Suspected appendicitis		3	f		Home	Patient's condition improved. No complications during stay.	Follow up with primary care physician in 7 days.	{}		2	14	2	1	t	complete	\N	\N
15	2025-06-05 19:26:47.464014+01	2025-06-05 19:26:47.894114+01	ADM-250605-LMOY	discharged	emergency	urgent	Chest pain and shortness of breath	f	\N	2025-06-05 19:26:47.46406+01	2025-06-07 19:26:47.463162+01	2025-06-05 19:26:47.888674+01	\N	Suspected acute coronary syndrome		2	f		Home	Patient stabilized. Symptoms resolved with treatment.	Schedule follow-up with cardiologist within 7 days.	{}		2	14	2	41	t	complete	{"age": 35, "city": "Lagos", "gender": "male", "vitals": {"heart_rate": 92, "temperature": 37.8, "blood_pressure": "140/90", "respiratory_rate": 20, "oxygen_saturation": 95}, "address": "123 Main St, Lagos, Nigeria", "allergies": ["Penicillin"], "last_name": "Doe", "first_name": "John", "hpn_number": "LAG 338 630 7031", "occupation": "Software Engineer", "insurance_id": "NHI1234567890", "phone_number": "+1234567890", "brief_history": "No known cardiac history. Started experiencing pain 2 hours ago.", "date_of_birth": "1990-05-15", "chief_complaint": "Chest pain and shortness of breath", "emergency_contact": "+1987654321", "insurance_provider": "National Health Insurance", "preferred_language": "English", "current_medications": ["None"], "emergency_contact_name": "Jane Doe", "emergency_contact_relationship": "Spouse"}	TEMP-250605-5E73
16	2025-06-05 19:57:58.738468+01	2025-06-05 19:57:58.739835+01	ADM-250605-VRVR	pending	inpatient	elective	Added jk d;kj f fsnvsdkjc dishnd hlksdh.	f	\N	2025-06-05 19:57:58.738552+01	\N	\N	\N	fuyigjlc0. piyo; uh;ilk iryu. y8oyh		3	f					{}		2	7	2	21	t	complete	\N	\N
17	2025-06-05 20:07:22.496626+01	2025-06-05 20:27:54.966299+01	ADM-250605-ITL9	admitted	inpatient	elective	Pains in the chest and abnormal breathing	f	\N	2025-06-05 20:07:22.496683+01	\N	\N	\N	Chest and lungs cancer		3	f					{}		2	7	2	3	t	complete	\N	\N
18	2025-06-05 20:30:53.699178+01	2025-06-05 20:34:31.479413+01	ADM-250605-S77C	admitted	observation	elective	Pains in the chest and abnormal breathing	f	\N	2025-06-05 20:30:53.699263+01	\N	\N	\N			3	f					{}		2	7	2	4	t	complete	\N	\N
19	2025-06-05 21:04:55.296097+01	2025-06-14 00:57:12.413944+01	ADM-250605-4JI7	discharged	inpatient	emergency	hgjhfgk ugikghjl uitoyihlkj fkjy hlk yikjy ll	f		2025-06-05 21:04:55.296419+01	\N	2025-06-14 00:57:12.396966+01	\N	Final heart cancer		3	f		Home	I hope he doent die	1. take care of your life \n2. be carefull with life	{}		\N	7	2	\N	f	pending	{"age": 57, "city": "Bristol", "gender": "male", "address": "41 Marlwood Drive", "allergies": "nuts ", "last_name": "Eruwa", "first_name": "David ", "insurance_id": "13264376d747r8753", "phone_number": "+447777153446", "brief_history": "yicktuoilkyio lkhi g;y. rtl utigli gjh,g ", "date_of_birth": "1967-09-09", "chief_complaint": "fuy kyoilk outyhlilk kjgojlh,", "emergency_contact": "+234777153446", "insurance_provider": "Freeway ", "current_medications": "Ibufrofen", "emergency_contact_name": "Ninioritse Great Eruwa"}	TEMP-250605-8938
\.


--
-- Data for Name: api_patientadmission_consulting_doctors; Type: TABLE DATA; Schema: public; Owner: medic_db
--

COPY public.api_patientadmission_consulting_doctors (id, patientadmission_id, doctor_id) FROM stdin;
\.


--
-- Data for Name: api_patientdiagnosis; Type: TABLE DATA; Schema: public; Owner: medic_db
--

COPY public.api_patientdiagnosis (id, diagnosis_code, diagnosis_name, diagnosis_date, is_chronic, is_active, severity_rating, notes, diagnosed_by_id, medical_record_id) FROM stdin;
1	Z00.00	Routine health checkup - all findings normal	2024-12-16 01:52:56.431574+00	f	t	1	Annual checkup completed. All vitals are within normal range. Patient exhibits excellent health.	2	9
2	J30.1	Allergic rhinitis due to pollen	2024-11-25 01:52:56.434488+00	t	t	2	Seasonal allergies well-controlled with occasional over-the-counter antihistamines. Patient reports significant improvement in symptoms with current management.	2	9
3	H52.1	Myopia	2025-01-29 01:52:56.435276+00	t	t	1	Mild myopia, stable for past 2 years. Vision corrected to 20/20 with prescription glasses. Annual eye exam recommended.	2	9
4	G44.2	Tension-type headache	2025-03-21 01:52:56.436212+00	t	t	1	Occasional tension headaches related to stress. Managed effectively with rest, hydration, and relaxation techniques. No medication required.	2	9
5	Z71.3	Dietary counseling and surveillance	2025-03-16 01:52:56.437157+00	f	t	1	Patient maintains a balanced diet. Recommended to continue current nutritional habits.	2	9
6	Z71.82	Exercise counseling	2025-04-07 02:52:56.439408+01	f	t	1	Patient exercises regularly. Maintaining current exercise regimen is advised.	2	9
7	Z01.419	Encounter for routine eye examination - normal findings	2025-01-26 01:52:56.440406+00	f	t	1	Vision 20/20. No signs of eye strain or deterioration.	2	9
8	Z01.30	Encounter for routine dental examination - normal findings	2025-01-26 01:52:56.441101+00	f	t	1	Excellent dental hygiene. No cavities or gum disease.	2	9
9	Z01.810	Encounter for routine cardiovascular examination - normal findings	2025-05-09 02:52:56.443622+01	f	t	1	Heart function is excellent. Blood pressure and cholesterol levels are optimal.	2	9
\.


--
-- Data for Name: api_patienttransfer; Type: TABLE DATA; Schema: public; Owner: medic_db
--

COPY public.api_patienttransfer (id, created_at, updated_at, transfer_date, reason, admission_id, from_department_id, to_department_id) FROM stdin;
1	2025-05-29 06:55:26.235767+01	2025-05-29 06:55:26.235868+01	2025-05-29 06:55:26.235794+01	Patient requires specialized care	1	7	14
2	2025-06-05 19:26:38.71652+01	2025-06-05 19:26:38.716622+01	2025-06-05 19:26:38.716543+01	Patient requires specialized care	14	7	14
\.


--
-- Data for Name: api_patienttreatment; Type: TABLE DATA; Schema: public; Owner: medic_db
--

COPY public.api_patienttreatment (id, treatment_type, treatment_name, treatment_code, start_date, end_date, is_active, dosage, frequency, notes, medical_record_id, prescribed_by_id) FROM stdin;
1	medication	Multivitamin supplement	PREV-001	2025-04-24 02:52:56.444463+01	\N	t	1 tablet	Daily	General wellness supplement to maintain optimal vitamin levels.	9	2
2	therapy	Fitness training program	FIT-PROG	2025-03-31 02:52:56.446537+01	\N	t	\N	3 times per week	Customized fitness program aimed at maintaining cardiovascular health and muscle tone.	9	2
3	therapy	Stress management techniques	STRS-MGT	2025-05-13 02:52:56.447539+01	\N	t	\N	As needed	Breathing exercises and mindfulness techniques for general wellbeing.	9	2
4	medication	Vitamin D supplement	VIT-D	2025-05-15 02:52:56.448417+01	2025-06-02 02:52:56.448417+01	t	1000 IU	Daily	Maintaining bone health and immune system function.	9	2
5	other	Hydration reminders	HYDRO-1	2025-04-29 02:52:56.449421+01	\N	t	8-10 glasses	Daily	Keeping well hydrated for optimal organ function and skin health.	9	2
\.


--
-- Data for Name: api_paymenttransaction; Type: TABLE DATA; Schema: public; Owner: medic_db
--

COPY public.api_paymenttransaction (id, transaction_id, _encrypted_amount, amount_display, currency, payment_method, payment_status, _encrypted_insurance_data, insurance_provider, insurance_policy_number, insurance_coverage_amount, _encrypted_gateway_data, payment_gateway, gateway_transaction_id, status_change_history, access_log, description, notes, created_at, updated_at, completed_at, payment_provider, provider_reference, appointment_id, created_by_id, gift_sender_id, hospital_id, last_modified_by_id, patient_id) FROM stdin;
\.


--
-- Data for Name: api_securedocument; Type: TABLE DATA; Schema: public; Owner: medic_db
--

COPY public.api_securedocument (id, file_id, original_filename, secure_filename, file_extension, file_type, file_size, encryption_key_id, is_encrypted, virus_scanned, security_score, vault_path, storage_backend, created_at, updated_at, uploaded_from_ip, last_accessed, access_count, is_active, is_shared, user_id) FROM stdin;
14	cf6c8f7f-3f4d-46bb-8227-9cbde1946e96	CamScanner 05-31-2023 13.57.pdf	cf6c8f7f-3f4d-46bb-8227-9cbde1946e96.pdf.encrypted	.pdf	application/pdf	1097020	fdefa66265e5a336	t	t	100	secure_medical_vault/cf6c8f7f-3f4d-46bb-8227-9cbde1946e96.pdf.encrypted	local_vault	2025-06-13 19:07:27.265639+01	2025-06-13 19:07:27.265652+01	127.0.0.1	2025-06-13 19:07:41.998493+01	1	t	f	4
15	0df15f13-b2cf-4ea5-89cf-52a9900c1480	CBC Drlogy-lab-report.pdf	0df15f13-b2cf-4ea5-89cf-52a9900c1480.pdf.encrypted	.pdf	application/pdf	70777	fdefa66265e5a336	t	t	100	secure_medical_vault/0df15f13-b2cf-4ea5-89cf-52a9900c1480.pdf.encrypted	local_vault	2025-06-13 19:07:27.274481+01	2025-06-13 19:07:27.274485+01	127.0.0.1	2025-06-13 19:10:20.514203+01	1	t	f	4
16	6272fd7d-11e8-4fa4-bbea-3e0eca4ce2d2	IMG_9D9C0A256A2E-1.jpeg	6272fd7d-11e8-4fa4-bbea-3e0eca4ce2d2.jpeg.encrypted	.jpeg	image/jpeg	3081911	fdefa66265e5a336	t	t	100	secure_medical_vault/6272fd7d-11e8-4fa4-bbea-3e0eca4ce2d2.jpeg.encrypted	local_vault	2025-06-13 19:07:27.30793+01	2025-06-13 19:07:27.307944+01	127.0.0.1	2025-06-13 19:10:24.388775+01	1	t	f	4
21	03c98d21-a1b6-4825-8061-5ae01f1b8ba6	Building a Medical ChatGPT from Scratch_ A Comprehensive Step-by-Step Guide.pdf	03c98d21-a1b6-4825-8061-5ae01f1b8ba6.pdf.encrypted	.pdf	application/pdf	234247	fdefa66265e5a336	t	t	100	secure_medical_vault/03c98d21-a1b6-4825-8061-5ae01f1b8ba6.pdf.encrypted	local_vault	2025-06-13 19:11:05.912049+01	2025-06-13 19:11:05.912061+01	127.0.0.1	\N	0	t	f	4
22	d9c65201-7565-4665-9659-dfef049868f5	Cineworld - Order Success.pdf	d9c65201-7565-4665-9659-dfef049868f5.pdf.encrypted	.pdf	application/pdf	323359	fdefa66265e5a336	t	t	100	secure_medical_vault/d9c65201-7565-4665-9659-dfef049868f5.pdf.encrypted	local_vault	2025-06-13 19:11:05.921631+01	2025-06-13 19:11:05.921639+01	127.0.0.1	\N	0	t	f	4
23	418e6553-93f6-4092-97e2-0eda9e267add	Development Plan for a Domain-Specific Medical AI Assistant.pdf	418e6553-93f6-4092-97e2-0eda9e267add.pdf.encrypted	.pdf	application/pdf	498494	fdefa66265e5a336	t	t	100	secure_medical_vault/418e6553-93f6-4092-97e2-0eda9e267add.pdf.encrypted	local_vault	2025-06-13 19:11:05.92992+01	2025-06-13 19:11:05.929924+01	127.0.0.1	\N	0	t	f	4
24	d36a3846-22ee-426a-b5a1-29f05ff25f04	Empowering Onyeka Omitade Foundation_ Funding, Partnerships & Growth Strategy.pdf	d36a3846-22ee-426a-b5a1-29f05ff25f04.pdf.encrypted	.pdf	application/pdf	151809	fdefa66265e5a336	t	t	100	secure_medical_vault/d36a3846-22ee-426a-b5a1-29f05ff25f04.pdf.encrypted	local_vault	2025-06-13 19:11:05.934719+01	2025-06-13 19:11:05.934723+01	127.0.0.1	\N	0	t	f	4
25	bbf09e82-19f1-43fc-b4e3-4b61efbd77b2	IMG_810ED40C6C44-1.jpeg	bbf09e82-19f1-43fc-b4e3-4b61efbd77b2.jpeg.encrypted	.jpeg	image/jpeg	2403852	97f94252266ab86d	t	t	100	secure_medical_vault/bbf09e82-19f1-43fc-b4e3-4b61efbd77b2.jpeg.encrypted	local_vault	2025-06-13 22:01:52.441043+01	2025-06-13 22:01:52.441053+01	127.0.0.1	2025-06-13 22:01:56.751699+01	1	t	f	2
20	142a7504-18fc-4a66-bda9-559a96a86e58	Cineworld - Order Success.pdf	142a7504-18fc-4a66-bda9-559a96a86e58.pdf.encrypted	.pdf	application/pdf	323359	fdefa66265e5a336	t	t	100	secure_medical_vault/142a7504-18fc-4a66-bda9-559a96a86e58.pdf.encrypted	local_vault	2025-06-13 19:07:27.350017+01	2025-06-13 19:07:27.350021+01	127.0.0.1	2025-06-14 00:41:35.668039+01	1	t	f	4
17	866ee826-ae2c-49dd-a010-989ac65812d4	IMG_810ED40C6C44-1.jpeg	866ee826-ae2c-49dd-a010-989ac65812d4.jpeg.encrypted	.jpeg	image/jpeg	2403852	fdefa66265e5a336	t	t	100	secure_medical_vault/866ee826-ae2c-49dd-a010-989ac65812d4.jpeg.encrypted	local_vault	2025-06-13 19:07:27.334641+01	2025-06-13 19:07:27.334648+01	127.0.0.1	\N	0	t	f	4
18	e55fc84f-981f-482e-b030-827820883deb	PERIPHERAL-BLOOD-SMEAR-EXAMINATION-test-report-format-example-sample-template-Drlogy-lab-report.pdf	e55fc84f-981f-482e-b030-827820883deb.pdf.encrypted	.pdf	application/pdf	67188	fdefa66265e5a336	t	t	100	secure_medical_vault/e55fc84f-981f-482e-b030-827820883deb.pdf.encrypted	local_vault	2025-06-13 19:07:27.338807+01	2025-06-13 19:07:27.33881+01	127.0.0.1	\N	0	t	f	4
19	cb85f8f8-2df4-44a9-b7a6-9c475bd7f765	Building a Medical ChatGPT from Scratch_ A Comprehensive Step-by-Step Guide.pdf	cb85f8f8-2df4-44a9-b7a6-9c475bd7f765.pdf.encrypted	.pdf	application/pdf	234247	fdefa66265e5a336	t	t	100	secure_medical_vault/cb85f8f8-2df4-44a9-b7a6-9c475bd7f765.pdf.encrypted	local_vault	2025-06-13 19:07:27.343141+01	2025-06-13 19:07:27.343144+01	127.0.0.1	\N	0	t	f	4
\.


--
-- Data for Name: api_stafftransfer; Type: TABLE DATA; Schema: public; Owner: medic_db
--

COPY public.api_stafftransfer (id, request_date, transfer_date, effective_date, completion_date, status, reason, additional_notes, rejection_reason, transfer_type, end_date, approved_by_destination_id, approved_by_source_id, from_department_id, from_hospital_id, requested_by_id, staff_member_id, to_department_id, to_hospital_id) FROM stdin;
\.


--
-- Data for Name: api_surgicalhistory; Type: TABLE DATA; Schema: public; Owner: medic_db
--

COPY public.api_surgicalhistory (id, created_at, updated_at, procedure_name, procedure_code, procedure_date, facility, surgeon, surgeon_specialty, category, body_area, outcome, complications, length_of_stay, recovery_notes, anesthesia_type, implant_device, notes, follow_up_needed, follow_up_date, medical_record_id) FROM stdin;
\.


--
-- Data for Name: api_vitalsign; Type: TABLE DATA; Schema: public; Owner: medic_db
--

COPY public.api_vitalsign (id, created_at, updated_at, recorded_at, location, context, systolic_bp, diastolic_bp, heart_rate, respiratory_rate, oxygen_saturation, temperature, temperature_unit, weight, weight_unit, height, height_unit, bmi, blood_glucose, glucose_unit, glucose_timing, pain_scale, is_abnormal, notes, medical_record_id, recorded_by_id) FROM stdin;
\.


--
-- Data for Name: auth_group; Type: TABLE DATA; Schema: public; Owner: medic_db
--

COPY public.auth_group (id, name) FROM stdin;
\.


--
-- Data for Name: auth_group_permissions; Type: TABLE DATA; Schema: public; Owner: medic_db
--

COPY public.auth_group_permissions (id, group_id, permission_id) FROM stdin;
\.


--
-- Data for Name: auth_permission; Type: TABLE DATA; Schema: public; Owner: medic_db
--

COPY public.auth_permission (id, name, content_type_id, codename) FROM stdin;
583	Can add log entry	136	add_logentry
584	Can change log entry	136	change_logentry
585	Can delete log entry	136	delete_logentry
586	Can view log entry	136	view_logentry
587	Can add permission	137	add_permission
588	Can change permission	137	change_permission
589	Can delete permission	137	delete_permission
590	Can view permission	137	view_permission
591	Can add group	138	add_group
592	Can change group	138	change_group
593	Can delete group	138	delete_group
594	Can view group	138	view_group
595	Can add content type	139	add_contenttype
596	Can change content type	139	change_contenttype
597	Can delete content type	139	delete_contenttype
598	Can view content type	139	view_contenttype
599	Can add session	140	add_session
600	Can change session	140	change_session
601	Can delete session	140	delete_session
602	Can view session	140	view_session
603	Can add department	141	add_department
604	Can change department	141	change_department
605	Can delete department	141	delete_department
606	Can view department	141	view_department
607	Can add gp practice	142	add_gppractice
608	Can change gp practice	142	change_gppractice
609	Can delete gp practice	142	delete_gppractice
610	Can view gp practice	142	view_gppractice
611	Can add user	143	add_customuser
612	Can change user	143	change_customuser
613	Can delete user	143	delete_customuser
614	Can view user	143	view_customuser
615	Can add department emergency	144	add_departmentemergency
616	Can change department emergency	144	change_departmentemergency
617	Can delete department emergency	144	delete_departmentemergency
618	Can view department emergency	144	view_departmentemergency
619	Can add general practitioner	145	add_generalpractitioner
620	Can change general practitioner	145	change_generalpractitioner
621	Can delete general practitioner	145	delete_generalpractitioner
622	Can view general practitioner	145	view_generalpractitioner
623	Can add hospital	146	add_hospital
624	Can change hospital	146	change_hospital
625	Can delete hospital	146	delete_hospital
626	Can view hospital	146	view_hospital
627	Can add doctor	147	add_doctor
628	Can change doctor	147	change_doctor
629	Can delete doctor	147	delete_doctor
630	Can view doctor	147	view_doctor
631	Can prescribe medications	147	can_prescribe
632	Can view patient records	147	can_view_patient_records
633	Can update patient records	147	can_update_patient_records
634	Can perform surgical procedures	147	can_perform_surgery
635	Can admit patients to hospital	147	can_admit_patients
636	Can discharge patients	147	can_discharge_patients
637	Can order medical tests	147	can_order_tests
638	Can view test results	147	can_view_test_results
639	Can add hospital admin	148	add_hospitaladmin
640	Can change hospital admin	148	change_hospitaladmin
641	Can delete hospital admin	148	delete_hospitaladmin
642	Can view hospital admin	148	view_hospitaladmin
643	Can add hospital registration	149	add_hospitalregistration
644	Can change hospital registration	149	change_hospitalregistration
645	Can delete hospital registration	149	delete_hospitalregistration
646	Can view hospital registration	149	view_hospitalregistration
647	Can add medical record	150	add_medicalrecord
648	Can change medical record	150	change_medicalrecord
649	Can delete medical record	150	delete_medicalrecord
650	Can view medical record	150	view_medicalrecord
651	Can add staff transfer	151	add_stafftransfer
652	Can change staff transfer	151	change_stafftransfer
653	Can delete staff transfer	151	delete_stafftransfer
654	Can view staff transfer	151	view_stafftransfer
655	Can add appointment fee	152	add_appointmentfee
656	Can change appointment fee	152	change_appointmentfee
657	Can delete appointment fee	152	delete_appointmentfee
658	Can view appointment fee	152	view_appointmentfee
659	Can add appointment	153	add_appointment
660	Can change appointment	153	change_appointment
661	Can delete appointment	153	delete_appointment
662	Can view appointment	153	view_appointment
663	Can approve appointments	153	can_approve_appointments
664	Can refer appointments	153	can_refer_appointments
665	Can view all appointments	153	can_view_all_appointments
666	Can add appointment notification	154	add_appointmentnotification
667	Can change appointment notification	154	change_appointmentnotification
668	Can delete appointment notification	154	delete_appointmentnotification
669	Can view appointment notification	154	view_appointmentnotification
670	Can add appointment reminder	155	add_appointmentreminder
671	Can change appointment reminder	155	change_appointmentreminder
672	Can delete appointment reminder	155	delete_appointmentreminder
673	Can view appointment reminder	155	view_appointmentreminder
674	Can add in app notification	156	add_inappnotification
675	Can change in app notification	156	change_inappnotification
676	Can delete in app notification	156	delete_inappnotification
677	Can view in app notification	156	view_inappnotification
678	Can add payment transaction	157	add_paymenttransaction
679	Can change payment transaction	157	change_paymenttransaction
680	Can delete payment transaction	157	delete_paymenttransaction
681	Can view payment transaction	157	view_paymenttransaction
682	Can view sensitive transaction data	157	can_view_sensitive_data
683	Can process refunds	157	can_process_refunds
684	Can view transaction audit trail	157	can_view_audit_trail
685	Can add appointment document	158	add_appointmentdocument
686	Can change appointment document	158	change_appointmentdocument
687	Can delete appointment document	158	delete_appointmentdocument
688	Can view appointment document	158	view_appointmentdocument
689	Can add doctor interaction	159	add_doctorinteraction
690	Can change doctor interaction	159	change_doctorinteraction
691	Can delete doctor interaction	159	delete_doctorinteraction
692	Can view doctor interaction	159	view_doctorinteraction
693	Can add patient diagnosis	160	add_patientdiagnosis
694	Can change patient diagnosis	160	change_patientdiagnosis
695	Can delete patient diagnosis	160	delete_patientdiagnosis
696	Can view patient diagnosis	160	view_patientdiagnosis
697	Can add patient treatment	161	add_patienttreatment
698	Can change patient treatment	161	change_patienttreatment
699	Can delete patient treatment	161	delete_patienttreatment
700	Can view patient treatment	161	view_patienttreatment
701	Can add appointment type	162	add_appointmenttype
702	Can change appointment type	162	change_appointmenttype
703	Can delete appointment type	162	delete_appointmenttype
704	Can view appointment type	162	view_appointmenttype
705	Can add Medical Record Access Log	163	add_medicalrecordaccess
706	Can change Medical Record Access Log	163	change_medicalrecordaccess
707	Can delete Medical Record Access Log	163	delete_medicalrecordaccess
708	Can view Medical Record Access Log	163	view_medicalrecordaccess
709	Can add laboratory test type	164	add_laboratorytesttype
710	Can change laboratory test type	164	change_laboratorytesttype
711	Can delete laboratory test type	164	delete_laboratorytesttype
712	Can view laboratory test type	164	view_laboratorytesttype
713	Can add laboratory result	165	add_laboratoryresult
714	Can change laboratory result	165	change_laboratoryresult
715	Can delete laboratory result	165	delete_laboratoryresult
716	Can view laboratory result	165	view_laboratoryresult
717	Can add vital sign	166	add_vitalsign
718	Can change vital sign	166	change_vitalsign
719	Can delete vital sign	166	delete_vitalsign
720	Can view vital sign	166	view_vitalsign
721	Can add Family Medical History	167	add_familymedicalhistory
722	Can change Family Medical History	167	change_familymedicalhistory
723	Can delete Family Medical History	167	delete_familymedicalhistory
724	Can view Family Medical History	167	view_familymedicalhistory
725	Can add Genetic Information	168	add_geneticinformation
726	Can change Genetic Information	168	change_geneticinformation
727	Can delete Genetic Information	168	delete_geneticinformation
728	Can view Genetic Information	168	view_geneticinformation
729	Can add Immunization	169	add_immunization
730	Can change Immunization	169	change_immunization
731	Can delete Immunization	169	delete_immunization
732	Can view Immunization	169	view_immunization
733	Can add Surgical History	170	add_surgicalhistory
734	Can change Surgical History	170	change_surgicalhistory
735	Can delete Surgical History	170	delete_surgicalhistory
736	Can view Surgical History	170	view_surgicalhistory
737	Can add Medication Catalog	171	add_medicationcatalog
738	Can change Medication Catalog	171	change_medicationcatalog
739	Can delete Medication Catalog	171	delete_medicationcatalog
740	Can view Medication Catalog	171	view_medicationcatalog
741	Can add Medication	172	add_medication
742	Can change Medication	172	change_medication
743	Can delete Medication	172	delete_medication
744	Can view Medication	172	view_medication
745	Can add Imaging Type	173	add_imagingtype
746	Can change Imaging Type	173	change_imagingtype
747	Can delete Imaging Type	173	delete_imagingtype
748	Can view Imaging Type	173	view_imagingtype
749	Can add Medical Image	174	add_medicalimage
750	Can change Medical Image	174	change_medicalimage
751	Can delete Medical Image	174	delete_medicalimage
752	Can view Medical Image	174	view_medicalimage
753	Can add Clinical Note	175	add_clinicalnote
754	Can change Clinical Note	175	change_clinicalnote
755	Can delete Clinical Note	175	delete_clinicalnote
756	Can view Clinical Note	175	view_clinicalnote
757	Can add Provider Note	176	add_healthcareprovidernote
758	Can change Provider Note	176	change_healthcareprovidernote
759	Can delete Provider Note	176	delete_healthcareprovidernote
760	Can view Provider Note	176	view_healthcareprovidernote
761	Can add Nursing Note	177	add_nursingnote
762	Can change Nursing Note	177	change_nursingnote
763	Can delete Nursing Note	177	delete_nursingnote
764	Can view Nursing Note	177	view_nursingnote
765	Can add Lifestyle Information	178	add_lifestyleinformation
766	Can change Lifestyle Information	178	change_lifestyleinformation
767	Can delete Lifestyle Information	178	delete_lifestyleinformation
768	Can view Lifestyle Information	178	view_lifestyleinformation
769	Can add blacklisted token	179	add_blacklistedtoken
770	Can change blacklisted token	179	change_blacklistedtoken
771	Can delete blacklisted token	179	delete_blacklistedtoken
772	Can view blacklisted token	179	view_blacklistedtoken
773	Can add outstanding token	180	add_outstandingtoken
774	Can change outstanding token	180	change_outstandingtoken
775	Can delete outstanding token	180	delete_outstandingtoken
776	Can view outstanding token	180	view_outstandingtoken
777	Can add patient admission	181	add_patientadmission
778	Can change patient admission	181	change_patientadmission
779	Can delete patient admission	181	delete_patientadmission
780	Can view patient admission	181	view_patientadmission
781	Can add patient transfer	182	add_patienttransfer
782	Can change patient transfer	182	change_patienttransfer
783	Can delete patient transfer	182	delete_patienttransfer
784	Can view patient transfer	182	view_patienttransfer
785	Can add secure document	183	add_securedocument
786	Can change secure document	183	change_securedocument
787	Can delete secure document	183	delete_securedocument
788	Can view secure document	183	view_securedocument
789	Can add document share	184	add_documentshare
790	Can change document share	184	change_documentshare
791	Can delete document share	184	delete_documentshare
792	Can view document share	184	view_documentshare
793	Can add document access log	185	add_documentaccesslog
794	Can change document access log	185	change_documentaccesslog
795	Can delete document access log	185	delete_documentaccesslog
796	Can view document access log	185	view_documentaccesslog
\.


--
-- Data for Name: django_admin_log; Type: TABLE DATA; Schema: public; Owner: medic_db
--

COPY public.django_admin_log (id, action_time, object_id, object_repr, action_flag, change_message, content_type_id, user_id) FROM stdin;
1	2025-06-13 22:10:52.901976+01	3	St. Nicholas Hospital (General Hospital)	3		146	42
\.


--
-- Data for Name: django_content_type; Type: TABLE DATA; Schema: public; Owner: medic_db
--

COPY public.django_content_type (id, app_label, model) FROM stdin;
136	admin	logentry
137	auth	permission
138	auth	group
139	contenttypes	contenttype
140	sessions	session
141	api	department
142	api	gppractice
143	api	customuser
144	api	departmentemergency
145	api	generalpractitioner
146	api	hospital
147	api	doctor
148	api	hospitaladmin
149	api	hospitalregistration
150	api	medicalrecord
151	api	stafftransfer
152	api	appointmentfee
153	api	appointment
154	api	appointmentnotification
155	api	appointmentreminder
156	api	inappnotification
157	api	paymenttransaction
158	api	appointmentdocument
159	api	doctorinteraction
160	api	patientdiagnosis
161	api	patienttreatment
162	api	appointmenttype
163	api	medicalrecordaccess
164	api	laboratorytesttype
165	api	laboratoryresult
166	api	vitalsign
167	api	familymedicalhistory
168	api	geneticinformation
169	api	immunization
170	api	surgicalhistory
171	api	medicationcatalog
172	api	medication
173	api	imagingtype
174	api	medicalimage
175	api	clinicalnote
176	api	healthcareprovidernote
177	api	nursingnote
178	api	lifestyleinformation
179	token_blacklist	blacklistedtoken
180	token_blacklist	outstandingtoken
181	api	patientadmission
182	api	patienttransfer
183	api	securedocument
184	api	documentshare
185	api	documentaccesslog
\.


--
-- Data for Name: django_migrations; Type: TABLE DATA; Schema: public; Owner: medic_db
--

COPY public.django_migrations (id, app, name, applied) FROM stdin;
1	contenttypes	0001_initial	2025-05-03 18:57:29.08122+01
2	contenttypes	0002_remove_content_type_name	2025-05-03 18:57:29.086589+01
3	auth	0001_initial	2025-05-03 18:57:29.117595+01
4	auth	0002_alter_permission_name_max_length	2025-05-03 18:57:29.123086+01
5	auth	0003_alter_user_email_max_length	2025-05-03 18:57:29.125237+01
6	auth	0004_alter_user_username_opts	2025-05-03 18:57:29.128515+01
7	auth	0005_alter_user_last_login_null	2025-05-03 18:57:29.130708+01
8	auth	0006_require_contenttypes_0002	2025-05-03 18:57:29.131852+01
9	auth	0007_alter_validators_add_error_messages	2025-05-03 18:57:29.134318+01
10	auth	0008_alter_user_username_max_length	2025-05-03 18:57:29.143322+01
11	auth	0009_alter_user_last_name_max_length	2025-05-03 18:57:29.146871+01
12	auth	0010_alter_group_name_max_length	2025-05-03 18:57:29.152654+01
13	auth	0011_update_proxy_permissions	2025-05-03 18:57:29.155457+01
14	auth	0012_alter_user_first_name_max_length	2025-05-03 18:57:29.158368+01
15	api	0001_initial	2025-05-03 18:57:29.631764+01
16	admin	0001_initial	2025-05-03 18:57:29.647098+01
17	admin	0002_logentry_remove_auto_add	2025-05-03 18:57:29.654924+01
18	admin	0003_logentry_add_action_flag_choices	2025-05-03 18:57:29.663429+01
19	api	0002_appointmentfee_appointment_appointmentnotification_and_more	2025-05-03 18:57:30.006994+01
20	api	0003_alter_hospitalregistration_hospital_and_more	2025-05-03 18:57:30.039606+01
21	api	0004_customuser_preferred_language_and_more	2025-05-03 18:57:30.07121+01
22	api	0005_customuser_custom_language_and_more	2025-05-03 18:57:30.100663+01
23	api	0006_doctor_chronic_care_experience_and_more	2025-05-03 18:57:30.365009+01
24	api	0007_appointmenttype	2025-05-03 18:57:30.388508+01
25	api	0008_alter_appointment_fee_and_more	2025-05-03 18:57:30.434995+01
26	sessions	0001_initial	2025-05-03 18:57:30.446808+01
27	token_blacklist	0001_initial	2025-05-03 18:57:30.495372+01
28	token_blacklist	0002_outstandingtoken_jti_hex	2025-05-03 18:57:30.507742+01
29	token_blacklist	0003_auto_20171017_2007	2025-05-03 18:57:30.527146+01
30	token_blacklist	0004_auto_20171017_2013	2025-05-03 18:57:30.545666+01
31	token_blacklist	0005_remove_outstandingtoken_jti	2025-05-03 18:57:30.558704+01
32	token_blacklist	0006_auto_20171017_2113	2025-05-03 18:57:30.574285+01
33	token_blacklist	0007_auto_20171017_2214	2025-05-03 18:57:30.628215+01
34	token_blacklist	0008_migrate_to_bigautofield	2025-05-03 18:57:30.684897+01
35	token_blacklist	0010_fix_migrate_to_bigautofield	2025-05-03 18:57:30.708045+01
36	token_blacklist	0011_linearizes_history	2025-05-03 18:57:30.71066+01
37	token_blacklist	0012_alter_outstandingtoken_user	2025-05-03 18:57:30.73037+01
38	api	0009_medicalrecordaccess	2025-05-04 06:07:36.126619+01
39	api	create_med_access_fields	2025-05-04 06:10:36.343728+01
40	api	0001_add_medical_record_access_fields	2025-05-04 06:10:36.401881+01
41	api	0002_customuser_medical_record_access_token_and_more	2025-05-04 06:10:36.4587+01
42	api	0003_customuser_ethnicity	2025-05-06 20:38:30.481013+01
43	api	0004_laboratorytesttype_laboratoryresult	2025-05-06 20:39:56.159809+01
44	api	0005_vitalsign	2025-05-06 20:41:10.349483+01
45	api	0006_familymedicalhistory_geneticinformation_immunization_and_more	2025-05-06 20:42:49.296038+01
46	api	0007_medicationcatalog_medication	2025-05-06 20:44:37.930177+01
47	api	0008_imagingtype_medicalimage	2025-05-06 20:46:06.598985+01
48	api	0009_clinicalnote_healthcareprovidernote_nursingnote_and_more	2025-05-06 20:47:41.72268+01
49	api	0010_lifestyleinformation	2025-05-06 20:49:52.008893+01
50	api	0003_appointment_medical_summary	2025-05-08 03:11:46.57702+01
51	api	0011_merge_20250508_0211	2025-05-08 03:11:46.582921+01
52	api	0012_remove_appointment_medical_summary_and_more	2025-05-14 19:31:01.056279+01
53	api	0013_hospitaladmin_contact_email_and_more	2025-05-14 20:21:22.03193+01
54	api	0013_add_appointment_to_medication	2025-05-23 20:54:14.16716+01
55	api	0014_merge_20250523_1954	2025-05-23 20:54:14.171348+01
56	api	0015_appointment_symptoms_data_alter_appointment_doctor	2025-05-24 00:01:37.755754+01
57	api	0016_remove_hospitaladmin_created_at_and_more	2025-05-27 17:31:37.031908+01
58	api	0017_patientadmission_patienttransfer_and_more	2025-05-29 06:54:57.093013+01
59	api	0018_patientadmission_is_registered_patient_and_more	2025-05-29 07:13:01.961862+01
60	api	0019_appointment_referred_to_department	2025-06-05 16:43:22.380547+01
61	api	0020_add_referred_from_field	2025-06-05 16:43:22.415206+01
62	api	0021_securedocument_documentshare_documentaccesslog_and_more	2025-06-09 22:25:17.502886+01
\.


--
-- Data for Name: django_session; Type: TABLE DATA; Schema: public; Owner: medic_db
--

COPY public.django_session (session_key, session_data, expire_date) FROM stdin;
ic2mjbaov8a65jju6ndry7q8y2l2gbm0	.eJxVyk0OwiAQQOG7zNo0zLQM4NLEc5ABhkD8ibF2Zbx728SFbr_33hBlebW4zPqMvcAREOHwi0nyRe97kUcfdh_ON-nX09f_5iZz2051ZVIhk7UYHpmqVcNTriw-MGEVtBjGzFXRJItaOHufnA2UCJ1h-KxH5DAF:1uNHYj:9Y3QY_9nu2PmFH_UzkLME850lDMTbi1tcU2so3OKAzo	2025-06-19 21:51:33.127403+01
1ot82kctn7fdymnfecovyrwebzqxu2pi	.eJxVyk0OwiAQQOG7sDYNMAN0XJp4DjIz0ED8ibF2Zbx728SFbr_33ibz8mp5mesz92KOBr05_KKwXup9L_zow-7D-cb9evr639x4btvpooZEyU5ktQr4KBI8JsXJEfpSkAAqVes5CEQSLqNFCkpOESSM5rMCK4Yvtg:1uQBcN:iPzeNqrAZM3JIUj_NrxcQu2oWO66zephByTmdUm9oFM	2025-06-27 22:07:19.609228+01
\.


--
-- Data for Name: token_blacklist_blacklistedtoken; Type: TABLE DATA; Schema: public; Owner: medic_db
--

COPY public.token_blacklist_blacklistedtoken (id, blacklisted_at, token_id) FROM stdin;
\.


--
-- Data for Name: token_blacklist_outstandingtoken; Type: TABLE DATA; Schema: public; Owner: medic_db
--

COPY public.token_blacklist_outstandingtoken (id, token, created_at, expires_at, user_id, jti) FROM stdin;
1	eyJhbGciOiJIUzI1NiIsInR5cCI6IkpXVCJ9.eyJ0b2tlbl90eXBlIjoicmVmcmVzaCIsImV4cCI6MTc0ODEyNDYzNCwiaWF0IjoxNzQ4MDM4MjM0LCJqdGkiOiJjNDYwNzM3MjY5Mzk0M2Q2YjM5MjViNDNhODE4ZWMxNyIsInVzZXJfaWQiOjJ9.XX3BusOvIBwOtS2--NOYMrpC7T5--AOGhuasOi9KXFI	2025-05-23 23:10:34.82062+01	2025-05-24 23:10:34+01	2	c4607372693943d6b3925b43a818ec17
2	eyJhbGciOiJIUzI1NiIsInR5cCI6IkpXVCJ9.eyJ0b2tlbl90eXBlIjoicmVmcmVzaCIsImV4cCI6MTc0ODEyNTE4NSwiaWF0IjoxNzQ4MDM4Nzg1LCJqdGkiOiIxZWZkYTBiYjEyZGM0NjRkYjJjNWRkN2NiOWY0N2QzZiIsInVzZXJfaWQiOjN9.inZaM3ByRR3xFrok0zlY_xWDpLsMZnvSAljKtHGu4D0	2025-05-23 23:19:45.142627+01	2025-05-24 23:19:45+01	3	1efda0bb12dc464db2c5dd7cb9f47d3f
3	eyJhbGciOiJIUzI1NiIsInR5cCI6IkpXVCJ9.eyJ0b2tlbl90eXBlIjoicmVmcmVzaCIsImV4cCI6MTc0ODEyNjA3MywiaWF0IjoxNzQ4MDM5NjczLCJqdGkiOiJiNDE0ZmEwM2FmMTE0NTJmYTRmMGI3MTQ3YTU2NGM2MCIsInVzZXJfaWQiOjN9._ZtHQPNgSlyu98WwpGwBHS-I-Xw-OVtPBntj-OrxPoY	2025-05-23 23:34:33.802275+01	2025-05-24 23:34:33+01	3	b414fa03af11452fa4f0b7147a564c60
4	eyJhbGciOiJIUzI1NiIsInR5cCI6IkpXVCJ9.eyJ0b2tlbl90eXBlIjoicmVmcmVzaCIsImV4cCI6MTc0ODEyNzI3NiwiaWF0IjoxNzQ4MDQwODc2LCJqdGkiOiI1Y2U1YTg1OTg0NmI0MGRmYjUyZDc5OTVmNmM5MGNiYyIsInVzZXJfaWQiOjN9.RINYMiez3h_pdm1-leqLmAXBaw-Zr9x5nGuZo4h8vns	2025-05-23 23:54:36.370451+01	2025-05-24 23:54:36+01	3	5ce5a859846b40dfb52d7995f6c90cbc
5	eyJhbGciOiJIUzI1NiIsInR5cCI6IkpXVCJ9.eyJ0b2tlbl90eXBlIjoicmVmcmVzaCIsImV4cCI6MTc0ODEyODE2MywiaWF0IjoxNzQ4MDQxNzYzLCJqdGkiOiI5YmI0MzQ3MzNlNjM0ZWMyOGE0ZTI0M2MxMzI2NjcxMiIsInVzZXJfaWQiOjN9.wXxfAoUdQtjT3hoPkukJsD8ORQsU3kfBdwbOMcuFHAA	2025-05-24 00:09:23.112441+01	2025-05-25 00:09:23+01	3	9bb434733e634ec28a4e243c13266712
6	eyJhbGciOiJIUzI1NiIsInR5cCI6IkpXVCJ9.eyJ0b2tlbl90eXBlIjoicmVmcmVzaCIsImV4cCI6MTc0ODEzMjc1MSwiaWF0IjoxNzQ4MDQ2MzUxLCJqdGkiOiIxNWNjNDBmNzM2MjU0OTM4YTE4MjUwZjVhMzY4NmVmMSIsInVzZXJfaWQiOjN9.pJlQ0wVHT2dwwX7ZU5dgYiIsLCPLlxG990uWMGX3y68	2025-05-24 01:25:51.786652+01	2025-05-25 01:25:51+01	3	15cc40f736254938a18250f5a3686ef1
7	eyJhbGciOiJIUzI1NiIsInR5cCI6IkpXVCJ9.eyJ0b2tlbl90eXBlIjoicmVmcmVzaCIsImV4cCI6MTc0ODEzNDA4MCwiaWF0IjoxNzQ4MDQ3NjgwLCJqdGkiOiIwZTM0MTZkMWI3NGM0OWVjODQ3YzVhNjY3ZDNjZmUzNSIsInVzZXJfaWQiOjJ9.YXHjGT4-jDaZbVLvSSvWxRFiqdlbvMTRyoVhOYFZ7v4	2025-05-24 01:48:00.071427+01	2025-05-25 01:48:00+01	2	0e3416d1b74c49ec847c5a667d3cfe35
8	eyJhbGciOiJIUzI1NiIsInR5cCI6IkpXVCJ9.eyJ0b2tlbl90eXBlIjoicmVmcmVzaCIsImV4cCI6MTc0ODEzNDEwMSwiaWF0IjoxNzQ4MDQ3NzAxLCJqdGkiOiIwNDdkZWU1ZGQ4ODQ0MjM5YWQyMDlhZDk2OGYyOTEwMSIsInVzZXJfaWQiOjJ9.DPCaBs5XoVoeq6KB0YFCCvcH4OR6Sl-q3XrdOCmGass	2025-05-24 01:48:21.771521+01	2025-05-25 01:48:21+01	2	047dee5dd8844239ad209ad968f29101
9	eyJhbGciOiJIUzI1NiIsInR5cCI6IkpXVCJ9.eyJ0b2tlbl90eXBlIjoicmVmcmVzaCIsImV4cCI6MTc0ODEzNDQ5MCwiaWF0IjoxNzQ4MDQ4MDkwLCJqdGkiOiI0MTNiOTNhNTk4OGU0NWUwOGUzMTc5NzUyMmQ0YmZkOSIsInVzZXJfaWQiOjJ9.vIEcauw1I9KzHEIfwXDXup4yYTqohalQd8FccDpTXV4	2025-05-24 01:54:50.099958+01	2025-05-25 01:54:50+01	2	413b93a5988e45e08e31797522d4bfd9
10	eyJhbGciOiJIUzI1NiIsInR5cCI6IkpXVCJ9.eyJ0b2tlbl90eXBlIjoicmVmcmVzaCIsImV4cCI6MTc0ODEzNDg5MSwiaWF0IjoxNzQ4MDQ4NDkxLCJqdGkiOiI4ZDQ0YmNjNGEwODI0MTQ5OGNjOTQ3YzIyMTM5Y2ViNyIsInVzZXJfaWQiOjJ9.fv6MDq9Bh8Z5ylWfZdODLGFkHJUCmq7ahAjrIwQc054	2025-05-24 02:01:31.932582+01	2025-05-25 02:01:31+01	2	8d44bcc4a08241498cc947c22139ceb7
11	eyJhbGciOiJIUzI1NiIsInR5cCI6IkpXVCJ9.eyJ0b2tlbl90eXBlIjoicmVmcmVzaCIsImV4cCI6MTc0ODEzNTA5MiwiaWF0IjoxNzQ4MDQ4NjkyLCJqdGkiOiI2YmI4MzMzNWI5NDU0MTk2YTAyNzhjMThhODNhNWI5ZSIsInVzZXJfaWQiOjN9.hxT2vSbYu91uRKTNfme7fhmnOnQhE1Av8sgERlAvesk	2025-05-24 02:04:52.436088+01	2025-05-25 02:04:52+01	3	6bb83335b9454196a0278c18a83a5b9e
12	eyJhbGciOiJIUzI1NiIsInR5cCI6IkpXVCJ9.eyJ0b2tlbl90eXBlIjoicmVmcmVzaCIsImV4cCI6MTc0ODEzNTE1OCwiaWF0IjoxNzQ4MDQ4NzU4LCJqdGkiOiIwZTRjYjVhNGU2MDQ0Nzc2YmRlMzYzMjk5MmE1MjBlYyIsInVzZXJfaWQiOjJ9.NUGWtivdIOrIgS1I_p37fQcKt-pYBt83SjfYBfzgc6c	2025-05-24 02:05:58.825773+01	2025-05-25 02:05:58+01	2	0e4cb5a4e6044776bde3632992a520ec
13	eyJhbGciOiJIUzI1NiIsInR5cCI6IkpXVCJ9.eyJ0b2tlbl90eXBlIjoicmVmcmVzaCIsImV4cCI6MTc0ODEzNzA5OCwiaWF0IjoxNzQ4MDUwNjk4LCJqdGkiOiI2YmViNjdjZTEwYjY0M2FmYWI1MWNlYTgyY2ExYTMyNCIsInVzZXJfaWQiOjJ9.gYg_5PCw6Y2j0wb9NhKMbXz2ZVIjkDefa3-i0yP057I	2025-05-24 02:38:18.271056+01	2025-05-25 02:38:18+01	2	6beb67ce10b643afab51cea82ca1a324
14	eyJhbGciOiJIUzI1NiIsInR5cCI6IkpXVCJ9.eyJ0b2tlbl90eXBlIjoicmVmcmVzaCIsImV4cCI6MTc0ODEzNzE3NiwiaWF0IjoxNzQ4MDUwNzc2LCJqdGkiOiJkMmIxODg5NTE0Yzc0MTZiODcxMWY2NmZkZTA1MzgyNCIsInVzZXJfaWQiOjN9.k7hBJy_jWUnVFaZPt5yheXAzLlrs8NDTHyIM21ohXyU	2025-05-24 02:39:36.910098+01	2025-05-25 02:39:36+01	3	d2b1889514c7416b8711f66fde053824
15	eyJhbGciOiJIUzI1NiIsInR5cCI6IkpXVCJ9.eyJ0b2tlbl90eXBlIjoicmVmcmVzaCIsImV4cCI6MTc0ODEzNzU5NSwiaWF0IjoxNzQ4MDUxMTk1LCJqdGkiOiIzMDFjMGM3YWQxMTA0ZWVlYmY0NTgzYzExNjUyZTgwMSIsInVzZXJfaWQiOjJ9.Clx4uASgNE8ySNvyg_VxzGMjyzPoy664VVAEa80a71M	2025-05-24 02:46:35.436828+01	2025-05-25 02:46:35+01	2	301c0c7ad1104eeebf4583c11652e801
16	eyJhbGciOiJIUzI1NiIsInR5cCI6IkpXVCJ9.eyJ0b2tlbl90eXBlIjoicmVmcmVzaCIsImV4cCI6MTc0ODEzNzgwMiwiaWF0IjoxNzQ4MDUxNDAyLCJqdGkiOiJmM2EwMzg3YmZjNTM0MTQ1ODk2YjBmY2IwZTZjZDAwMyIsInVzZXJfaWQiOjJ9.3KHUwCskAyGVZnpj-710C5Q1RfFMnPGI_toD2PAsKQI	2025-05-24 02:50:02.850081+01	2025-05-25 02:50:02+01	2	f3a0387bfc534145896b0fcb0e6cd003
17	eyJhbGciOiJIUzI1NiIsInR5cCI6IkpXVCJ9.eyJ0b2tlbl90eXBlIjoicmVmcmVzaCIsImV4cCI6MTc0ODEzODAyNCwiaWF0IjoxNzQ4MDUxNjI0LCJqdGkiOiI5ZTcyNjUwOTVhZWY0MTQ5ODE1OTJiMTg4MDgxYmE5MiIsInVzZXJfaWQiOjN9.GJ0z12m9RYQynrIgF7DVzff3l_QlCH0Rf0AR8JK_kYw	2025-05-24 02:53:44.414717+01	2025-05-25 02:53:44+01	3	9e7265095aef414981592b188081ba92
18	eyJhbGciOiJIUzI1NiIsInR5cCI6IkpXVCJ9.eyJ0b2tlbl90eXBlIjoicmVmcmVzaCIsImV4cCI6MTc0ODEzODMzOCwiaWF0IjoxNzQ4MDUxOTM4LCJqdGkiOiJhZTIyZmE0MTQ1MDg0YmJkYTJlMDA4MzFmYThmNjNlOSIsInVzZXJfaWQiOjJ9.YRqh74ZVf3JtQgeLWh0W_sgv_66szi4YFu6Wqkuzu1k	2025-05-24 02:58:58.393115+01	2025-05-25 02:58:58+01	2	ae22fa4145084bbda2e00831fa8f63e9
19	eyJhbGciOiJIUzI1NiIsInR5cCI6IkpXVCJ9.eyJ0b2tlbl90eXBlIjoicmVmcmVzaCIsImV4cCI6MTc0ODM0MjQ2MSwiaWF0IjoxNzQ4MjU2MDYxLCJqdGkiOiJhNTlkNTVjOTNjMmQ0NGNkYWU2YjYwNzhmZmQzOGQyNyIsInVzZXJfaWQiOjN9.nZoJFrRftgLC8ILhtUORgHIkB226B6tSztGzsvZUuUw	2025-05-26 11:41:01.397686+01	2025-05-27 11:41:01+01	3	a59d55c93c2d44cdae6b6078ffd38d27
20	eyJhbGciOiJIUzI1NiIsInR5cCI6IkpXVCJ9.eyJ0b2tlbl90eXBlIjoicmVmcmVzaCIsImV4cCI6MTc0ODM0MjgxMywiaWF0IjoxNzQ4MjU2NDEzLCJqdGkiOiJkZjhlYmI3NmUyYTA0MzJhODg5MDkwYThlNTdkYTQ4MCIsInVzZXJfaWQiOjJ9.HipmWgeRUtjSPaV2n7cs9Q5HdNFkhD_HicH3sieFM6E	2025-05-26 11:46:53.149051+01	2025-05-27 11:46:53+01	2	df8ebb76e2a0432a889090a8e57da480
21	eyJhbGciOiJIUzI1NiIsInR5cCI6IkpXVCJ9.eyJ0b2tlbl90eXBlIjoicmVmcmVzaCIsImV4cCI6MTc0ODM0MzI0MiwiaWF0IjoxNzQ4MjU2ODQyLCJqdGkiOiI1NzNjZjI0MWI5ZTI0NTYzOWM5Yjk0MGYyNDcyZDZmMCIsInVzZXJfaWQiOjJ9.ob9gMiN1pwibuNTYpm60L3izq5O_PM4G5PXFgYnv8eg	2025-05-26 11:54:02.219091+01	2025-05-27 11:54:02+01	2	573cf241b9e245639c9b940f2472d6f0
22	eyJhbGciOiJIUzI1NiIsInR5cCI6IkpXVCJ9.eyJ0b2tlbl90eXBlIjoicmVmcmVzaCIsImV4cCI6MTc0ODM0NDk3OCwiaWF0IjoxNzQ4MjU4NTc4LCJqdGkiOiJjYTQ1OTA5MDExYTU0YTIyYmNkYmMzYzkxYzAwODA4ZCIsInVzZXJfaWQiOjN9.spxfwSxBDLdvVe8dmL8obSD_3RqUyVJGzE_y0cur6LE	2025-05-26 12:22:58.959507+01	2025-05-27 12:22:58+01	3	ca45909011a54a22bcdbc3c91c00808d
23	eyJhbGciOiJIUzI1NiIsInR5cCI6IkpXVCJ9.eyJ0b2tlbl90eXBlIjoicmVmcmVzaCIsImV4cCI6MTc0ODM0NTI3NCwiaWF0IjoxNzQ4MjU4ODc0LCJqdGkiOiI5NjNiNzdhZjU5NzI0ZGQzOWU2ZGVhNmM3NjBhMzBlOSIsInVzZXJfaWQiOjJ9.o4IIWvOVKtbD5haJJIaiuqNFYanlobkn6JDbEqxg2mo	2025-05-26 12:27:54.785949+01	2025-05-27 12:27:54+01	2	963b77af59724dd39e6dea6c760a30e9
24	eyJhbGciOiJIUzI1NiIsInR5cCI6IkpXVCJ9.eyJ0b2tlbl90eXBlIjoicmVmcmVzaCIsImV4cCI6MTc0ODM0NTY4OCwiaWF0IjoxNzQ4MjU5Mjg4LCJqdGkiOiJhNTM4MjQwYTA0MWE0M2I0YWYwNDU5YjIzNzc1YzZlYSIsInVzZXJfaWQiOjJ9.lePsg5saiFgdLH0FvlGdqZB0yQE-6raB2H65LyyYhDg	2025-05-26 12:34:48.381972+01	2025-05-27 12:34:48+01	2	a538240a041a43b4af0459b23775c6ea
25	eyJhbGciOiJIUzI1NiIsInR5cCI6IkpXVCJ9.eyJ0b2tlbl90eXBlIjoicmVmcmVzaCIsImV4cCI6MTc0ODM0NjE3MSwiaWF0IjoxNzQ4MjU5NzcxLCJqdGkiOiI3Yzk1YmY5ODkwYmM0ZjZjOWI2MGMzMWI1NjFhYmIwMSIsInVzZXJfaWQiOjJ9.GVF9ZzgJIGrcwasYABryLjwgrwFGJhigQ1S0cxiLNs0	2025-05-26 12:42:51.201083+01	2025-05-27 12:42:51+01	2	7c95bf9890bc4f6c9b60c31b561abb01
26	eyJhbGciOiJIUzI1NiIsInR5cCI6IkpXVCJ9.eyJ0b2tlbl90eXBlIjoicmVmcmVzaCIsImV4cCI6MTc0ODM1MDY3OSwiaWF0IjoxNzQ4MjY0Mjc5LCJqdGkiOiJlNTI1MGNmODBlODA0NjhkYmUxZWE4YzM4MGQ0NmRlMyIsInVzZXJfaWQiOjJ9.gPIgfDtsh3XPIyz5hCLtt9fnc1Jlf1gNtbae0ykj9vY	2025-05-26 13:57:59.328393+01	2025-05-27 13:57:59+01	2	e5250cf80e80468dbe1ea8c380d46de3
27	eyJhbGciOiJIUzI1NiIsInR5cCI6IkpXVCJ9.eyJ0b2tlbl90eXBlIjoicmVmcmVzaCIsImV4cCI6MTc0ODM1MTU2MCwiaWF0IjoxNzQ4MjY1MTYwLCJqdGkiOiJhYTZhYWQ2OGEwZTU0Y2Y4OTY1NjAxZTdkMGZkMzVmZCIsInVzZXJfaWQiOjN9.NjCgHlw4vvrgUeyAmwyNyRn8QHRBgy_HjEqz8-gEw-c	2025-05-26 14:12:40.565121+01	2025-05-27 14:12:40+01	3	aa6aad68a0e54cf8965601e7d0fd35fd
28	eyJhbGciOiJIUzI1NiIsInR5cCI6IkpXVCJ9.eyJ0b2tlbl90eXBlIjoicmVmcmVzaCIsImV4cCI6MTc0ODM1MTY4MSwiaWF0IjoxNzQ4MjY1MjgxLCJqdGkiOiJiNmI2ZTI0NmVjYmY0MDhlYmUyODNjZWVmYTE2ZDlkYyIsInVzZXJfaWQiOjJ9.oHDrLO9DgZnnpGLTXGISpOXhLhQnwAMHcYfbtRkkmE8	2025-05-26 14:14:41.411013+01	2025-05-27 14:14:41+01	2	b6b6e246ecbf408ebe283ceefa16d9dc
29	eyJhbGciOiJIUzI1NiIsInR5cCI6IkpXVCJ9.eyJ0b2tlbl90eXBlIjoicmVmcmVzaCIsImV4cCI6MTc0ODM1MjIzMywiaWF0IjoxNzQ4MjY1ODMzLCJqdGkiOiJkMGY3ZTQxN2RiYTU0Njc1YTdlNzA5ZTQzMmQyMzU0ZSIsInVzZXJfaWQiOjJ9.8BkWO26dBjpT4B8hSuRR56pxsuwuWORrA-vFlO1KX70	2025-05-26 14:23:53.730434+01	2025-05-27 14:23:53+01	2	d0f7e417dba54675a7e709e432d2354e
30	eyJhbGciOiJIUzI1NiIsInR5cCI6IkpXVCJ9.eyJ0b2tlbl90eXBlIjoicmVmcmVzaCIsImV4cCI6MTc0ODM1MjUxOCwiaWF0IjoxNzQ4MjY2MTE4LCJqdGkiOiI4NjVmNjBiYjA0ZGY0ZWQyYWY1NmJkYjIwOTllMmU2YiIsInVzZXJfaWQiOjR9.okCK1qyVkxINiBBqRhsjloI_R6tivMwJxblsYEWbHrQ	2025-05-26 14:28:38.295052+01	2025-05-27 14:28:38+01	4	865f60bb04df4ed2af56bdb2099e2e6b
31	eyJhbGciOiJIUzI1NiIsInR5cCI6IkpXVCJ9.eyJ0b2tlbl90eXBlIjoicmVmcmVzaCIsImV4cCI6MTc0ODM1MzU1MywiaWF0IjoxNzQ4MjY3MTUzLCJqdGkiOiJmYWRkZjQyYzE2ZTM0NDI5YjJkM2QxNWQ1YzI5ZDBjNCIsInVzZXJfaWQiOjR9.GrR0JognvfbyNQh0v-JrpaSBxfvSGTzwFGWEQhdsork	2025-05-26 14:45:53.861641+01	2025-05-27 14:45:53+01	4	faddf42c16e34429b2d3d15d5c29d0c4
32	eyJhbGciOiJIUzI1NiIsInR5cCI6IkpXVCJ9.eyJ0b2tlbl90eXBlIjoicmVmcmVzaCIsImV4cCI6MTc0ODM1MzY0NiwiaWF0IjoxNzQ4MjY3MjQ2LCJqdGkiOiJiM2VjMDg5N2IxMTU0Yjk1OGY5MGU5M2JmM2IxZjI2OSIsInVzZXJfaWQiOjR9.K2gJMZFbYiD_KX22-FAPpNLFMymk_VEiRb6Y92cfuUw	2025-05-26 14:47:26.065501+01	2025-05-27 14:47:26+01	4	b3ec0897b1154b958f90e93bf3b1f269
33	eyJhbGciOiJIUzI1NiIsInR5cCI6IkpXVCJ9.eyJ0b2tlbl90eXBlIjoicmVmcmVzaCIsImV4cCI6MTc0ODM1Mzk4MiwiaWF0IjoxNzQ4MjY3NTgyLCJqdGkiOiJlNGNiNDQzN2M0MjI0MjAxOTI0MDNkZDZmYmM2NTZkOSIsInVzZXJfaWQiOjN9.XwZn9Id1ZfpcN-vmMEtlipQIJKqD-YTdDsu_b0uxjg4	2025-05-26 14:53:02.942119+01	2025-05-27 14:53:02+01	3	e4cb4437c422420192403dd6fbc656d9
34	eyJhbGciOiJIUzI1NiIsInR5cCI6IkpXVCJ9.eyJ0b2tlbl90eXBlIjoicmVmcmVzaCIsImV4cCI6MTc0ODM1NDMyMCwiaWF0IjoxNzQ4MjY3OTIwLCJqdGkiOiI4ZjlkODI1OThkMTU0YjFlODk3ZTEzMmExZWY2MTRlOCIsInVzZXJfaWQiOjJ9.pr4Ena507UKH1sf4TPZHe_KCYvzohyrHYqidlHeHqOE	2025-05-26 14:58:40.587479+01	2025-05-27 14:58:40+01	2	8f9d82598d154b1e897e132a1ef614e8
35	eyJhbGciOiJIUzI1NiIsInR5cCI6IkpXVCJ9.eyJ0b2tlbl90eXBlIjoicmVmcmVzaCIsImV4cCI6MTc0ODM1NTY4MSwiaWF0IjoxNzQ4MjY5MjgxLCJqdGkiOiIzOTBhNjEwZmNjZGQ0NTIxYjIxMjI3OTAwMTM3ZGFhNCIsInVzZXJfaWQiOjJ9.jKhlUPSxqenyRiAsDWvvidqrOYVVH9LC5vKOQ2C1RcI	2025-05-26 15:21:21.380548+01	2025-05-27 15:21:21+01	2	390a610fccdd4521b21227900137daa4
36	eyJhbGciOiJIUzI1NiIsInR5cCI6IkpXVCJ9.eyJ0b2tlbl90eXBlIjoicmVmcmVzaCIsImV4cCI6MTc0ODM1NTc2NCwiaWF0IjoxNzQ4MjY5MzY0LCJqdGkiOiJlZmFhYzc0ZmU0YmI0MDRjOWJmMDc1NmM4NTdjODA1YSIsInVzZXJfaWQiOjR9.70WU8KuZDxGakQH8HlzSPHanvgH_1DrBlnaErM94A3s	2025-05-26 15:22:44.682527+01	2025-05-27 15:22:44+01	4	efaac74fe4bb404c9bf0756c857c805a
37	eyJhbGciOiJIUzI1NiIsInR5cCI6IkpXVCJ9.eyJ0b2tlbl90eXBlIjoicmVmcmVzaCIsImV4cCI6MTc0ODM1NTg5MywiaWF0IjoxNzQ4MjY5NDkzLCJqdGkiOiI0ZjBiMWU2YjIwOTM0MjE4ODIzMjViYjBmZThiMDFhZSIsInVzZXJfaWQiOjN9.LPDnAwnWtpX4UT6N7Hhcck5WhltmeMGs9_vNiYD6q_4	2025-05-26 15:24:53.145093+01	2025-05-27 15:24:53+01	3	4f0b1e6b2093421882325bb0fe8b01ae
38	eyJhbGciOiJIUzI1NiIsInR5cCI6IkpXVCJ9.eyJ0b2tlbl90eXBlIjoicmVmcmVzaCIsImV4cCI6MTc0ODM1NjUwMSwiaWF0IjoxNzQ4MjcwMTAxLCJqdGkiOiI5OGI4MjVjOTBjYjQ0Y2Q4OWI2ZmQ0ODgwZDRhOGQ2YiIsInVzZXJfaWQiOjJ9.dprwvBcQfYStsEJT_wKJOt7hHMx4iDi-7UvKM8ZtxJo	2025-05-26 15:35:01.702233+01	2025-05-27 15:35:01+01	2	98b825c90cb44cd89b6fd4880d4a8d6b
39	eyJhbGciOiJIUzI1NiIsInR5cCI6IkpXVCJ9.eyJ0b2tlbl90eXBlIjoicmVmcmVzaCIsImV4cCI6MTc0ODM1NzkzNSwiaWF0IjoxNzQ4MjcxNTM1LCJqdGkiOiJlNzUxZjFkN2E3MWE0MmIxYTc2ZjQ2YmY5NDY2NGM3ZSIsInVzZXJfaWQiOjR9.wG63TnYhsWXth57ykn7phAR5KCrVpFtS4Q4QytMCv9E	2025-05-26 15:58:55.30552+01	2025-05-27 15:58:55+01	4	e751f1d7a71a42b1a76f46bf94664c7e
40	eyJhbGciOiJIUzI1NiIsInR5cCI6IkpXVCJ9.eyJ0b2tlbl90eXBlIjoicmVmcmVzaCIsImV4cCI6MTc0ODM1Nzk4NCwiaWF0IjoxNzQ4MjcxNTg0LCJqdGkiOiI0NjJhODc3ODk0NTY0ZDdlODNkYjQwZGIxMjczYmEzZCIsInVzZXJfaWQiOjN9.AdzZSTneCtbT013_dGxXgC8tsIVzQU3TJxun6_8GAYw	2025-05-26 15:59:44.071561+01	2025-05-27 15:59:44+01	3	462a877894564d7e83db40db1273ba3d
41	eyJhbGciOiJIUzI1NiIsInR5cCI6IkpXVCJ9.eyJ0b2tlbl90eXBlIjoicmVmcmVzaCIsImV4cCI6MTc0ODM1ODM3NiwiaWF0IjoxNzQ4MjcxOTc2LCJqdGkiOiIwZWMxYjc1MjYzYTM0YjA5ODVjMmY1OGJhMjc2NzI0MyIsInVzZXJfaWQiOjJ9.TSVQ6lK70oXDrSLVQNAyuQ-GBusrdqalPuKEowgrT_I	2025-05-26 16:06:16.445031+01	2025-05-27 16:06:16+01	2	0ec1b75263a34b0985c2f58ba2767243
42	eyJhbGciOiJIUzI1NiIsInR5cCI6IkpXVCJ9.eyJ0b2tlbl90eXBlIjoicmVmcmVzaCIsImV4cCI6MTc0ODM2MDE2NiwiaWF0IjoxNzQ4MjczNzY2LCJqdGkiOiIyZjVmNzM4ZDZhZmM0MzRlODEwYTQ5MzVhNzIyODk3YSIsInVzZXJfaWQiOjN9.Ixrc6RMSmeiQOXhLY7X6slZ1s8s_73dX9lsFneGson0	2025-05-26 16:36:06.030456+01	2025-05-27 16:36:06+01	3	2f5f738d6afc434e810a4935a722897a
43	eyJhbGciOiJIUzI1NiIsInR5cCI6IkpXVCJ9.eyJ0b2tlbl90eXBlIjoicmVmcmVzaCIsImV4cCI6MTc0ODM2MDI3NSwiaWF0IjoxNzQ4MjczODc1LCJqdGkiOiJjZjlmNTdkYzQ0NmQ0NjBjYTFhMjU5MzlhYjg1ZWYzYSIsInVzZXJfaWQiOjJ9.Mo1SsEI1QkNAcP2zbGAeMd0vfxJ0CSF1R-5C6ZERVzM	2025-05-26 16:37:55.237023+01	2025-05-27 16:37:55+01	2	cf9f57dc446d460ca1a25939ab85ef3a
44	eyJhbGciOiJIUzI1NiIsInR5cCI6IkpXVCJ9.eyJ0b2tlbl90eXBlIjoicmVmcmVzaCIsImV4cCI6MTc0ODM5MjIwNiwiaWF0IjoxNzQ4MzA1ODA2LCJqdGkiOiIyYWRhNWIxYzI2Njk0YjNiYTgxMTIyZDc1MjdhOWZkNiIsInVzZXJfaWQiOjExfQ.86y_gYJL7DAGrnrOz2L9qMcCv46WGGFdZNaeR3t6ZJw	2025-05-27 01:30:06.860428+01	2025-05-28 01:30:06+01	11	2ada5b1c26694b3ba81122d7527a9fd6
45	eyJhbGciOiJIUzI1NiIsInR5cCI6IkpXVCJ9.eyJ0b2tlbl90eXBlIjoicmVmcmVzaCIsImV4cCI6MTc0ODM5MjQxOSwiaWF0IjoxNzQ4MzA2MDE5LCJqdGkiOiJiNjMyODI5NzY0MmE0ZTAzODkyZDFmYzkzMzc4Y2IxZiIsInVzZXJfaWQiOjExfQ.YBwL7Tp9owhKKaJaX1CUgtXpBRH0i237ZFzJT-HQjjI	2025-05-27 01:33:39.564289+01	2025-05-28 01:33:39+01	11	b6328297642a4e03892d1fc93378cb1f
46	eyJhbGciOiJIUzI1NiIsInR5cCI6IkpXVCJ9.eyJ0b2tlbl90eXBlIjoicmVmcmVzaCIsImV4cCI6MTc0ODM5NTI5MywiaWF0IjoxNzQ4MzA4ODkzLCJqdGkiOiI3M2Y2YTJlNjVhMzI0MzI1YjE1MWI0ZGY3MmM1MzMxNSIsInVzZXJfaWQiOjR9.Yem2s8QrnIHVATFMtt55jZxJjltLeDu0tdsorCK8ECw	2025-05-27 02:21:33.793628+01	2025-05-28 02:21:33+01	4	73f6a2e65a324325b151b4df72c53315
47	eyJhbGciOiJIUzI1NiIsInR5cCI6IkpXVCJ9.eyJ0b2tlbl90eXBlIjoicmVmcmVzaCIsImV4cCI6MTc0ODM5NTU1NiwiaWF0IjoxNzQ4MzA5MTU2LCJqdGkiOiJlMzUxZGI5OTNjYzY0ODc3ODA5MTQ3MDlmMmQ5NTQ4NCIsInVzZXJfaWQiOjR9.yu_H-qXcqYU-eXCGiZwjj2bm6HcYQ-dMzJ3ONLKwgBc	2025-05-27 02:25:56.706602+01	2025-05-28 02:25:56+01	4	e351db993cc6487780914709f2d95484
48	eyJhbGciOiJIUzI1NiIsInR5cCI6IkpXVCJ9.eyJ0b2tlbl90eXBlIjoicmVmcmVzaCIsImV4cCI6MTc0ODM5NjE5NywiaWF0IjoxNzQ4MzA5Nzk3LCJqdGkiOiI0NjdlZTdmZTFhOWY0NjMxOTc4ZGQzMDE1YWM0ZjQ1MyIsInVzZXJfaWQiOjR9.v7_jvlhTonqBUPM0UKjxSZs0dtqjvfy33U08D8iKUi8	2025-05-27 02:36:37.236332+01	2025-05-28 02:36:37+01	4	467ee7fe1a9f4631978dd3015ac4f453
49	eyJhbGciOiJIUzI1NiIsInR5cCI6IkpXVCJ9.eyJ0b2tlbl90eXBlIjoicmVmcmVzaCIsImV4cCI6MTc0ODM5NjQ5NCwiaWF0IjoxNzQ4MzEwMDk0LCJqdGkiOiI0N2E2Zjc4Nzk1NTM0MWQ5OTJmZTM3NTIzZTExNWQ0NCIsInVzZXJfaWQiOjR9.XmJHgWyScsh8ES_1kfu4UuQEAH9Apuo3zFs5OgeAs5c	2025-05-27 02:41:34.824689+01	2025-05-28 02:41:34+01	4	47a6f787955341d992fe37523e115d44
50	eyJhbGciOiJIUzI1NiIsInR5cCI6IkpXVCJ9.eyJ0b2tlbl90eXBlIjoicmVmcmVzaCIsImV4cCI6MTc0ODQ0ODYxMCwiaWF0IjoxNzQ4MzYyMjEwLCJqdGkiOiJjNTEwZTExZGQ2ODY0MWZjYTE3YzBkMTNkNDU4MDJlNCIsInVzZXJfaWQiOjR9.A98zeJMvh1_HqESBopflN-cltmqS0x6aGcyE1IBFM7A	2025-05-27 17:10:10.212586+01	2025-05-28 17:10:10+01	4	c510e11dd68641fca17c0d13d45802e4
51	eyJhbGciOiJIUzI1NiIsInR5cCI6IkpXVCJ9.eyJ0b2tlbl90eXBlIjoicmVmcmVzaCIsImV4cCI6MTc0ODQ0ODkxMywiaWF0IjoxNzQ4MzYyNTEzLCJqdGkiOiJhMmY1ZDJjYTNiYTI0ODkxYTE5MTAwZjk4NzJhYmEzMyIsInVzZXJfaWQiOjR9.MtMwqWEGTrYl-3EkDdo_qyDfe1qAF9Rh7QqzdxIh6TA	2025-05-27 17:15:13.423286+01	2025-05-28 17:15:13+01	4	a2f5d2ca3ba24891a19100f9872aba33
52	eyJhbGciOiJIUzI1NiIsInR5cCI6IkpXVCJ9.eyJ0b2tlbl90eXBlIjoicmVmcmVzaCIsImV4cCI6MTc0ODQ1MTY1OSwiaWF0IjoxNzQ4MzY1MjU5LCJqdGkiOiI3MmQxZDk4ZTFkN2Y0ODQ4ODNjYmU3NjNlNmZlMWZiNiIsInVzZXJfaWQiOjExfQ.jSOWTsshWBCx-UTVJoEXKJeTPdVR9dfpyVLg2YHKR80	2025-05-27 18:00:59.078481+01	2025-05-28 18:00:59+01	11	72d1d98e1d7f484883cbe763e6fe1fb6
53	eyJhbGciOiJIUzI1NiIsInR5cCI6IkpXVCJ9.eyJ0b2tlbl90eXBlIjoicmVmcmVzaCIsImV4cCI6MTc0ODQ2Njk2NCwiaWF0IjoxNzQ4MzgwNTY0LCJqdGkiOiJiNGU4ZTBjOTVjYjc0NTliYmMzMWU0MWYzZmEzZjllNyIsInVzZXJfaWQiOjR9.EgC19Bau7SW7qysN5j4U6mcN0sIfoV2yjQ6Nb7sXqHM	2025-05-27 22:16:04.203245+01	2025-05-28 22:16:04+01	4	b4e8e0c95cb7459bbc31e41f3fa3f9e7
54	eyJhbGciOiJIUzI1NiIsInR5cCI6IkpXVCJ9.eyJ0b2tlbl90eXBlIjoicmVmcmVzaCIsImV4cCI6MTc0ODQ2NzYxNywiaWF0IjoxNzQ4MzgxMjE3LCJqdGkiOiIzOTQ0ZGMyMTQ3ZjM0NGQ3OGQ4ZTE3OGNlZjI3MmJlMiIsInVzZXJfaWQiOjR9.37lQzAuSNIm964unM1CNDt93o06UqFq9ti-1opJPioU	2025-05-27 22:26:57.684373+01	2025-05-28 22:26:57+01	4	3944dc2147f344d78d8e178cef272be2
55	eyJhbGciOiJIUzI1NiIsInR5cCI6IkpXVCJ9.eyJ0b2tlbl90eXBlIjoicmVmcmVzaCIsImV4cCI6MTc0ODQ2ODI0NiwiaWF0IjoxNzQ4MzgxODQ2LCJqdGkiOiIyMWFmOTU4NzVhOWQ0OWE3YWFiMjZiNTIzNWUyMmQyYSIsInVzZXJfaWQiOjExfQ.2nlvJ4N3vxmNCH-KwrZhXQYfZiWNw2tf0ngH0EHNe3s	2025-05-27 22:37:26.780635+01	2025-05-28 22:37:26+01	11	21af95875a9d49a7aab26b5235e22d2a
56	eyJhbGciOiJIUzI1NiIsInR5cCI6IkpXVCJ9.eyJ0b2tlbl90eXBlIjoicmVmcmVzaCIsImV4cCI6MTc0ODQ2OTU5MywiaWF0IjoxNzQ4MzgzMTkzLCJqdGkiOiI3YTAxZjNlMjIyYTg0YjQ5YWNlYTg0Y2MzMzcwNTc5NiIsInVzZXJfaWQiOjR9.Rv-ZdESA6Q2FZPLwLGxkV_5jPLeVmKqAnZwppiQKYMg	2025-05-27 22:59:53.658781+01	2025-05-28 22:59:53+01	4	7a01f3e222a84b49acea84cc33705796
57	eyJhbGciOiJIUzI1NiIsInR5cCI6IkpXVCJ9.eyJ0b2tlbl90eXBlIjoicmVmcmVzaCIsImV4cCI6MTc0ODQ3MDAwMSwiaWF0IjoxNzQ4MzgzNjAxLCJqdGkiOiI3ZWJmY2RmMmE4MTE0NjAyYjhmNThkZWMyYTZiMGMzZSIsInVzZXJfaWQiOjR9.y_t-rgPEqz7aVuZptf5BwX-5Do81-EIluVwcgHpMJZs	2025-05-27 23:06:41.19357+01	2025-05-28 23:06:41+01	4	7ebfcdf2a8114602b8f58dec2a6b0c3e
58	eyJhbGciOiJIUzI1NiIsInR5cCI6IkpXVCJ9.eyJ0b2tlbl90eXBlIjoicmVmcmVzaCIsImV4cCI6MTc0ODQ3MTA1MSwiaWF0IjoxNzQ4Mzg0NjUxLCJqdGkiOiI3MWNjNTM2MTIwNzk0NDI3OTY4YTM0ZDMxNGY1NGFiNyIsInVzZXJfaWQiOjR9.TXvi7vo3vjCzMuaQ_evapOJk9v1nfs7MhW2JuXyAelw	2025-05-27 23:24:11.074104+01	2025-05-28 23:24:11+01	4	71cc536120794427968a34d314f54ab7
59	eyJhbGciOiJIUzI1NiIsInR5cCI6IkpXVCJ9.eyJ0b2tlbl90eXBlIjoicmVmcmVzaCIsImV4cCI6MTc0ODQ3MTUxMCwiaWF0IjoxNzQ4Mzg1MTEwLCJqdGkiOiJmZjY4NmMyYzc3MmY0ZWE4YjNmZjcwZGQyM2M1YTQ4OSIsInVzZXJfaWQiOjR9.6g2uBqjzhaXeXbTAkmPk6vQocsFKLaMdBd_Ij0TZL20	2025-05-27 23:31:50.550218+01	2025-05-28 23:31:50+01	4	ff686c2c772f4ea8b3ff70dd23c5a489
60	eyJhbGciOiJIUzI1NiIsInR5cCI6IkpXVCJ9.eyJ0b2tlbl90eXBlIjoicmVmcmVzaCIsImV4cCI6MTc0ODQ3MTc1MSwiaWF0IjoxNzQ4Mzg1MzUxLCJqdGkiOiIyNDUwN2M5N2Q5Yjk0NTk3OWYwMGY2MjQ0NjhjYjZhNiIsInVzZXJfaWQiOjR9.sSwabUiamvZWnee3LfgofIKDmQ7CQinFHWxAVZu0QVA	2025-05-27 23:35:51.891042+01	2025-05-28 23:35:51+01	4	24507c97d9b945979f00f624468cb6a6
61	eyJhbGciOiJIUzI1NiIsInR5cCI6IkpXVCJ9.eyJ0b2tlbl90eXBlIjoicmVmcmVzaCIsImV4cCI6MTc0ODQ3MzIzNSwiaWF0IjoxNzQ4Mzg2ODM1LCJqdGkiOiI4NDFlNjI2OTA2MTE0ODhjOTdlZjkzY2RlZmQ4ODdlNyIsInVzZXJfaWQiOjEyfQ.ov1Pz__xNPDa9VgfX4_EtYcgeD4yllnUAc87KMuHjxc	2025-05-28 00:00:35.142362+01	2025-05-29 00:00:35+01	12	841e62690611488c97ef93cdefd887e7
62	eyJhbGciOiJIUzI1NiIsInR5cCI6IkpXVCJ9.eyJ0b2tlbl90eXBlIjoicmVmcmVzaCIsImV4cCI6MTc0ODQ3NzA3NCwiaWF0IjoxNzQ4MzkwNjc0LCJqdGkiOiJhZjNkMWYzNGMyNTc0NTAzOGFmYTcyZTlmYTE4ODRhMSIsInVzZXJfaWQiOjEyfQ.Q1eQWz6OHcKnC4LW-uRvTh1eBN2DImF7by80hCQVJlM	2025-05-28 01:04:34.604546+01	2025-05-29 01:04:34+01	12	af3d1f34c25745038afa72e9fa1884a1
63	eyJhbGciOiJIUzI1NiIsInR5cCI6IkpXVCJ9.eyJ0b2tlbl90eXBlIjoicmVmcmVzaCIsImV4cCI6MTc0ODQ3NzY5OCwiaWF0IjoxNzQ4MzkxMjk4LCJqdGkiOiI1YTAyZGMxYzFhNTk0MDIyODAyYTYyMGQ2ZmFmZTQyYSIsInVzZXJfaWQiOjEzfQ.q4Q4CAVx-sDsX6BM1wmgiOKwob9gF_RvHIN0xKuRXJU	2025-05-28 01:14:58.992053+01	2025-05-29 01:14:58+01	13	5a02dc1c1a594022802a620d6fafe42a
64	eyJhbGciOiJIUzI1NiIsInR5cCI6IkpXVCJ9.eyJ0b2tlbl90eXBlIjoicmVmcmVzaCIsImV4cCI6MTc0ODQ4MjMwNywiaWF0IjoxNzQ4Mzk1OTA3LCJqdGkiOiJiZTI0MTZjYzRjNjA0YmQ0YjllMTIzZDZhNTIyY2M4OSIsInVzZXJfaWQiOjExfQ.suamnPMcvy3d72V4kNJe28dkNBPMSRn5WPToqla4oJ0	2025-05-28 02:31:47.8073+01	2025-05-29 02:31:47+01	11	be2416cc4c604bd4b9e123d6a522cc89
65	eyJhbGciOiJIUzI1NiIsInR5cCI6IkpXVCJ9.eyJ0b2tlbl90eXBlIjoicmVmcmVzaCIsImV4cCI6MTc0ODQ4Mjc0MSwiaWF0IjoxNzQ4Mzk2MzQxLCJqdGkiOiJjZjVjZDRhNmU0MWM0N2JhYmEwNDgzMTYwMGVhNzgwNyIsInVzZXJfaWQiOjExfQ.HSIwJrRptCg-vvrIoZVwVz5qntxuxymV8x_ZCHZYbV0	2025-05-28 02:39:01.085142+01	2025-05-29 02:39:01+01	11	cf5cd4a6e41c47baba04831600ea7807
66	eyJhbGciOiJIUzI1NiIsInR5cCI6IkpXVCJ9.eyJ0b2tlbl90eXBlIjoicmVmcmVzaCIsImV4cCI6MTc0ODQ4NDAwOSwiaWF0IjoxNzQ4Mzk3NjA5LCJqdGkiOiI1NjExZGY1ZGY1MTE0MDYwYjI1OGViZjE0ZDQwMTc4NCIsInVzZXJfaWQiOjExfQ.WLmFSIfNsMEw9Pdaxg6ghv3lUS9p_AMEgnzP1EP4nnU	2025-05-28 03:00:09.743599+01	2025-05-29 03:00:09+01	11	5611df5df5114060b258ebf14d401784
67	eyJhbGciOiJIUzI1NiIsInR5cCI6IkpXVCJ9.eyJ0b2tlbl90eXBlIjoicmVmcmVzaCIsImV4cCI6MTc0ODQ4NTExOCwiaWF0IjoxNzQ4Mzk4NzE4LCJqdGkiOiIzYTk5NDMxZjc2NGQ0ZjlkYmZmODljNDUyMWZiMzA3NCIsInVzZXJfaWQiOjExfQ.164NAOxCg5SJTmH76JE2x0HU2b6JX54ctYH_T2uY74g	2025-05-28 03:18:38.817765+01	2025-05-29 03:18:38+01	11	3a99431f764d4f9dbff89c4521fb3074
68	eyJhbGciOiJIUzI1NiIsInR5cCI6IkpXVCJ9.eyJ0b2tlbl90eXBlIjoicmVmcmVzaCIsImV4cCI6MTc0ODQ5ODk2NywiaWF0IjoxNzQ4NDEyNTY3LCJqdGkiOiJlYzY2ZjE1M2ExOTc0MzkxYTNkMDliN2FhODE2YzEwOCIsInVzZXJfaWQiOjExfQ.b61AE5IVbap0nFv2QqVa6jq1Z17sOQwYWQO7ckY7ub4	2025-05-28 07:09:27.799908+01	2025-05-29 07:09:27+01	11	ec66f153a1974391a3d09b7aa816c108
69	eyJhbGciOiJIUzI1NiIsInR5cCI6IkpXVCJ9.eyJ0b2tlbl90eXBlIjoicmVmcmVzaCIsImV4cCI6MTc0ODQ5OTE3MSwiaWF0IjoxNzQ4NDEyNzcxLCJqdGkiOiI0MTU0MDlmZWM5MjY0OGRhYTMwNzRkMTFhODUyYjg5YyIsInVzZXJfaWQiOjExfQ.m_ngGPglhiwO2-360AkEtXTWG1rYhFHcHjVA1huUrgE	2025-05-28 07:12:51.47146+01	2025-05-29 07:12:51+01	11	415409fec92648daa3074d11a852b89c
70	eyJhbGciOiJIUzI1NiIsInR5cCI6IkpXVCJ9.eyJ0b2tlbl90eXBlIjoicmVmcmVzaCIsImV4cCI6MTc0ODUzNzUxMCwiaWF0IjoxNzQ4NDUxMTEwLCJqdGkiOiJiYjBjOGVmODU0ZTQ0MDZhYWY3Y2U0YzRlOGZiMGYzMiIsInVzZXJfaWQiOjExfQ.vJAmoCD5q1ywJP_2I_OoZ6ugdNeywwpmVV6cCvAv9AI	2025-05-28 17:51:50.965501+01	2025-05-29 17:51:50+01	11	bb0c8ef854e4406aaf7ce4c4e8fb0f32
71	eyJhbGciOiJIUzI1NiIsInR5cCI6IkpXVCJ9.eyJ0b2tlbl90eXBlIjoicmVmcmVzaCIsImV4cCI6MTc0ODUzOTkxNiwiaWF0IjoxNzQ4NDUzNTE2LCJqdGkiOiI4YWRmYzNjMTc3ZDQ0NDIyODYzODhmODk1MjhmYjFmNSIsInVzZXJfaWQiOjExfQ.fI9clHWw9P1S9y8g0ktPh9R54bsXcNbzlorIVV4-Ii4	2025-05-28 18:31:56.603937+01	2025-05-29 18:31:56+01	11	8adfc3c177d4442286388f89528fb1f5
72	eyJhbGciOiJIUzI1NiIsInR5cCI6IkpXVCJ9.eyJ0b2tlbl90eXBlIjoicmVmcmVzaCIsImV4cCI6MTc0ODU0MDUyNCwiaWF0IjoxNzQ4NDU0MTI0LCJqdGkiOiJmM2Q1YzNkMWYwZDU0NDU4YTAwMGRlOTdiZmE0YmNmYiIsInVzZXJfaWQiOjExfQ.rEHulp1uuU4RLOK7PNo5DsQ1vLxJxJLZUVOur63x3NE	2025-05-28 18:42:04.490986+01	2025-05-29 18:42:04+01	11	f3d5c3d1f0d54458a000de97bfa4bcfb
73	eyJhbGciOiJIUzI1NiIsInR5cCI6IkpXVCJ9.eyJ0b2tlbl90eXBlIjoicmVmcmVzaCIsImV4cCI6MTc0ODU0MTQ2OCwiaWF0IjoxNzQ4NDU1MDY4LCJqdGkiOiJhZTAwZGQwMzFlZDQ0NGYzODM1ODllZGU4YzQ2YzFjMyIsInVzZXJfaWQiOjExfQ.7rYKUsMDgreNgSAV2hR7Kg7k7gNNDLTDJYV6wXoI7oE	2025-05-28 18:57:48.711699+01	2025-05-29 18:57:48+01	11	ae00dd031ed444f383589ede8c46c1c3
74	eyJhbGciOiJIUzI1NiIsInR5cCI6IkpXVCJ9.eyJ0b2tlbl90eXBlIjoicmVmcmVzaCIsImV4cCI6MTc0ODU0MTkxMCwiaWF0IjoxNzQ4NDU1NTEwLCJqdGkiOiIwNTFmYzljODQ3YzI0YjZmOTg2MGEzZTM1OTQ1MDJmMyIsInVzZXJfaWQiOjExfQ.F0VhZ7kP7vmYXPxfyMOUfH5malPJ0E1Yo8XckVPMQU0	2025-05-28 19:05:10.881679+01	2025-05-29 19:05:10+01	11	051fc9c847c24b6f9860a3e3594502f3
75	eyJhbGciOiJIUzI1NiIsInR5cCI6IkpXVCJ9.eyJ0b2tlbl90eXBlIjoicmVmcmVzaCIsImV4cCI6MTc0ODU0MzQ0NSwiaWF0IjoxNzQ4NDU3MDQ1LCJqdGkiOiJiNDk5NGZiZjI2N2I0NjJiOThiNGMyM2FkY2JkYmFmYSIsInVzZXJfaWQiOjExfQ.0dzuCNL3PXW5EXsT1vDnPhaG7NEnl6qtKDSqwHFgN44	2025-05-28 19:30:45.426232+01	2025-05-29 19:30:45+01	11	b4994fbf267b462b98b4c23adcbdbafa
76	eyJhbGciOiJIUzI1NiIsInR5cCI6IkpXVCJ9.eyJ0b2tlbl90eXBlIjoicmVmcmVzaCIsImV4cCI6MTc0ODU0NjMwMSwiaWF0IjoxNzQ4NDU5OTAxLCJqdGkiOiJhN2RjNGQ5ZmYyOWM0ZWM5OThhMjdmNTZkMjQxMjBlOSIsInVzZXJfaWQiOjExfQ.GgaD8-wgJ_FCcCDPEQg8BFJFm-kvHp1R7JCs_ouWoHc	2025-05-28 20:18:21.938639+01	2025-05-29 20:18:21+01	11	a7dc4d9ff29c4ec998a27f56d24120e9
77	eyJhbGciOiJIUzI1NiIsInR5cCI6IkpXVCJ9.eyJ0b2tlbl90eXBlIjoicmVmcmVzaCIsImV4cCI6MTc0ODU0Njg3MiwiaWF0IjoxNzQ4NDYwNDcyLCJqdGkiOiJhN2VjZDQzYTViODQ0NzFlOTA0YmJmOTUyMzcwYWQzMSIsInVzZXJfaWQiOjExfQ.mo1yUs33NNPy0EPFQgNBFiKrgYaKsCFo5vxbvDFtZm4	2025-05-28 20:27:52.349543+01	2025-05-29 20:27:52+01	11	a7ecd43a5b84471e904bbf952370ad31
78	eyJhbGciOiJIUzI1NiIsInR5cCI6IkpXVCJ9.eyJ0b2tlbl90eXBlIjoicmVmcmVzaCIsImV4cCI6MTc0ODU0ODc2OCwiaWF0IjoxNzQ4NDYyMzY4LCJqdGkiOiI3NWQyNTFiYzg5YjI0YTkyOGJhOWVkNzYwZjMxMjM1ZSIsInVzZXJfaWQiOjExfQ.tTRDsAySE8wDTJgdHad-92On2IMuIZVDWTBA-8-ocsc	2025-05-28 20:59:28.542703+01	2025-05-29 20:59:28+01	11	75d251bc89b24a928ba9ed760f31235e
79	eyJhbGciOiJIUzI1NiIsInR5cCI6IkpXVCJ9.eyJ0b2tlbl90eXBlIjoicmVmcmVzaCIsImV4cCI6MTc0ODU1NzMxMiwiaWF0IjoxNzQ4NDcwOTEyLCJqdGkiOiI1NzEyODY5NDgwNGQ0NWM5YWVlZGU1OTZhZGRkZGVlYiIsInVzZXJfaWQiOjExfQ.6_X3iwx0BtrdyCH0o_UtsB7Ui81jBOOSXcnB6uu3fIs	2025-05-28 23:21:52.949801+01	2025-05-29 23:21:52+01	11	57128694804d45c9aeede596addddeeb
80	eyJhbGciOiJIUzI1NiIsInR5cCI6IkpXVCJ9.eyJ0b2tlbl90eXBlIjoicmVmcmVzaCIsImV4cCI6MTc0ODU2MDM2OSwiaWF0IjoxNzQ4NDczOTY5LCJqdGkiOiJmZjdmN2I4MTdlYWQ0MWNjYTUyY2Y3MmQxN2RhZTVhOCIsInVzZXJfaWQiOjExfQ.O3bJ5Pu2348FMGDy4JVL3lciccUyLl9ffEaXfuTtsX4	2025-05-29 00:12:49.900121+01	2025-05-30 00:12:49+01	11	ff7f7b817ead41cca52cf72d17dae5a8
81	eyJhbGciOiJIUzI1NiIsInR5cCI6IkpXVCJ9.eyJ0b2tlbl90eXBlIjoicmVmcmVzaCIsImV4cCI6MTc0ODU4MzUxNywiaWF0IjoxNzQ4NDk3MTE3LCJqdGkiOiJjMTU3ZWI0NWZlNGY0ZjlkYTg4MWM2YTY0ZTU5NjI2YyIsInVzZXJfaWQiOjExfQ.ivbTldMKYKeWNcpN839TncG1UYyQTc5CMOkNWANz-qw	2025-05-29 06:38:37.377724+01	2025-05-30 06:38:37+01	11	c157eb45fe4f4f9da881c6a64e59626c
82	eyJhbGciOiJIUzI1NiIsInR5cCI6IkpXVCJ9.eyJ0b2tlbl90eXBlIjoicmVmcmVzaCIsImV4cCI6MTc0ODY0OTAwNywiaWF0IjoxNzQ4NTYyNjA3LCJqdGkiOiIyNmIxODk3MWU2YzY0ZjM4ODhhNjBmMDBmMDllNDU1OSIsInVzZXJfaWQiOjExfQ.NDBFDcXZ34SobmnKzL6WkP__IJonC1guU0z-dyEPbFM	2025-05-30 00:50:07.14833+01	2025-05-31 00:50:07+01	11	26b18971e6c64f3888a60f00f09e4559
83	eyJhbGciOiJIUzI1NiIsInR5cCI6IkpXVCJ9.eyJ0b2tlbl90eXBlIjoicmVmcmVzaCIsImV4cCI6MTc0ODY1MTIwMywiaWF0IjoxNzQ4NTY0ODAzLCJqdGkiOiJiZWMxOGM3OGRkN2Y0ZjdmYTQzMmEwYWU1ZGU4NTU3ZiIsInVzZXJfaWQiOjExfQ.F1egmMuWZiIRfgqRYqTaUgGTconef8Kzfnzf3fS6UVI	2025-05-30 01:26:43.019388+01	2025-05-31 01:26:43+01	11	bec18c78dd7f4f7fa432a0ae5de8557f
84	eyJhbGciOiJIUzI1NiIsInR5cCI6IkpXVCJ9.eyJ0b2tlbl90eXBlIjoicmVmcmVzaCIsImV4cCI6MTc0ODcwNzk0MCwiaWF0IjoxNzQ4NjIxNTQwLCJqdGkiOiJjNDUzYzEyMjJlMDk0Y2IwYmUzZGExNzUxNDE4ZWVkMyIsInVzZXJfaWQiOjExfQ.F-j5BqZZXOZzu66XQaNJw9EcyTA4_qbcDqnjSz7fLOw	2025-05-30 17:12:20.754869+01	2025-05-31 17:12:20+01	11	c453c1222e094cb0be3da1751418eed3
85	eyJhbGciOiJIUzI1NiIsInR5cCI6IkpXVCJ9.eyJ0b2tlbl90eXBlIjoicmVmcmVzaCIsImV4cCI6MTc0ODcwODM2OCwiaWF0IjoxNzQ4NjIxOTY4LCJqdGkiOiJlZmVjNDViNTRjN2U0NGQzOTk2ZGRjOWUwMWRlYmMyZSIsInVzZXJfaWQiOjN9.USANSxEnmNm6t5801lfChdil1OUUcZrsFFJMX_B9zys	2025-05-30 17:19:28.87414+01	2025-05-31 17:19:28+01	3	efec45b54c7e44d3996ddc9e01debc2e
86	eyJhbGciOiJIUzI1NiIsInR5cCI6IkpXVCJ9.eyJ0b2tlbl90eXBlIjoicmVmcmVzaCIsImV4cCI6MTc0ODcwODQ0MSwiaWF0IjoxNzQ4NjIyMDQxLCJqdGkiOiIzZDdkOWFkMGNlY2U0Y2Q0YTU0ZTBlNGIwNWM2MDIxOCIsInVzZXJfaWQiOjR9.qOpsPunv5ovsTkxBtMuRB45lzumCc3E5Ivbh2XFSM3Q	2025-05-30 17:20:41.145804+01	2025-05-31 17:20:41+01	4	3d7d9ad0cece4cd4a54e0e4b05c60218
87	eyJhbGciOiJIUzI1NiIsInR5cCI6IkpXVCJ9.eyJ0b2tlbl90eXBlIjoicmVmcmVzaCIsImV4cCI6MTc0ODcxMTU2NywiaWF0IjoxNzQ4NjI1MTY3LCJqdGkiOiJiNDBjNDAxMjk4NTI0NDgzOTFjZGMwZGIwNTI1YjhhNSIsInVzZXJfaWQiOjExfQ.2m8n8kF3xRVNlCwr17XUVoT_-xUZ3E57UFnmBLfSPfo	2025-05-30 18:12:47.343065+01	2025-05-31 18:12:47+01	11	b40c40129852448391cdc0db0525b8a5
88	eyJhbGciOiJIUzI1NiIsInR5cCI6IkpXVCJ9.eyJ0b2tlbl90eXBlIjoicmVmcmVzaCIsImV4cCI6MTc0ODczMzg4MywiaWF0IjoxNzQ4NjQ3NDgzLCJqdGkiOiIzNjczNTM4NzE5N2M0YmRhYmVlZTJmMWU0OWE1NGJkZCIsInVzZXJfaWQiOjR9.vE7SYqle45-AyXcVInyl4fNVUyQ7Y41VpzfbHYXPwUw	2025-05-31 00:24:43.011532+01	2025-06-01 00:24:43+01	4	36735387197c4bdabeee2f1e49a54bdd
89	eyJhbGciOiJIUzI1NiIsInR5cCI6IkpXVCJ9.eyJ0b2tlbl90eXBlIjoicmVmcmVzaCIsImV4cCI6MTc0ODczNTMwOSwiaWF0IjoxNzQ4NjQ4OTA5LCJqdGkiOiI3MjY4ODcwZmJkNWU0MGM0OTUxODJlYzA5YWE3YjYyZiIsInVzZXJfaWQiOjExfQ.yj0GD3lMeqvg0LDNsM_EGbJwivh1iwyC0I4GKb9kITg	2025-05-31 00:48:29.213826+01	2025-06-01 00:48:29+01	11	7268870fbd5e40c495182ec09aa7b62f
90	eyJhbGciOiJIUzI1NiIsInR5cCI6IkpXVCJ9.eyJ0b2tlbl90eXBlIjoicmVmcmVzaCIsImV4cCI6MTc0ODczNTM0NCwiaWF0IjoxNzQ4NjQ4OTQ0LCJqdGkiOiI3NDIyYmU0NmJkMzk0OWEzYmUyY2RmZGFmODA3ODBkNSIsInVzZXJfaWQiOjExfQ.FR-oV3h5AR5GYiq7yflx0dUljmXkYbNwUNfWk4oEGA4	2025-05-31 00:49:04.255687+01	2025-06-01 00:49:04+01	11	7422be46bd3949a3be2cdfdaf80780d5
91	eyJhbGciOiJIUzI1NiIsInR5cCI6IkpXVCJ9.eyJ0b2tlbl90eXBlIjoicmVmcmVzaCIsImV4cCI6MTc0ODczNjEyMiwiaWF0IjoxNzQ4NjQ5NzIyLCJqdGkiOiIwODExODI4MzQ5YzE0ZWI2OGIxZTM3ZjEyNjhlNGI3NSIsInVzZXJfaWQiOjExfQ.VjQdZbjzSl38aj8vpFCiNxLi-oJiVUzSphRDmOmXqd4	2025-05-31 01:02:02.852109+01	2025-06-01 01:02:02+01	11	0811828349c14eb68b1e37f1268e4b75
92	eyJhbGciOiJIUzI1NiIsInR5cCI6IkpXVCJ9.eyJ0b2tlbl90eXBlIjoicmVmcmVzaCIsImV4cCI6MTc0ODczNjMzOCwiaWF0IjoxNzQ4NjQ5OTM4LCJqdGkiOiIyN2U0YjYwNjM5OWI0ZWRhOGFiOGM2ZDQ4MDQ2YzNjMiIsInVzZXJfaWQiOjExfQ._VbuZ_O2vH9iPH-gn93svZoyKla1997SLF1Mq_8liXE	2025-05-31 01:05:38.010897+01	2025-06-01 01:05:38+01	11	27e4b606399b4eda8ab8c6d48046c3c2
93	eyJhbGciOiJIUzI1NiIsInR5cCI6IkpXVCJ9.eyJ0b2tlbl90eXBlIjoicmVmcmVzaCIsImV4cCI6MTc0ODc3MzM4MiwiaWF0IjoxNzQ4Njg2OTgyLCJqdGkiOiIwM2Y3ZGU3ZjBkOGI0MzA2ODU3ODcxNGIxNjYwMjMzMSIsInVzZXJfaWQiOjR9.oiAOp0yBAC0lHGPDK9MOQkfyGv0IwRhq9k2dfb2eeBQ	2025-05-31 11:23:02.853268+01	2025-06-01 11:23:02+01	4	03f7de7f0d8b43068578714b16602331
94	eyJhbGciOiJIUzI1NiIsInR5cCI6IkpXVCJ9.eyJ0b2tlbl90eXBlIjoicmVmcmVzaCIsImV4cCI6MTc0ODc3NTMxNCwiaWF0IjoxNzQ4Njg4OTE0LCJqdGkiOiI5NjJlNzVlNGU5OTY0OWY1OGJiMzViMWRjYzkxYmQ0YiIsInVzZXJfaWQiOjR9.JSyrVuHzw1uQt_-pBUCmRbMmhty121ELbttuSR4JFPo	2025-05-31 11:55:14.110228+01	2025-06-01 11:55:14+01	4	962e75e4e99649f58bb35b1dcc91bd4b
95	eyJhbGciOiJIUzI1NiIsInR5cCI6IkpXVCJ9.eyJ0b2tlbl90eXBlIjoicmVmcmVzaCIsImV4cCI6MTc0ODc3NzU3MiwiaWF0IjoxNzQ4NjkxMTcyLCJqdGkiOiJjZDJhNDNhYTZjZTY0YTJjOTcxNDQ0MzZjYzNjYTE5ZiIsInVzZXJfaWQiOjR9.X_kcwy4oLo_Csju0setyH-x2PHm2P75wF66tFy3zyx4	2025-05-31 12:32:52.529414+01	2025-06-01 12:32:52+01	4	cd2a43aa6ce64a2c97144436cc3ca19f
96	eyJhbGciOiJIUzI1NiIsInR5cCI6IkpXVCJ9.eyJ0b2tlbl90eXBlIjoicmVmcmVzaCIsImV4cCI6MTc0ODc4MDE3MCwiaWF0IjoxNzQ4NjkzNzcwLCJqdGkiOiJiNDY1YjA5YTI3OTI0Yzg1ODhhYTFiNTE5MGIyZGI4MCIsInVzZXJfaWQiOjExfQ.JOBKFBxXAbY2w7a583TYp6VgBOqpCJgvo7xJBlvMjuA	2025-05-31 13:16:10.700714+01	2025-06-01 13:16:10+01	11	b465b09a27924c8588aa1b5190b2db80
97	eyJhbGciOiJIUzI1NiIsInR5cCI6IkpXVCJ9.eyJ0b2tlbl90eXBlIjoicmVmcmVzaCIsImV4cCI6MTc0ODc4MjE5MCwiaWF0IjoxNzQ4Njk1NzkwLCJqdGkiOiJkMmY2NzVhNmU5YWY0MWM0OTM3YThlOTIwMWM2NTVjNCIsInVzZXJfaWQiOjR9.GBOwNAKtdldxq_VNlOriAbsV2XRCGxu9_h5w5Xwp2Sw	2025-05-31 13:49:50.479882+01	2025-06-01 13:49:50+01	4	d2f675a6e9af41c4937a8e9201c655c4
98	eyJhbGciOiJIUzI1NiIsInR5cCI6IkpXVCJ9.eyJ0b2tlbl90eXBlIjoicmVmcmVzaCIsImV4cCI6MTc0ODc4MzA1NywiaWF0IjoxNzQ4Njk2NjU3LCJqdGkiOiI3NTE4NWM2ODkwMTE0YTcxYjlhYmEwZWRjMDBkMTRjMCIsInVzZXJfaWQiOjExfQ.UH1-0NH8PZsvyWsp2J7leBEHDjtIGZMPZWlyUvQnn3I	2025-05-31 14:04:17.890243+01	2025-06-01 14:04:17+01	11	75185c6890114a71b9aba0edc00d14c0
99	eyJhbGciOiJIUzI1NiIsInR5cCI6IkpXVCJ9.eyJ0b2tlbl90eXBlIjoicmVmcmVzaCIsImV4cCI6MTc0ODg3NTMwNiwiaWF0IjoxNzQ4Nzg4OTA2LCJqdGkiOiI1NmJhMjFkYTZmYjc0ZjMwOWFlNzc5ZjhlM2RkMzFkMCIsInVzZXJfaWQiOjR9.3oZVW2P8Mo4_zURECHX0sMBOM3dntqnqHPeX6ceV_3w	2025-06-01 15:41:46.836832+01	2025-06-02 15:41:46+01	4	56ba21da6fb74f309ae779f8e3dd31d0
100	eyJhbGciOiJIUzI1NiIsInR5cCI6IkpXVCJ9.eyJ0b2tlbl90eXBlIjoicmVmcmVzaCIsImV4cCI6MTc0ODg3NTU4OSwiaWF0IjoxNzQ4Nzg5MTg5LCJqdGkiOiJjZWU2ZjJmMGE2OGQ0YzBmYjQxOTUyYzJiMjg2ZDAwNCIsInVzZXJfaWQiOjR9.n0yf7wwxHXMkJqgzEUZYpYoe3BejcPs1V2WmH1OujMc	2025-06-01 15:46:29.763534+01	2025-06-02 15:46:29+01	4	cee6f2f0a68d4c0fb41952c2b286d004
101	eyJhbGciOiJIUzI1NiIsInR5cCI6IkpXVCJ9.eyJ0b2tlbl90eXBlIjoicmVmcmVzaCIsImV4cCI6MTc0ODg3NTY4NCwiaWF0IjoxNzQ4Nzg5Mjg0LCJqdGkiOiIwM2UzNmM2ZWIyM2E0MzIxODY2MTcwY2RhYjRjNmFmNiIsInVzZXJfaWQiOjExfQ.t-3oULa5esuTYlfTQABdHxmPaLXwHpGZFapeGUqWC6Y	2025-06-01 15:48:04.682316+01	2025-06-02 15:48:04+01	11	03e36c6eb23a4321866170cdab4c6af6
102	eyJhbGciOiJIUzI1NiIsInR5cCI6IkpXVCJ9.eyJ0b2tlbl90eXBlIjoicmVmcmVzaCIsImV4cCI6MTc0ODg3NTc1MywiaWF0IjoxNzQ4Nzg5MzUzLCJqdGkiOiIxNWI4YjAyMzQyNzE0ODczOWE2Y2NhZjc2NTcxNTUzNiIsInVzZXJfaWQiOjR9.chcdqS2TKeifTler_AcUTX0eKJ3nFYOV2K6evLrjoTQ	2025-06-01 15:49:13.016762+01	2025-06-02 15:49:13+01	4	15b8b023427148739a6ccaf765715536
103	eyJhbGciOiJIUzI1NiIsInR5cCI6IkpXVCJ9.eyJ0b2tlbl90eXBlIjoicmVmcmVzaCIsImV4cCI6MTc0ODg3ODk2MiwiaWF0IjoxNzQ4NzkyNTYyLCJqdGkiOiJhYWE0YmNiMTY0Yzk0ZGRkOWFjMGNjMDBiZjk2M2YxYyIsInVzZXJfaWQiOjR9.4m-hODGH1hT37uCfeKbth3sNOoYngNxQND7YvUarHRc	2025-06-01 16:42:42.484057+01	2025-06-02 16:42:42+01	4	aaa4bcb164c94ddd9ac0cc00bf963f1c
104	eyJhbGciOiJIUzI1NiIsInR5cCI6IkpXVCJ9.eyJ0b2tlbl90eXBlIjoicmVmcmVzaCIsImV4cCI6MTc0ODg4MTMzMCwiaWF0IjoxNzQ4Nzk0OTMwLCJqdGkiOiIxYTI2NTA3ZmNiN2M0ODdjYTlkMGYwYzM0ZGZlNmVjZCIsInVzZXJfaWQiOjExfQ.xR9adEb3ICc0KQJLNLY0HfIKR6bI6qXNWIw2F0U7efk	2025-06-01 17:22:10.239961+01	2025-06-02 17:22:10+01	11	1a26507fcb7c487ca9d0f0c34dfe6ecd
105	eyJhbGciOiJIUzI1NiIsInR5cCI6IkpXVCJ9.eyJ0b2tlbl90eXBlIjoicmVmcmVzaCIsImV4cCI6MTc0ODkwODAxMSwiaWF0IjoxNzQ4ODIxNjExLCJqdGkiOiIzYmEyY2Y0OTllZmU0OTk0YWE1MDE1YTI4YzdjNjM5NiIsInVzZXJfaWQiOjExfQ.E-TPhY95_VP0RgVBY2MLFCsg55LEI205jG4uFGoRhJc	2025-06-02 00:46:51.032082+01	2025-06-03 00:46:51+01	11	3ba2cf499efe4994aa5015a28c7c6396
106	eyJhbGciOiJIUzI1NiIsInR5cCI6IkpXVCJ9.eyJ0b2tlbl90eXBlIjoicmVmcmVzaCIsImV4cCI6MTc0ODk0MDMzOSwiaWF0IjoxNzQ4ODUzOTM5LCJqdGkiOiI5NDczZDViZmEzOTI0ZDM4OTAxMTgzMTIwMTQyNWM3ZSIsInVzZXJfaWQiOjExfQ.lrtikz1toq9CRDn8LGTdShcLRWaZMxweCkadyJ2ntPk	2025-06-02 09:45:39.551622+01	2025-06-03 09:45:39+01	11	9473d5bfa3924d389011831201425c7e
107	eyJhbGciOiJIUzI1NiIsInR5cCI6IkpXVCJ9.eyJ0b2tlbl90eXBlIjoicmVmcmVzaCIsImV4cCI6MTc0ODk4NzkyMiwiaWF0IjoxNzQ4OTAxNTIyLCJqdGkiOiIwZDZkNzEyN2Y4OWY0Y2VmYjgyZjE4ZmFjOGYzZTg3YiIsInVzZXJfaWQiOjExfQ.oVCah2OyuAB5QQlKY5x3Yq7on_dge7znTM1_qw9n2BY	2025-06-02 22:58:42.902209+01	2025-06-03 22:58:42+01	11	0d6d7127f89f4cefb82f18fac8f3e87b
108	eyJhbGciOiJIUzI1NiIsInR5cCI6IkpXVCJ9.eyJ0b2tlbl90eXBlIjoicmVmcmVzaCIsImV4cCI6MTc0ODk4OTA4OCwiaWF0IjoxNzQ4OTAyNjg4LCJqdGkiOiI3NmUxY2UxNTNmYjU0ZGZhYTljNzIyMGQ4MTlkNWE5NCIsInVzZXJfaWQiOjExfQ.WrDPBCraq_9VKJK39dD0ZoXy-Kf_bNJRtEoc0DBbUxE	2025-06-02 23:18:08.382771+01	2025-06-03 23:18:08+01	11	76e1ce153fb54dfaa9c7220d819d5a94
109	eyJhbGciOiJIUzI1NiIsInR5cCI6IkpXVCJ9.eyJ0b2tlbl90eXBlIjoicmVmcmVzaCIsImV4cCI6MTc0OTAyNTA2NCwiaWF0IjoxNzQ4OTM4NjY0LCJqdGkiOiJmOWY1NmI1MjZiMmI0ZjkwYTA5ZTJlODYwNTBhMGM4ZCIsInVzZXJfaWQiOjExfQ.AXx7LmW1j6H63Zu2P-YDD-hiTGjW8zBRIDAUOpDa3MQ	2025-06-03 09:17:44.783983+01	2025-06-04 09:17:44+01	11	f9f56b526b2b4f90a09e2e86050a0c8d
110	eyJhbGciOiJIUzI1NiIsInR5cCI6IkpXVCJ9.eyJ0b2tlbl90eXBlIjoicmVmcmVzaCIsImV4cCI6MTc0OTAzMzI2OCwiaWF0IjoxNzQ4OTQ2ODY4LCJqdGkiOiIyMTU3NDQ1NGRlOTg0MDA1ODNjNmQ5NDAxOWY3ZDA5YSIsInVzZXJfaWQiOjExfQ.fzGa0xxJZma3CUMknAJmcksjw6uDrOsi386ODpFjLxg	2025-06-03 11:34:28.242942+01	2025-06-04 11:34:28+01	11	21574454de98400583c6d94019f7d09a
111	eyJhbGciOiJIUzI1NiIsInR5cCI6IkpXVCJ9.eyJ0b2tlbl90eXBlIjoicmVmcmVzaCIsImV4cCI6MTc0OTAzNDgyMiwiaWF0IjoxNzQ4OTQ4NDIyLCJqdGkiOiJmNTE2M2M4ZTA5ODk0Y2FhOGMwM2JiOTI5ZTJlMjIzZSIsInVzZXJfaWQiOjExfQ.-O8TtRaAxR6baGzHMoBkPOvWaO23cm88YHc2llnfwBs	2025-06-03 12:00:22.208937+01	2025-06-04 12:00:22+01	11	f5163c8e09894caa8c03bb929e2e223e
112	eyJhbGciOiJIUzI1NiIsInR5cCI6IkpXVCJ9.eyJ0b2tlbl90eXBlIjoicmVmcmVzaCIsImV4cCI6MTc0OTAzNTU1NywiaWF0IjoxNzQ4OTQ5MTU3LCJqdGkiOiJkNTYyNzU0MTM2ZDM0NjUwOWU1ZmY0NjViZTUyMmQxOCIsInVzZXJfaWQiOjExfQ._I9ouFiJQagIwlobUZb-V8Dm1ToRo1DikGtEEwBk2m4	2025-06-03 12:12:37.645586+01	2025-06-04 12:12:37+01	11	d562754136d346509e5ff465be522d18
113	eyJhbGciOiJIUzI1NiIsInR5cCI6IkpXVCJ9.eyJ0b2tlbl90eXBlIjoicmVmcmVzaCIsImV4cCI6MTc0OTAzODk5NiwiaWF0IjoxNzQ4OTUyNTk2LCJqdGkiOiI4ZWYyZDk0ODg4ZDE0MWQ2OTc3MDEyMjFlMDRiNDI1OCIsInVzZXJfaWQiOjExfQ.cJtHDj7G6Gnt_lybtMyTS-OOm4FJ-MSZLkdW5YEiJCg	2025-06-03 13:09:56.159197+01	2025-06-04 13:09:56+01	11	8ef2d94888d141d697701221e04b4258
114	eyJhbGciOiJIUzI1NiIsInR5cCI6IkpXVCJ9.eyJ0b2tlbl90eXBlIjoicmVmcmVzaCIsImV4cCI6MTc0OTA0MDk3NiwiaWF0IjoxNzQ4OTU0NTc2LCJqdGkiOiIwMTlkNGZlZDcyYWQ0NzIxYjFlNTk1YTE4NjdjMWI4MCIsInVzZXJfaWQiOjR9.FO5BB2bLjbprPjSo2TslaAXSIbvFtwpWf7So6e56XeU	2025-06-03 13:42:56.510433+01	2025-06-04 13:42:56+01	4	019d4fed72ad4721b1e595a1867c1b80
115	eyJhbGciOiJIUzI1NiIsInR5cCI6IkpXVCJ9.eyJ0b2tlbl90eXBlIjoicmVmcmVzaCIsImV4cCI6MTc0OTA0MTA0MywiaWF0IjoxNzQ4OTU0NjQzLCJqdGkiOiI4ODQ2Y2QwNTRmMmY0ZDM2YTZmOGUyMTgyNDFmMTUyNCIsInVzZXJfaWQiOjExfQ.lwPEj68zI251Q8lH7MedR51GgJbLHZ0ccdj-iPxFzmE	2025-06-03 13:44:03.623662+01	2025-06-04 13:44:03+01	11	8846cd054f2f4d36a6f8e218241f1524
116	eyJhbGciOiJIUzI1NiIsInR5cCI6IkpXVCJ9.eyJ0b2tlbl90eXBlIjoicmVmcmVzaCIsImV4cCI6MTc0OTA0MTIxMiwiaWF0IjoxNzQ4OTU0ODEyLCJqdGkiOiI3MGQ2YWEwMjkwY2Q0YzY0OTZjNWYxOWZkZDExOWFmMCIsInVzZXJfaWQiOjExfQ.7-dT6KnreeXCD95L0tYiW_D5tcbGe6qY_Qs8z-I0X0E	2025-06-03 13:46:52.328499+01	2025-06-04 13:46:52+01	11	70d6aa0290cd4c6496c5f19fdd119af0
117	eyJhbGciOiJIUzI1NiIsInR5cCI6IkpXVCJ9.eyJ0b2tlbl90eXBlIjoicmVmcmVzaCIsImV4cCI6MTc0OTA0MTM2NCwiaWF0IjoxNzQ4OTU0OTY0LCJqdGkiOiIyMTllMjcyMDkyZWY0NmM4OWU4NmQwYTRkZDU5NWQxZSIsInVzZXJfaWQiOjExfQ.eDC7cmGbAIocKiDx1V6MxLn7sqbyw_AAjbAEJerQcHY	2025-06-03 13:49:24.978899+01	2025-06-04 13:49:24+01	11	219e272092ef46c89e86d0a4dd595d1e
118	eyJhbGciOiJIUzI1NiIsInR5cCI6IkpXVCJ9.eyJ0b2tlbl90eXBlIjoicmVmcmVzaCIsImV4cCI6MTc0OTA0NDQ2OSwiaWF0IjoxNzQ4OTU4MDY5LCJqdGkiOiJjODg2M2Y1MjA5Mjg0NjBhOTk0ZGFkZGI1YmJhMWEwMiIsInVzZXJfaWQiOjExfQ.t_V83QDlnmViDAHd_b-vLwIcIo0i7OcnKLZJ-dZH9R4	2025-06-03 14:41:09.640345+01	2025-06-04 14:41:09+01	11	c8863f520928460a994daddb5bba1a02
119	eyJhbGciOiJIUzI1NiIsInR5cCI6IkpXVCJ9.eyJ0b2tlbl90eXBlIjoicmVmcmVzaCIsImV4cCI6MTc0OTA0NjU2OCwiaWF0IjoxNzQ4OTYwMTY4LCJqdGkiOiJhYjA3NDAyNWQ4M2E0NGNjOTk0ODQyZDg4NTkxNTJhOSIsInVzZXJfaWQiOjExfQ.lWiTdJZDe4jyU5g-PlezzG5ROkaaHMbe9R_gST7lNq0	2025-06-03 15:16:08.844098+01	2025-06-04 15:16:08+01	11	ab074025d83a44cc994842d8859152a9
120	eyJhbGciOiJIUzI1NiIsInR5cCI6IkpXVCJ9.eyJ0b2tlbl90eXBlIjoicmVmcmVzaCIsImV4cCI6MTc0OTA0ODQwMCwiaWF0IjoxNzQ4OTYyMDAwLCJqdGkiOiI2NjFkYjgzMmU0YjE0Mzg4YWU5MGI1YzNkMzMzMDQxMSIsInVzZXJfaWQiOjExfQ.j79iUfc3O1M8uqrNnEnQP83_ghUoLMd9No7xKRCgtAE	2025-06-03 15:46:40.844463+01	2025-06-04 15:46:40+01	11	661db832e4b14388ae90b5c3d3330411
121	eyJhbGciOiJIUzI1NiIsInR5cCI6IkpXVCJ9.eyJ0b2tlbl90eXBlIjoicmVmcmVzaCIsImV4cCI6MTc0OTA1MDM2NywiaWF0IjoxNzQ4OTYzOTY3LCJqdGkiOiI2YzUyMzczMmJhNGM0MzMxYjIyOTM3OTY1OWY5ZmUxNyIsInVzZXJfaWQiOjExfQ.PfZO6EkBTdphtta6C9gZwXEVb3xugJRCIoQ2CIsfB7U	2025-06-03 16:19:27.662802+01	2025-06-04 16:19:27+01	11	6c523732ba4c4331b229379659f9fe17
122	eyJhbGciOiJIUzI1NiIsInR5cCI6IkpXVCJ9.eyJ0b2tlbl90eXBlIjoicmVmcmVzaCIsImV4cCI6MTc0OTE2MTE0NywiaWF0IjoxNzQ5MDc0NzQ3LCJqdGkiOiI1ODA3NWY3YTQ3NDc0MzhlODdiZGQ0ODZhNWI2MTFjZCIsInVzZXJfaWQiOjR9.A1JJAzp2h3kz5v8Et8ZK_RZ4T5Fy-AZ2OU4qPHOeruU	2025-06-04 23:05:47.02445+01	2025-06-05 23:05:47+01	4	58075f7a4747438e87bdd486a5b611cd
123	eyJhbGciOiJIUzI1NiIsInR5cCI6IkpXVCJ9.eyJ0b2tlbl90eXBlIjoicmVmcmVzaCIsImV4cCI6MTc0OTE2MTM1MCwiaWF0IjoxNzQ5MDc0OTUwLCJqdGkiOiJjOGNlODdmZDc1ZDk0MDNiODkyNzg5MzE4NGU5MzgwNCIsInVzZXJfaWQiOjR9._8s-R6YB3Bf9U1O4YUjTq-N_3LRabhyt3j7nZ-rkAiM	2025-06-04 23:09:10.492673+01	2025-06-05 23:09:10+01	4	c8ce87fd75d9403b8927893184e93804
124	eyJhbGciOiJIUzI1NiIsInR5cCI6IkpXVCJ9.eyJ0b2tlbl90eXBlIjoicmVmcmVzaCIsImV4cCI6MTc0OTE2MTk0MSwiaWF0IjoxNzQ5MDc1NTQxLCJqdGkiOiIwNDI2YTFhZmRjNWE0MDU3ODc1MzAyOTBlZjAwYzE1NSIsInVzZXJfaWQiOjR9.N0SGHUgUTFF_A9_dLrE_mHgpmQd62DCC2RTnw9q06lw	2025-06-04 23:19:01.787215+01	2025-06-05 23:19:01+01	4	0426a1afdc5a405787530290ef00c155
125	eyJhbGciOiJIUzI1NiIsInR5cCI6IkpXVCJ9.eyJ0b2tlbl90eXBlIjoicmVmcmVzaCIsImV4cCI6MTc0OTE5OTMwNSwiaWF0IjoxNzQ5MTEyOTA1LCJqdGkiOiI0ZDBhNjVmM2I2ODU0MTQyOTVmNzExNDAyMTNiNWM5ZCIsInVzZXJfaWQiOjR9.AyfsAba_f1OJXV-AOQS-Yg5Cc6pmymvw48pw4M8R3WU	2025-06-05 09:41:45.545381+01	2025-06-06 09:41:45+01	4	4d0a65f3b685414295f71140213b5c9d
126	eyJhbGciOiJIUzI1NiIsInR5cCI6IkpXVCJ9.eyJ0b2tlbl90eXBlIjoicmVmcmVzaCIsImV4cCI6MTc0OTIwMDEyNSwiaWF0IjoxNzQ5MTEzNzI1LCJqdGkiOiI1OWI0ZTM2MTAzNTc0MDJiODdkNzdhMzRmYjUyNmU4ZiIsInVzZXJfaWQiOjR9.9Jx2NcJKavU8K_5--F4cCTzIYXAPzYLFi7Lb0NtvHCc	2025-06-05 09:55:25.049688+01	2025-06-06 09:55:25+01	4	59b4e3610357402b87d77a34fb526e8f
127	eyJhbGciOiJIUzI1NiIsInR5cCI6IkpXVCJ9.eyJ0b2tlbl90eXBlIjoicmVmcmVzaCIsImV4cCI6MTc0OTIwMDk0NSwiaWF0IjoxNzQ5MTE0NTQ1LCJqdGkiOiI2MTBkNjJjYWJiMzA0NTQ4OTZjMDIzYWUxYzZjOTc5MiIsInVzZXJfaWQiOjR9.ead1kPqFldbGp7cAB_S4AIzd8Gpqjqzd5rxpfOfoiBI	2025-06-05 10:09:05.215703+01	2025-06-06 10:09:05+01	4	610d62cabb30454896c023ae1c6c9792
128	eyJhbGciOiJIUzI1NiIsInR5cCI6IkpXVCJ9.eyJ0b2tlbl90eXBlIjoicmVmcmVzaCIsImV4cCI6MTc0OTIwMjA1OSwiaWF0IjoxNzQ5MTE1NjU5LCJqdGkiOiJhMWQ2ODYzZGI2NjY0OWY5OWM0OTkxMDdkNTM0N2JiYiIsInVzZXJfaWQiOjR9.UM_KLcpFk4gihbV4KI0x69uHWbRu8K2y1wM8dOyVXbM	2025-06-05 10:27:39.874625+01	2025-06-06 10:27:39+01	4	a1d6863db66649f99c499107d5347bbb
129	eyJhbGciOiJIUzI1NiIsInR5cCI6IkpXVCJ9.eyJ0b2tlbl90eXBlIjoicmVmcmVzaCIsImV4cCI6MTc0OTIyMzQ4MywiaWF0IjoxNzQ5MTM3MDgzLCJqdGkiOiI1MzNiMDUyM2YyNDg0NGZkYTIzNGMzZGY5YmQxNjU3MSIsInVzZXJfaWQiOjR9.4JC9f2oK_QMInC0qBOGmTkdTZP7oE_3BoMXX6ichRBQ	2025-06-05 16:24:43.737534+01	2025-06-06 16:24:43+01	4	533b0523f24844fda234c3df9bd16571
130	eyJhbGciOiJIUzI1NiIsInR5cCI6IkpXVCJ9.eyJ0b2tlbl90eXBlIjoicmVmcmVzaCIsImV4cCI6MTc0OTIyMzc0MCwiaWF0IjoxNzQ5MTM3MzQwLCJqdGkiOiI2MmIyYmM2NmI4N2M0MDE2OWQ1ODU0YWIxZDY0ZTNkMSIsInVzZXJfaWQiOjR9.ucvGx0m4rJPQVCYSAHiU5gRBx8eRJuJtY5Z-LelogKw	2025-06-05 16:29:00.170726+01	2025-06-06 16:29:00+01	4	62b2bc66b87c40169d5854ab1d64e3d1
131	eyJhbGciOiJIUzI1NiIsInR5cCI6IkpXVCJ9.eyJ0b2tlbl90eXBlIjoicmVmcmVzaCIsImV4cCI6MTc0OTIyNDY0OSwiaWF0IjoxNzQ5MTM4MjQ5LCJqdGkiOiJkNDU4ODRmYTUyMzM0NjhmODFlYmVhMzQyZjllZDcxYiIsInVzZXJfaWQiOjR9.V2IgSN4vi6g66NgG8W02sS7-ECF_F3A0NtY8vVnN6Qo	2025-06-05 16:44:09.984061+01	2025-06-06 16:44:09+01	4	d45884fa5233468f81ebea342f9ed71b
132	eyJhbGciOiJIUzI1NiIsInR5cCI6IkpXVCJ9.eyJ0b2tlbl90eXBlIjoicmVmcmVzaCIsImV4cCI6MTc0OTIyNTU1MSwiaWF0IjoxNzQ5MTM5MTUxLCJqdGkiOiIyOWYyM2FkYThiMTc0N2I5OWYzOGUzMGIxZWE2YWEzYiIsInVzZXJfaWQiOjExfQ.OETDKShosKO5lYzn6fu2vNV4lAs1Rddk0nCtF1lJBCY	2025-06-05 16:59:11.479465+01	2025-06-06 16:59:11+01	11	29f23ada8b1747b99f38e30b1ea6aa3b
133	eyJhbGciOiJIUzI1NiIsInR5cCI6IkpXVCJ9.eyJ0b2tlbl90eXBlIjoicmVmcmVzaCIsImV4cCI6MTc0OTIyNTgyNSwiaWF0IjoxNzQ5MTM5NDI1LCJqdGkiOiJiYmM5YmU4MTFlNjc0NWE3YTA3NjcxNTg4MGZkZmU5MSIsInVzZXJfaWQiOjR9.lyjG2NFDzK27l9OtHyefjFLWCu_pwwMbSUQpsQEr_Nw	2025-06-05 17:03:45.147989+01	2025-06-06 17:03:45+01	4	bbc9be811e6745a7a076715880fdfe91
134	eyJhbGciOiJIUzI1NiIsInR5cCI6IkpXVCJ9.eyJ0b2tlbl90eXBlIjoicmVmcmVzaCIsImV4cCI6MTc0OTIyNjU0MCwiaWF0IjoxNzQ5MTQwMTQwLCJqdGkiOiI0MmMzMDA5ODYyMWM0OTExYWU4OWVmYWFmN2Q3MzIzZSIsInVzZXJfaWQiOjExfQ.oOe6ebniXpUJqBW0HhQI5fFGoU-O0LRkdx1jxdgSi0s	2025-06-05 17:15:40.649024+01	2025-06-06 17:15:40+01	11	42c30098621c4911ae89efaaf7d7323e
135	eyJhbGciOiJIUzI1NiIsInR5cCI6IkpXVCJ9.eyJ0b2tlbl90eXBlIjoicmVmcmVzaCIsImV4cCI6MTc0OTIyOTA3NiwiaWF0IjoxNzQ5MTQyNjc2LCJqdGkiOiI3ZjY3ZTFjMDcyNjY0YjQ2YWM3MTQ0YjYzOGJkNDM3YiIsInVzZXJfaWQiOjExfQ.vgz3yJgSb5cQPhzj4ShUd6c3xPrdYR_O-D6tUGxpb0s	2025-06-05 17:57:56.014277+01	2025-06-06 17:57:56+01	11	7f67e1c072664b46ac7144b638bd437b
136	eyJhbGciOiJIUzI1NiIsInR5cCI6IkpXVCJ9.eyJ0b2tlbl90eXBlIjoicmVmcmVzaCIsImV4cCI6MTc0OTIzMDEyNywiaWF0IjoxNzQ5MTQzNzI3LCJqdGkiOiJiZTYxMjQ1ZjBmOTY0NDg3YmE1ZjllOGQ1MTMzOWY5MiIsInVzZXJfaWQiOjExfQ.31w2ucvDmanYlG55Y5jpRQ7IAY4m0KQFO0zpPvsqsS0	2025-06-05 18:15:27.034373+01	2025-06-06 18:15:27+01	11	be61245f0f964487ba5f9e8d51339f92
137	eyJhbGciOiJIUzI1NiIsInR5cCI6IkpXVCJ9.eyJ0b2tlbl90eXBlIjoicmVmcmVzaCIsImV4cCI6MTc0OTIzMDUyOSwiaWF0IjoxNzQ5MTQ0MTI5LCJqdGkiOiIzODE3NDA2MGYzODM0OTE3OTE3Yzc1MzczYTg3YmNlNCIsInVzZXJfaWQiOjR9.Rv8AT-xaPIp5ezT2QbdMZYxiAgu1SJ2R6CI-BZKqkls	2025-06-05 18:22:09.688468+01	2025-06-06 18:22:09+01	4	38174060f3834917917c75373a87bce4
138	eyJhbGciOiJIUzI1NiIsInR5cCI6IkpXVCJ9.eyJ0b2tlbl90eXBlIjoicmVmcmVzaCIsImV4cCI6MTc0OTIzMDcyOSwiaWF0IjoxNzQ5MTQ0MzI5LCJqdGkiOiJkNmQ0NjBmMjdjYmQ0MGFjODgyMGYxYWM1ZTQ2Y2ViOCIsInVzZXJfaWQiOjExfQ.rSI9HX_KhFE9UxlaFVlS0dzdqIQlNGs8-_r5b2R_ZFI	2025-06-05 18:25:29.607679+01	2025-06-06 18:25:29+01	11	d6d460f27cbd40ac8820f1ac5e46ceb8
139	eyJhbGciOiJIUzI1NiIsInR5cCI6IkpXVCJ9.eyJ0b2tlbl90eXBlIjoicmVmcmVzaCIsImV4cCI6MTc0OTIzMTQ2NywiaWF0IjoxNzQ5MTQ1MDY3LCJqdGkiOiIwZWFiMzY4ZTFhYTE0MDM0YmE4Y2VkZDY5ZmNiOGQxOCIsInVzZXJfaWQiOjExfQ.tk4j4FT9kpBN7Wkt-ObWIBe8fSKVX3Lb6fDb9ERjc7Q	2025-06-05 18:37:47.6788+01	2025-06-06 18:37:47+01	11	0eab368e1aa14034ba8cedd69fcb8d18
140	eyJhbGciOiJIUzI1NiIsInR5cCI6IkpXVCJ9.eyJ0b2tlbl90eXBlIjoicmVmcmVzaCIsImV4cCI6MTc0OTIzMzMzNCwiaWF0IjoxNzQ5MTQ2OTM0LCJqdGkiOiI2ZWI4NmYxNGI0MzA0NDlmYTdmNGY0NmRhODg0MmQ1YyIsInVzZXJfaWQiOjExfQ.vBavDVSwFSPqsA3q7AZhfcDToTaoXDUMbRzGMImovDA	2025-06-05 19:08:54.189683+01	2025-06-06 19:08:54+01	11	6eb86f14b430449fa7f4f46da8842d5c
141	eyJhbGciOiJIUzI1NiIsInR5cCI6IkpXVCJ9.eyJ0b2tlbl90eXBlIjoicmVmcmVzaCIsImV4cCI6MTc0OTIzNTkyOSwiaWF0IjoxNzQ5MTQ5NTI5LCJqdGkiOiIzMzIzNTFjY2RhNDY0Y2EwYjNmYzc1YzYxOWY3ZGNmOSIsInVzZXJfaWQiOjExfQ.aiy92ueKz3HGf6q_z_1F-jpMF8gslLGcrWsiI61xsK8	2025-06-05 19:52:09.226877+01	2025-06-06 19:52:09+01	11	332351ccda464ca0b3fc75c619f7dcf9
142	eyJhbGciOiJIUzI1NiIsInR5cCI6IkpXVCJ9.eyJ0b2tlbl90eXBlIjoicmVmcmVzaCIsImV4cCI6MTc0OTIzNzU4MCwiaWF0IjoxNzQ5MTUxMTgwLCJqdGkiOiI1MjI0M2ZhMzg1MjY0MDQwOThkZWI5MDIxMzM2YjRiMSIsInVzZXJfaWQiOjExfQ.FyMuXKkE1GwPQfuRxARmCpBKvOsxwUHDs1Kw75Ct9Dw	2025-06-05 20:19:40.831218+01	2025-06-06 20:19:40+01	11	52243fa38526404098deb9021336b4b1
143	eyJhbGciOiJIUzI1NiIsInR5cCI6IkpXVCJ9.eyJ0b2tlbl90eXBlIjoicmVmcmVzaCIsImV4cCI6MTc0OTIzNzg2MiwiaWF0IjoxNzQ5MTUxNDYyLCJqdGkiOiIzNWRiOGM5Mzk3ZTU0ZGQyOWI1MzdiYjY5MDRjZWUzNiIsInVzZXJfaWQiOjExfQ.-yKbc_Pvg-8AcCs7qdSbmHcw5PziVs-0UF4jApORMnc	2025-06-05 20:24:22.902514+01	2025-06-06 20:24:22+01	11	35db8c9397e54dd29b537bb6904cee36
144	eyJhbGciOiJIUzI1NiIsInR5cCI6IkpXVCJ9.eyJ0b2tlbl90eXBlIjoicmVmcmVzaCIsImV4cCI6MTc0OTIzOTgyMiwiaWF0IjoxNzQ5MTUzNDIyLCJqdGkiOiJjODdkMWM3OWZjZjQ0NWIyYTk2NTk4ODg3ZjQxYjM4ZiIsInVzZXJfaWQiOjExfQ.5bG0EdjDeBGhWiImHGOdE42fOel0dZP57v1TPlIL8I0	2025-06-05 20:57:02.489208+01	2025-06-06 20:57:02+01	11	c87d1c79fcf445b2a96598887f41b38f
145	eyJhbGciOiJIUzI1NiIsInR5cCI6IkpXVCJ9.eyJ0b2tlbl90eXBlIjoicmVmcmVzaCIsImV4cCI6MTc0OTI0MTIwMiwiaWF0IjoxNzQ5MTU0ODAyLCJqdGkiOiJjMWUxN2IwY2RlOWE0ZTMzODAzMjI5NTZkZWYwODM5ZSIsInVzZXJfaWQiOjExfQ.ZTOC6_sO3AGpGLfRC_k5NB8wqh1As7SA1odyuNeZkDs	2025-06-05 21:20:02.002139+01	2025-06-06 21:20:02+01	11	c1e17b0cde9a4e3380322956def0839e
146	eyJhbGciOiJIUzI1NiIsInR5cCI6IkpXVCJ9.eyJ0b2tlbl90eXBlIjoicmVmcmVzaCIsImV4cCI6MTc0OTI0Mjk1MSwiaWF0IjoxNzQ5MTU2NTUxLCJqdGkiOiIyNDFjMWMwNDBkNmE0ODU0OWZiMDg3MmU3YjBkN2EwNyIsInVzZXJfaWQiOjExfQ.MwIomKgzp4h-5F-TkMJFKp2xoYR2fFSklGAJb4witos	2025-06-05 21:49:11.557025+01	2025-06-06 21:49:11+01	11	241c1c040d6a48549fb0872e7b0d7a07
147	eyJhbGciOiJIUzI1NiIsInR5cCI6IkpXVCJ9.eyJ0b2tlbl90eXBlIjoicmVmcmVzaCIsImV4cCI6MTc0OTI0MzExNCwiaWF0IjoxNzQ5MTU2NzE0LCJqdGkiOiJmZDg2Nzk2NjJkNWE0ZDIxODRlNDU0YjE4ZDhhNzNiZSIsInVzZXJfaWQiOjExfQ.5MO2VDbU98XJ7iTFh1QVvHO3ChINgXMN2yb6tApT6Do	2025-06-05 21:51:54.594893+01	2025-06-06 21:51:54+01	11	fd8679662d5a4d2184e454b18d8a73be
148	eyJhbGciOiJIUzI1NiIsInR5cCI6IkpXVCJ9.eyJ0b2tlbl90eXBlIjoicmVmcmVzaCIsImV4cCI6MTc0OTI0MzE4MCwiaWF0IjoxNzQ5MTU2NzgwLCJqdGkiOiJlMjhkZWYyZjFhMGU0ZTVmODY2YjcxZGIzZjY4ODQ1YiIsInVzZXJfaWQiOjExfQ.CKDk4beKdhPDQxl74ZhnHSwUKU053u_dPdanxtzsFWk	2025-06-05 21:53:00.299781+01	2025-06-06 21:53:00+01	11	e28def2f1a0e4e5f866b71db3f68845b
149	eyJhbGciOiJIUzI1NiIsInR5cCI6IkpXVCJ9.eyJ0b2tlbl90eXBlIjoicmVmcmVzaCIsImV4cCI6MTc0OTI0MzQ3OCwiaWF0IjoxNzQ5MTU3MDc4LCJqdGkiOiJlM2I1ZGI0ODhhYjg0YTU3OGUxOGVjMzBmMmE1MDllZiIsInVzZXJfaWQiOjR9.RqjW5QteZixPPjNsrbv-dpi5evORNBec8BXpT5-rSzs	2025-06-05 21:57:58.011162+01	2025-06-06 21:57:58+01	4	e3b5db488ab84a578e18ec30f2a509ef
150	eyJhbGciOiJIUzI1NiIsInR5cCI6IkpXVCJ9.eyJ0b2tlbl90eXBlIjoicmVmcmVzaCIsImV4cCI6MTc0OTMwMTI2OSwiaWF0IjoxNzQ5MjE0ODY5LCJqdGkiOiIwOTIyYTYwZTEzODk0YWYzYmI5ZjU4YzMxZjNkMGY3NiIsInVzZXJfaWQiOjR9.XC800ETFZVi4_GLGqpNbV4sDDEZcniB0ZE0csUg9eEE	2025-06-06 14:01:09.068796+01	2025-06-07 14:01:09+01	4	0922a60e13894af3bb9f58c31f3d0f76
151	eyJhbGciOiJIUzI1NiIsInR5cCI6IkpXVCJ9.eyJ0b2tlbl90eXBlIjoicmVmcmVzaCIsImV4cCI6MTc0OTMyMjE4MiwiaWF0IjoxNzQ5MjM1NzgyLCJqdGkiOiJhOTFkYzgwZTdhMjk0ZWNmOWViMTU3MWUwY2YyMWVjZiIsInVzZXJfaWQiOjR9.B6W7xQRN6VJ7wf6uJWL0t9eBxhn0-IEptiebljRyIzQ	2025-06-06 19:49:42.057624+01	2025-06-07 19:49:42+01	4	a91dc80e7a294ecf9eb1571e0cf21ecf
152	eyJhbGciOiJIUzI1NiIsInR5cCI6IkpXVCJ9.eyJ0b2tlbl90eXBlIjoicmVmcmVzaCIsImV4cCI6MTc0OTM2ODE1NSwiaWF0IjoxNzQ5MjgxNzU1LCJqdGkiOiJjMTc0MmVhOTBhNDc0ZjcxYjVlOTIwNmVhMjI4YjA1ZSIsInVzZXJfaWQiOjR9.CP5NDM_NVjeZJhjGkO1UxgGlP5KxXRq6-TqWV_zm_qs	2025-06-07 08:35:55.086035+01	2025-06-08 08:35:55+01	4	c1742ea90a474f71b5e9206ea228b05e
153	eyJhbGciOiJIUzI1NiIsInR5cCI6IkpXVCJ9.eyJ0b2tlbl90eXBlIjoicmVmcmVzaCIsImV4cCI6MTc0OTM2OTgxMSwiaWF0IjoxNzQ5MjgzNDExLCJqdGkiOiIyMTFhNmQ5OWIzOGI0NzlhYjE3MDE1ZjlhYzY0ZjM3NSIsInVzZXJfaWQiOjR9.vRm08J82e5sdyPARUcKXRxadZMTUGtW2i0DDvg9R8Q4	2025-06-07 09:03:31.06508+01	2025-06-08 09:03:31+01	4	211a6d99b38b479ab17015f9ac64f375
154	eyJhbGciOiJIUzI1NiIsInR5cCI6IkpXVCJ9.eyJ0b2tlbl90eXBlIjoicmVmcmVzaCIsImV4cCI6MTc0OTM3MTA1MSwiaWF0IjoxNzQ5Mjg0NjUxLCJqdGkiOiI5Yjk2NDc2MzAzZWQ0MThmYjFlMmQyN2M0ZmUyZjA4ZCIsInVzZXJfaWQiOjR9.CMCIcUEddcwIahmWMZRqRVOEYPhoEzQ_kaNwGlSDBwY	2025-06-07 09:24:11.640873+01	2025-06-08 09:24:11+01	4	9b96476303ed418fb1e2d27c4fe2f08d
155	eyJhbGciOiJIUzI1NiIsInR5cCI6IkpXVCJ9.eyJ0b2tlbl90eXBlIjoicmVmcmVzaCIsImV4cCI6MTc0OTM3Mjg2NywiaWF0IjoxNzQ5Mjg2NDY3LCJqdGkiOiJkODhhMmZlYjAxMjQ0NzQ2OWMxYjMyYjVlOGRmMTZkMyIsInVzZXJfaWQiOjR9.4qHyPD4krAsc02YzvKbTIN5k5TYQP1EOV95hN2W19Sw	2025-06-07 09:54:27.263502+01	2025-06-08 09:54:27+01	4	d88a2feb012447469c1b32b5e8df16d3
156	eyJhbGciOiJIUzI1NiIsInR5cCI6IkpXVCJ9.eyJ0b2tlbl90eXBlIjoicmVmcmVzaCIsImV4cCI6MTc0OTM3MzU2MCwiaWF0IjoxNzQ5Mjg3MTYwLCJqdGkiOiIwN2M3ZDQ3YjZhNzg0YTBiOTU0N2QwYTI0MWIxNjU4NCIsInVzZXJfaWQiOjR9.oyci7JYzv043AHHEzm_glZlAmMb061kFpMLTD4N-wt8	2025-06-07 10:06:00.045808+01	2025-06-08 10:06:00+01	4	07c7d47b6a784a0b9547d0a241b16584
157	eyJhbGciOiJIUzI1NiIsInR5cCI6IkpXVCJ9.eyJ0b2tlbl90eXBlIjoicmVmcmVzaCIsImV4cCI6MTc0OTM3NTE0NSwiaWF0IjoxNzQ5Mjg4NzQ1LCJqdGkiOiI2OTZhYjhkZTUwZWM0Yjc1YTYxZmQzYjI5YjA1ZTdhOCIsInVzZXJfaWQiOjR9.IlNwJbNMcmK1BP67xX8W8ne_DmqefW3Uw2K5BXuuw4Q	2025-06-07 10:32:25.754844+01	2025-06-08 10:32:25+01	4	696ab8de50ec4b75a61fd3b29b05e7a8
158	eyJhbGciOiJIUzI1NiIsInR5cCI6IkpXVCJ9.eyJ0b2tlbl90eXBlIjoicmVmcmVzaCIsImV4cCI6MTc0OTM3NzI2MywiaWF0IjoxNzQ5MjkwODYzLCJqdGkiOiJmODY3NjVhYzc3YmY0NmUwODMzM2ExNWIwM2M1M2Y4YiIsInVzZXJfaWQiOjR9.JQtcQr0SlkHPnlJggZB3pGgRAfwrfcmciiR3m03pEyg	2025-06-07 11:07:43.661248+01	2025-06-08 11:07:43+01	4	f86765ac77bf46e08333a15b03c53f8b
159	eyJhbGciOiJIUzI1NiIsInR5cCI6IkpXVCJ9.eyJ0b2tlbl90eXBlIjoicmVmcmVzaCIsImV4cCI6MTc0OTU3MzMyMCwiaWF0IjoxNzQ5NDg2OTIwLCJqdGkiOiI5OWE2ZjMzYzI5MmY0NjM2ODE0YzZlMmQ5NzFkODQ5MSIsInVzZXJfaWQiOjR9.pZbGteYT49ADsjc1ZJgemOqm1jsQAiqEZiNiI96Ayfg	2025-06-09 17:35:20.391433+01	2025-06-10 17:35:20+01	4	99a6f33c292f4636814c6e2d971d8491
160	eyJhbGciOiJIUzI1NiIsInR5cCI6IkpXVCJ9.eyJ0b2tlbl90eXBlIjoicmVmcmVzaCIsImV4cCI6MTc0OTU3NTY3MywiaWF0IjoxNzQ5NDg5MjczLCJqdGkiOiJkYjc3N2QwZTI2YTg0ZmYxODQwNWVmZjNlYzM5ODVlMiIsInVzZXJfaWQiOjR9.CeHlGaRo5LG-3fnfkfJ8FESE61EZcv3vDJXpe6mcBIQ	2025-06-09 18:14:33.999083+01	2025-06-10 18:14:33+01	4	db777d0e26a84ff18405eff3ec3985e2
161	eyJhbGciOiJIUzI1NiIsInR5cCI6IkpXVCJ9.eyJ0b2tlbl90eXBlIjoicmVmcmVzaCIsImV4cCI6MTc0OTU3Nzg5NCwiaWF0IjoxNzQ5NDkxNDk0LCJqdGkiOiI1YjUwN2NkZGQ1MDc0ZDA1YjZhYmJmYzExNzg5ODgxZiIsInVzZXJfaWQiOjR9.dxS-v1Gwtufb2dnfbfak6N6H4_bHJ-odtR5cViF1nvQ	2025-06-09 18:51:34.244898+01	2025-06-10 18:51:34+01	4	5b507cddd5074d05b6abbfc11789881f
162	eyJhbGciOiJIUzI1NiIsInR5cCI6IkpXVCJ9.eyJ0b2tlbl90eXBlIjoicmVmcmVzaCIsImV4cCI6MTc0OTU3OTkzMywiaWF0IjoxNzQ5NDkzNTMzLCJqdGkiOiI4NzRkNTIzOWM4Mzc0ODY0ODcwMDI5YWQ2MmU1YTA5ZiIsInVzZXJfaWQiOjR9.DHrAoJ_NlPS8kTPkysKJ_2MCiYQMViHd3KPXyMR7YAE	2025-06-09 19:25:33.910148+01	2025-06-10 19:25:33+01	4	874d5239c8374864870029ad62e5a09f
163	eyJhbGciOiJIUzI1NiIsInR5cCI6IkpXVCJ9.eyJ0b2tlbl90eXBlIjoicmVmcmVzaCIsImV4cCI6MTc0OTU4NzI2MSwiaWF0IjoxNzQ5NTAwODYxLCJqdGkiOiI4MGMzZWEwNDc0Y2Q0ZWM3OTU1OGM1MzE5M2Q5NWIxMyIsInVzZXJfaWQiOjR9.NSYEdEQFEPrQ0GmMhEFlPiTAdc6zJukH2_c9lVxIN84	2025-06-09 21:27:41.649795+01	2025-06-10 21:27:41+01	4	80c3ea0474cd4ec79558c53193d95b13
164	eyJhbGciOiJIUzI1NiIsInR5cCI6IkpXVCJ9.eyJ0b2tlbl90eXBlIjoicmVmcmVzaCIsImV4cCI6MTc0OTU4OTE5MiwiaWF0IjoxNzQ5NTAyNzkyLCJqdGkiOiIwZWQ4NTczNDUxNjc0NTBlYTNmZTg2YTY3YzZlMjE0YyIsInVzZXJfaWQiOjR9.d66ZqxHr9sKiq1_DXyfVDB9kN9A_i4u9Z4CKN65fbKc	2025-06-09 21:59:52.393796+01	2025-06-10 21:59:52+01	4	0ed857345167450ea3fe86a67c6e214c
165	eyJhbGciOiJIUzI1NiIsInR5cCI6IkpXVCJ9.eyJ0b2tlbl90eXBlIjoicmVmcmVzaCIsImV4cCI6MTc0OTU5MTAzOCwiaWF0IjoxNzQ5NTA0NjM4LCJqdGkiOiIxMTc2MzE2ODRkMTg0NGI3YjliOGQ3YmVhMTcyZDkxYiIsInVzZXJfaWQiOjR9.C827_dMrI3XHFe1aTDJ1Ht6Fomf2kSPDOr1fJ3grrTg	2025-06-09 22:30:38.568882+01	2025-06-10 22:30:38+01	4	117631684d1844b7b9b8d7bea172d91b
166	eyJhbGciOiJIUzI1NiIsInR5cCI6IkpXVCJ9.eyJ0b2tlbl90eXBlIjoicmVmcmVzaCIsImV4cCI6MTc0OTYzMTU4OCwiaWF0IjoxNzQ5NTQ1MTg4LCJqdGkiOiIyMmY5YWE2ZWEzNDI0NWFlOGI4ODFjNmVhMDY1NWFiMiIsInVzZXJfaWQiOjR9.-yVi52WFwLhTTRaHx0LAYeSEbxnu8Oz_nDqKmdS6Wpc	2025-06-10 09:46:28.172782+01	2025-06-11 09:46:28+01	4	22f9aa6ea34245ae8b881c6ea0655ab2
167	eyJhbGciOiJIUzI1NiIsInR5cCI6IkpXVCJ9.eyJ0b2tlbl90eXBlIjoicmVmcmVzaCIsImV4cCI6MTc0OTYzMjk5OCwiaWF0IjoxNzQ5NTQ2NTk4LCJqdGkiOiIwYjAyMmMwMzMxMDM0OTE1YmUxNjU4NTUyYjZiYmVlNyIsInVzZXJfaWQiOjR9.mc2fQfZi9io778shVD6nasE8rvZvsUOnEW0Qef9C070	2025-06-10 10:09:58.098409+01	2025-06-11 10:09:58+01	4	0b022c0331034915be1658552b6bbee7
168	eyJhbGciOiJIUzI1NiIsInR5cCI6IkpXVCJ9.eyJ0b2tlbl90eXBlIjoicmVmcmVzaCIsImV4cCI6MTc0OTYzMzE0OSwiaWF0IjoxNzQ5NTQ2NzQ5LCJqdGkiOiIwM2I1YzYxMmYzZjM0MDU1YWQyMjlmMzAxNTcwNzUzYiIsInVzZXJfaWQiOjJ9.CckxzfUrO2dPCgjA0mXDdzPC73vRm5CpFUmCxtUamAo	2025-06-10 10:12:29.295677+01	2025-06-11 10:12:29+01	2	03b5c612f3f34055ad229f301570753b
169	eyJhbGciOiJIUzI1NiIsInR5cCI6IkpXVCJ9.eyJ0b2tlbl90eXBlIjoicmVmcmVzaCIsImV4cCI6MTc0OTYzMzc3MiwiaWF0IjoxNzQ5NTQ3MzcyLCJqdGkiOiJlOGUyYmY1YmUwMzg0ZjFkYmNhY2RmMWRlY2M5Mzg4MiIsInVzZXJfaWQiOjR9.EkmOtECz1UUsxChfBHdJLQIz_mRNkMcOO9Xu4yv3bXU	2025-06-10 10:22:52.353966+01	2025-06-11 10:22:52+01	4	e8e2bf5be0384f1dbcacdf1decc93882
170	eyJhbGciOiJIUzI1NiIsInR5cCI6IkpXVCJ9.eyJ0b2tlbl90eXBlIjoicmVmcmVzaCIsImV4cCI6MTc0OTYzMzk0OSwiaWF0IjoxNzQ5NTQ3NTQ5LCJqdGkiOiIwZmUyOGNiYTQwNzc0MDlhYWU2MjgwYmQ1NDJjZTZlMSIsInVzZXJfaWQiOjR9.-3-k10eT56tnkKH4VOSg5QVPYbBivj4W4rGq_kVQAVs	2025-06-10 10:25:49.614628+01	2025-06-11 10:25:49+01	4	0fe28cba4077409aae6280bd542ce6e1
171	eyJhbGciOiJIUzI1NiIsInR5cCI6IkpXVCJ9.eyJ0b2tlbl90eXBlIjoicmVmcmVzaCIsImV4cCI6MTc0OTY1ODIwNSwiaWF0IjoxNzQ5NTcxODA1LCJqdGkiOiIwODY2YTc1OGY0NDA0YzZkYjc5OWJiOTQ3ODUyZjhjNyIsInVzZXJfaWQiOjR9.9fZG6hvjCXj7TT9yhM1Prz1ZeMWwGBaqRN3t2QvGyck	2025-06-10 17:10:05.348992+01	2025-06-11 17:10:05+01	4	0866a758f4404c6db799bb947852f8c7
172	eyJhbGciOiJIUzI1NiIsInR5cCI6IkpXVCJ9.eyJ0b2tlbl90eXBlIjoicmVmcmVzaCIsImV4cCI6MTc0OTkxOTAxOSwiaWF0IjoxNzQ5ODMyNjE5LCJqdGkiOiJmMmJkZWNmODBhZTQ0ZGFiOTkxMTg4YWRhMWU0ZWRjMCIsInVzZXJfaWQiOjR9.4sJOQvcGPQ_eBvKLzQ0odS0N9UQo2Z6xgKTgNHq1GzE	2025-06-13 17:36:59.627342+01	2025-06-14 17:36:59+01	4	f2bdecf80ae44dab991188ada1e4edc0
173	eyJhbGciOiJIUzI1NiIsInR5cCI6IkpXVCJ9.eyJ0b2tlbl90eXBlIjoicmVmcmVzaCIsImV4cCI6MTc0OTkyMDk2NywiaWF0IjoxNzQ5ODM0NTY3LCJqdGkiOiI0YWU5YTkwYjMwZmI0N2ZmYWJiNWY3NTNkYTc3MDcwMiIsInVzZXJfaWQiOjR9.00VwOhLubSDvCYyeBIJy65R4M0lFw0RGCqlqsxJrFM4	2025-06-13 18:09:27.372063+01	2025-06-14 18:09:27+01	4	4ae9a90b30fb47ffabb5f753da770702
174	eyJhbGciOiJIUzI1NiIsInR5cCI6IkpXVCJ9.eyJ0b2tlbl90eXBlIjoicmVmcmVzaCIsImV4cCI6MTc0OTkyMzI1MCwiaWF0IjoxNzQ5ODM2ODUwLCJqdGkiOiIyZWU2OWI2OTRlMTI0MWU5YWQzY2E5MTc1ZjllN2FhZiIsInVzZXJfaWQiOjR9.5OWttatcF09-b_1uRSENbIkZlWYVR5XMdtpv8jTf1C4	2025-06-13 18:47:30.892788+01	2025-06-14 18:47:30+01	4	2ee69b694e1241e9ad3ca9175f9e7aaf
175	eyJhbGciOiJIUzI1NiIsInR5cCI6IkpXVCJ9.eyJ0b2tlbl90eXBlIjoicmVmcmVzaCIsImV4cCI6MTc0OTkyNDc1NywiaWF0IjoxNzQ5ODM4MzU3LCJqdGkiOiI1YmY1ZWMyN2E0ODU0NGNlOWZhNzRlNWY0YjhiZDdmZSIsInVzZXJfaWQiOjJ9.xp5d0FipJMJ-lduyFFUJNXSxbNmSgHb2oB5qQBoLWYA	2025-06-13 19:12:37.585482+01	2025-06-14 19:12:37+01	2	5bf5ec27a48544ce9fa74e5f4b8bd7fe
176	eyJhbGciOiJIUzI1NiIsInR5cCI6IkpXVCJ9.eyJ0b2tlbl90eXBlIjoicmVmcmVzaCIsImV4cCI6MTc0OTkzNDg1NywiaWF0IjoxNzQ5ODQ4NDU3LCJqdGkiOiI4ZmI2OGMzYmNmMmE0ZWE5YjRlMzYyYWViMTQ5NGI5YSIsInVzZXJfaWQiOjJ9.V2rQC6GSX-rHYV_6sSza5ssCQGZoqlqeGJ1imIPFcaU	2025-06-13 22:00:57.510675+01	2025-06-14 22:00:57+01	2	8fb68c3bcf2a4ea9b4e362aeb1494b9a
177	eyJhbGciOiJIUzI1NiIsInR5cCI6IkpXVCJ9.eyJ0b2tlbl90eXBlIjoicmVmcmVzaCIsImV4cCI6MTc0OTkzNTU5MiwiaWF0IjoxNzQ5ODQ5MTkyLCJqdGkiOiI5MmJjNTg5YTVkNTQ0ZDZmYWM5MjdkNGVkMmEyYTUxYiIsInVzZXJfaWQiOjExfQ.GUFgwEujVRNpgbZTgP_qepcZZEZhENW0wIPXoyiov5Y	2025-06-13 22:13:12.767723+01	2025-06-14 22:13:12+01	11	92bc589a5d544d6fac927d4ed2a2a51b
178	eyJhbGciOiJIUzI1NiIsInR5cCI6IkpXVCJ9.eyJ0b2tlbl90eXBlIjoicmVmcmVzaCIsImV4cCI6MTc0OTk0NDQ2MywiaWF0IjoxNzQ5ODU4MDYzLCJqdGkiOiIxYWEwMmQ1NTk2MTk0MDJkYTBkZTIzNTIyOTUwMjgzZSIsInVzZXJfaWQiOjR9.cY72A4J989DKiPzDEcZnZVH3gLeirvBri4Wy6EJjNH4	2025-06-14 00:41:03.110467+01	2025-06-15 00:41:03+01	4	1aa02d559619402da0de23522950283e
179	eyJhbGciOiJIUzI1NiIsInR5cCI6IkpXVCJ9.eyJ0b2tlbl90eXBlIjoicmVmcmVzaCIsImV4cCI6MTc0OTk0NDU5MSwiaWF0IjoxNzQ5ODU4MTkxLCJqdGkiOiI5MGYzMjA1ZDg0OWQ0YmJlOGM0ZTM0ZmZiZjhiMmU2MCIsInVzZXJfaWQiOjExfQ.Y7FpteGgieV2X_F98yDe7cG1QqpbqyIwhO2SRG1w2J8	2025-06-14 00:43:11.004773+01	2025-06-15 00:43:11+01	11	90f3205d849d4bbe8c4e34ffbf8b2e60
180	eyJhbGciOiJIUzI1NiIsInR5cCI6IkpXVCJ9.eyJ0b2tlbl90eXBlIjoicmVmcmVzaCIsImV4cCI6MTc0OTk0NDYzNiwiaWF0IjoxNzQ5ODU4MjM2LCJqdGkiOiI4Y2Y5ZWM0NWM0NjM0Y2MyODdlMWUzYzM1OGJjZjI2YyIsInVzZXJfaWQiOjExfQ.QpMjUjK-JYTTj0k9ktF8MWPLoYFwAIrGqwgIoX0EODU	2025-06-14 00:43:56.723082+01	2025-06-15 00:43:56+01	11	8cf9ec45c4634cc287e1e3c358bcf26c
181	eyJhbGciOiJIUzI1NiIsInR5cCI6IkpXVCJ9.eyJ0b2tlbl90eXBlIjoicmVmcmVzaCIsImV4cCI6MTc0OTk0NTEyOCwiaWF0IjoxNzQ5ODU4NzI4LCJqdGkiOiJhOTgyNWI3N2RmMTk0YzY5YjRjMGNkNzdjYTM5MzdjZCIsInVzZXJfaWQiOjR9.42THoMemKRtHgDHg8-0blr5Brhy6pis1UihIUqZ_Sq8	2025-06-14 00:52:08.276715+01	2025-06-15 00:52:08+01	4	a9825b77df194c69b4c0cd77ca3937cd
182	eyJhbGciOiJIUzI1NiIsInR5cCI6IkpXVCJ9.eyJ0b2tlbl90eXBlIjoicmVmcmVzaCIsImV4cCI6MTc0OTk0NTkyOCwiaWF0IjoxNzQ5ODU5NTI4LCJqdGkiOiI1YjUyZDRmMjhjM2E0NGExOWZkYjk0YjM5MWIyNzNmNCIsInVzZXJfaWQiOjExfQ.SoOl_Lj1CMl-pmtytpD3SNh_N1cKQizD3x_2crxpxvc	2025-06-14 01:05:28.726995+01	2025-06-15 01:05:28+01	11	5b52d4f28c3a44a19fdb94b391b273f4
183	eyJhbGciOiJIUzI1NiIsInR5cCI6IkpXVCJ9.eyJ0b2tlbl90eXBlIjoicmVmcmVzaCIsImV4cCI6MTc0OTk0Njk2MSwiaWF0IjoxNzQ5ODYwNTYxLCJqdGkiOiI4NjVlNmIwZTFmMDY0MGFmYTFhNDhlN2IzYjIzNGJkMyIsInVzZXJfaWQiOjExfQ.AvWi55yQabNndt8W3TD8jEIbSe5ZUVlrOLwSFpIckFk	2025-06-14 01:22:41.437417+01	2025-06-15 01:22:41+01	11	865e6b0e1f0640afa1a48e7b3b234bd3
184	eyJhbGciOiJIUzI1NiIsInR5cCI6IkpXVCJ9.eyJ0b2tlbl90eXBlIjoicmVmcmVzaCIsImV4cCI6MTc0OTk0NzA3MSwiaWF0IjoxNzQ5ODYwNjcxLCJqdGkiOiI1MzNmODc0MTEwOWM0MzEwODU3YTNkZDJjZTAwMzYyOSIsInVzZXJfaWQiOjExfQ.7lh-zMUSoOrdBg3AfnwJ_2oiNXmPMZlCj-V6DHBHh_U	2025-06-14 01:24:31.763435+01	2025-06-15 01:24:31+01	11	533f8741109c4310857a3dd2ce003629
185	eyJhbGciOiJIUzI1NiIsInR5cCI6IkpXVCJ9.eyJ0b2tlbl90eXBlIjoicmVmcmVzaCIsImV4cCI6MTc0OTk0NzgzMSwiaWF0IjoxNzQ5ODYxNDMxLCJqdGkiOiI2NjA3OGJkZDY1MjM0NDIzOWJiOGI4NGNjZTNkMjkyYSIsInVzZXJfaWQiOjExfQ.RkH71NIvBE9H_CDFaK8J9xGXdnX4snPkcELDzmPZdgM	2025-06-14 01:37:11.203387+01	2025-06-15 01:37:11+01	11	66078bdd652344239bb8b84cce3d292a
186	eyJhbGciOiJIUzI1NiIsInR5cCI6IkpXVCJ9.eyJ0b2tlbl90eXBlIjoicmVmcmVzaCIsImV4cCI6MTc0OTk0Nzg5NCwiaWF0IjoxNzQ5ODYxNDk0LCJqdGkiOiJmMThmZTE4YWVlZGM0OWQ1OTVlMjI3N2E4MzlmMjU5YSIsInVzZXJfaWQiOjExfQ.SRPpKe4-BOipwUEp0jj04r-55BjzSUXMigIgwRbWmmI	2025-06-14 01:38:14.821521+01	2025-06-15 01:38:14+01	11	f18fe18aeedc49d595e2277a839f259a
187	eyJhbGciOiJIUzI1NiIsInR5cCI6IkpXVCJ9.eyJ0b2tlbl90eXBlIjoicmVmcmVzaCIsImV4cCI6MTc0OTk0ODA3OCwiaWF0IjoxNzQ5ODYxNjc4LCJqdGkiOiJkMTJiNWQ2YjEyYjA0MjFlYTVkNDVmMzNhZGQ0ODc3MyIsInVzZXJfaWQiOjExfQ.ZsuYmybP8YkFEoBjcBJ9Otguwum-YIIehTzVuK2uOd0	2025-06-14 01:41:18.818829+01	2025-06-15 01:41:18+01	11	d12b5d6b12b0421ea5d45f33add48773
188	eyJhbGciOiJIUzI1NiIsInR5cCI6IkpXVCJ9.eyJ0b2tlbl90eXBlIjoicmVmcmVzaCIsImV4cCI6MTc0OTk0ODIwOSwiaWF0IjoxNzQ5ODYxODA5LCJqdGkiOiJlMzFkMWVlM2NjYWU0MTZiYmQxM2M5OWFiYzI3YzhjNyIsInVzZXJfaWQiOjExfQ.m_eYKU1j8JBSYJCNRLAhVpZYdVhCIy4wdsViQOhvMRM	2025-06-14 01:43:29.444153+01	2025-06-15 01:43:29+01	11	e31d1ee3ccae416bbd13c99abc27c8c7
189	eyJhbGciOiJIUzI1NiIsInR5cCI6IkpXVCJ9.eyJ0b2tlbl90eXBlIjoicmVmcmVzaCIsImV4cCI6MTc0OTk3MTAzMCwiaWF0IjoxNzQ5ODg0NjMwLCJqdGkiOiJiMDMwY2RjYmVjMGY0ZTc0YTFkZjA0ZmUyZThiYmE4ZCIsInVzZXJfaWQiOjExfQ.6raCz4-6eZjJlyyyl5h8cAVtf3a7k9J1S0X9k8JSKe8	2025-06-14 08:03:50.665416+01	2025-06-15 08:03:50+01	11	b030cdcbec0f4e74a1df04fe2e8bba8d
190	eyJhbGciOiJIUzI1NiIsInR5cCI6IkpXVCJ9.eyJ0b2tlbl90eXBlIjoicmVmcmVzaCIsImV4cCI6MTc0OTk3MTA4MiwiaWF0IjoxNzQ5ODg0NjgyLCJqdGkiOiIwMmM3Y2Q2ZTNiZTI0NThhOTA3MDNkYmY4MDQ2NWM3MiIsInVzZXJfaWQiOjExfQ.666Bs8giMG9dZBKQQVjn8KE2edWCA87hz6zsYTw1VYk	2025-06-14 08:04:42.793804+01	2025-06-15 08:04:42+01	11	02c7cd6e3be2458a90703dbf80465c72
191	eyJhbGciOiJIUzI1NiIsInR5cCI6IkpXVCJ9.eyJ0b2tlbl90eXBlIjoicmVmcmVzaCIsImV4cCI6MTc0OTk3MTMwNSwiaWF0IjoxNzQ5ODg0OTA1LCJqdGkiOiJiZDE1ZmU0MDlmYWU0YTg1OGEyZmVkNWQxMDAyOGZkNCIsInVzZXJfaWQiOjExfQ.MJtCTlFYKVIxxhPdsAX5k5H29FKim4AayfYCO3iN2kI	2025-06-14 08:08:25.852932+01	2025-06-15 08:08:25+01	11	bd15fe409fae4a858a2fed5d10028fd4
192	eyJhbGciOiJIUzI1NiIsInR5cCI6IkpXVCJ9.eyJ0b2tlbl90eXBlIjoicmVmcmVzaCIsImV4cCI6MTc0OTk3MjEwMCwiaWF0IjoxNzQ5ODg1NzAwLCJqdGkiOiI5OWEwZTkyZmVlNDY0ODdiYTljM2U3NTllMmYxNGY3MiIsInVzZXJfaWQiOjExfQ.vkfFw-00-9RdNYFUpWs3IDXnmYJ51CwO_Sn_GcM3-jQ	2025-06-14 08:21:40.297848+01	2025-06-15 08:21:40+01	11	99a0e92fee46487ba9c3e759e2f14f72
193	eyJhbGciOiJIUzI1NiIsInR5cCI6IkpXVCJ9.eyJ0b2tlbl90eXBlIjoicmVmcmVzaCIsImV4cCI6MTc0OTk3MjM4MSwiaWF0IjoxNzQ5ODg1OTgxLCJqdGkiOiJmMTI5NDNiZGU1NDY0YzViYTUwZWY0NTA4NzNmMmIzOCIsInVzZXJfaWQiOjExfQ.yJaDtGpXPPGV1CVQDEKdd0l7PM-0F-ivrRNtEFWIeBM	2025-06-14 08:26:21.087345+01	2025-06-15 08:26:21+01	11	f12943bde5464c5ba50ef450873f2b38
194	eyJhbGciOiJIUzI1NiIsInR5cCI6IkpXVCJ9.eyJ0b2tlbl90eXBlIjoicmVmcmVzaCIsImV4cCI6MTc0OTk3Mjg4OSwiaWF0IjoxNzQ5ODg2NDg5LCJqdGkiOiJkY2MzZjQzMjE4MmE0YmY5YWEyMzMxODE0YTFjN2M4NCIsInVzZXJfaWQiOjExfQ.wu_dk34Dnyqskym7ewf1mxmzVWeCBtOwb_Ar8l8Vi0U	2025-06-14 08:34:49.898999+01	2025-06-15 08:34:49+01	11	dcc3f432182a4bf9aa2331814a1c7c84
195	eyJhbGciOiJIUzI1NiIsInR5cCI6IkpXVCJ9.eyJ0b2tlbl90eXBlIjoicmVmcmVzaCIsImV4cCI6MTc0OTk3MzA3NSwiaWF0IjoxNzQ5ODg2Njc1LCJqdGkiOiIxZmMwY2ZmNzM3NDA0ZjhkYTE5NDFkODhkMjA5MjFiMyIsInVzZXJfaWQiOjJ9.0y7uOLqf6co9wqBXGzqol7wA5DwrDlebM8f_unbqEAk	2025-06-14 08:37:55.051391+01	2025-06-15 08:37:55+01	2	1fc0cff737404f8da1941d88d20921b3
\.


--
-- Name: api_appointment_id_seq; Type: SEQUENCE SET; Schema: public; Owner: medic_db
--

SELECT pg_catalog.setval('public.api_appointment_id_seq', 13, true);


--
-- Name: api_appointmentdocument_allowed_viewers_id_seq; Type: SEQUENCE SET; Schema: public; Owner: medic_db
--

SELECT pg_catalog.setval('public.api_appointmentdocument_allowed_viewers_id_seq', 1, false);


--
-- Name: api_appointmentdocument_id_seq; Type: SEQUENCE SET; Schema: public; Owner: medic_db
--

SELECT pg_catalog.setval('public.api_appointmentdocument_id_seq', 1, false);


--
-- Name: api_appointmentfee_id_seq; Type: SEQUENCE SET; Schema: public; Owner: medic_db
--

SELECT pg_catalog.setval('public.api_appointmentfee_id_seq', 1, false);


--
-- Name: api_appointmentnotification_id_seq; Type: SEQUENCE SET; Schema: public; Owner: medic_db
--

SELECT pg_catalog.setval('public.api_appointmentnotification_id_seq', 161, true);


--
-- Name: api_appointmentreminder_id_seq; Type: SEQUENCE SET; Schema: public; Owner: medic_db
--

SELECT pg_catalog.setval('public.api_appointmentreminder_id_seq', 1, false);


--
-- Name: api_bodypartmapping_id_seq; Type: SEQUENCE SET; Schema: public; Owner: medic_db
--

SELECT pg_catalog.setval('public.api_bodypartmapping_id_seq', 1, false);


--
-- Name: api_clinicalnote_id_seq; Type: SEQUENCE SET; Schema: public; Owner: medic_db
--

SELECT pg_catalog.setval('public.api_clinicalnote_id_seq', 1, false);


--
-- Name: api_customuser_groups_id_seq; Type: SEQUENCE SET; Schema: public; Owner: medic_db
--

SELECT pg_catalog.setval('public.api_customuser_groups_id_seq', 1, false);


--
-- Name: api_customuser_id_seq; Type: SEQUENCE SET; Schema: public; Owner: medic_db
--

SELECT pg_catalog.setval('public.api_customuser_id_seq', 42, true);


--
-- Name: api_customuser_user_permissions_id_seq; Type: SEQUENCE SET; Schema: public; Owner: medic_db
--

SELECT pg_catalog.setval('public.api_customuser_user_permissions_id_seq', 1, false);


--
-- Name: api_department_id_seq; Type: SEQUENCE SET; Schema: public; Owner: medic_db
--

SELECT pg_catalog.setval('public.api_department_id_seq', 28, true);


--
-- Name: api_departmentemergency_id_seq; Type: SEQUENCE SET; Schema: public; Owner: medic_db
--

SELECT pg_catalog.setval('public.api_departmentemergency_id_seq', 1, false);


--
-- Name: api_doctor_id_seq; Type: SEQUENCE SET; Schema: public; Owner: medic_db
--

SELECT pg_catalog.setval('public.api_doctor_id_seq', 8, true);


--
-- Name: api_doctorinteraction_id_seq; Type: SEQUENCE SET; Schema: public; Owner: medic_db
--

SELECT pg_catalog.setval('public.api_doctorinteraction_id_seq', 10, true);


--
-- Name: api_documentaccesslog_id_seq; Type: SEQUENCE SET; Schema: public; Owner: medic_db
--

SELECT pg_catalog.setval('public.api_documentaccesslog_id_seq', 68, true);


--
-- Name: api_documentshare_id_seq; Type: SEQUENCE SET; Schema: public; Owner: medic_db
--

SELECT pg_catalog.setval('public.api_documentshare_id_seq', 1, false);


--
-- Name: api_familymedicalhistory_id_seq; Type: SEQUENCE SET; Schema: public; Owner: medic_db
--

SELECT pg_catalog.setval('public.api_familymedicalhistory_id_seq', 1, false);


--
-- Name: api_generalpractitioner_id_seq; Type: SEQUENCE SET; Schema: public; Owner: medic_db
--

SELECT pg_catalog.setval('public.api_generalpractitioner_id_seq', 1, false);


--
-- Name: api_geneticinformation_id_seq; Type: SEQUENCE SET; Schema: public; Owner: medic_db
--

SELECT pg_catalog.setval('public.api_geneticinformation_id_seq', 1, false);


--
-- Name: api_gppractice_id_seq; Type: SEQUENCE SET; Schema: public; Owner: medic_db
--

SELECT pg_catalog.setval('public.api_gppractice_id_seq', 1, false);


--
-- Name: api_hospital_id_seq; Type: SEQUENCE SET; Schema: public; Owner: medic_db
--

SELECT pg_catalog.setval('public.api_hospital_id_seq', 12, true);


--
-- Name: api_hospitaladmin_id_seq; Type: SEQUENCE SET; Schema: public; Owner: medic_db
--

SELECT pg_catalog.setval('public.api_hospitaladmin_id_seq', 13, true);


--
-- Name: api_hospitalregistration_id_seq; Type: SEQUENCE SET; Schema: public; Owner: medic_db
--

SELECT pg_catalog.setval('public.api_hospitalregistration_id_seq', 13, true);


--
-- Name: api_imagingtype_id_seq; Type: SEQUENCE SET; Schema: public; Owner: medic_db
--

SELECT pg_catalog.setval('public.api_imagingtype_id_seq', 1, false);


--
-- Name: api_immunization_id_seq; Type: SEQUENCE SET; Schema: public; Owner: medic_db
--

SELECT pg_catalog.setval('public.api_immunization_id_seq', 1, false);


--
-- Name: api_inappnotification_id_seq; Type: SEQUENCE SET; Schema: public; Owner: medic_db
--

SELECT pg_catalog.setval('public.api_inappnotification_id_seq', 1, true);


--
-- Name: api_laboratoryresult_id_seq; Type: SEQUENCE SET; Schema: public; Owner: medic_db
--

SELECT pg_catalog.setval('public.api_laboratoryresult_id_seq', 1, false);


--
-- Name: api_laboratorytesttype_id_seq; Type: SEQUENCE SET; Schema: public; Owner: medic_db
--

SELECT pg_catalog.setval('public.api_laboratorytesttype_id_seq', 1, false);


--
-- Name: api_lifestyleinformation_id_seq; Type: SEQUENCE SET; Schema: public; Owner: medic_db
--

SELECT pg_catalog.setval('public.api_lifestyleinformation_id_seq', 1, false);


--
-- Name: api_medicalimage_id_seq; Type: SEQUENCE SET; Schema: public; Owner: medic_db
--

SELECT pg_catalog.setval('public.api_medicalimage_id_seq', 1, false);


--
-- Name: api_medicalrecord_id_seq; Type: SEQUENCE SET; Schema: public; Owner: medic_db
--

SELECT pg_catalog.setval('public.api_medicalrecord_id_seq', 33, true);


--
-- Name: api_medicalrecordaccess_id_seq; Type: SEQUENCE SET; Schema: public; Owner: medic_db
--

SELECT pg_catalog.setval('public.api_medicalrecordaccess_id_seq', 20, true);


--
-- Name: api_medication_id_seq; Type: SEQUENCE SET; Schema: public; Owner: medic_db
--

SELECT pg_catalog.setval('public.api_medication_id_seq', 4, true);


--
-- Name: api_medicationcatalog_id_seq; Type: SEQUENCE SET; Schema: public; Owner: medic_db
--

SELECT pg_catalog.setval('public.api_medicationcatalog_id_seq', 1, false);


--
-- Name: api_patientadmission_consulting_doctors_id_seq; Type: SEQUENCE SET; Schema: public; Owner: medic_db
--

SELECT pg_catalog.setval('public.api_patientadmission_consulting_doctors_id_seq', 1, false);


--
-- Name: api_patientadmission_id_seq; Type: SEQUENCE SET; Schema: public; Owner: medic_db
--

SELECT pg_catalog.setval('public.api_patientadmission_id_seq', 19, true);


--
-- Name: api_patientdiagnosis_id_seq; Type: SEQUENCE SET; Schema: public; Owner: medic_db
--

SELECT pg_catalog.setval('public.api_patientdiagnosis_id_seq', 9, true);


--
-- Name: api_patienttransfer_id_seq; Type: SEQUENCE SET; Schema: public; Owner: medic_db
--

SELECT pg_catalog.setval('public.api_patienttransfer_id_seq', 2, true);


--
-- Name: api_patienttreatment_id_seq; Type: SEQUENCE SET; Schema: public; Owner: medic_db
--

SELECT pg_catalog.setval('public.api_patienttreatment_id_seq', 5, true);


--
-- Name: api_paymenttransaction_id_seq; Type: SEQUENCE SET; Schema: public; Owner: medic_db
--

SELECT pg_catalog.setval('public.api_paymenttransaction_id_seq', 1, false);


--
-- Name: api_securedocument_id_seq; Type: SEQUENCE SET; Schema: public; Owner: medic_db
--

SELECT pg_catalog.setval('public.api_securedocument_id_seq', 25, true);


--
-- Name: api_stafftransfer_id_seq; Type: SEQUENCE SET; Schema: public; Owner: medic_db
--

SELECT pg_catalog.setval('public.api_stafftransfer_id_seq', 1, false);


--
-- Name: api_surgicalhistory_id_seq; Type: SEQUENCE SET; Schema: public; Owner: medic_db
--

SELECT pg_catalog.setval('public.api_surgicalhistory_id_seq', 1, false);


--
-- Name: api_vitalsign_id_seq; Type: SEQUENCE SET; Schema: public; Owner: medic_db
--

SELECT pg_catalog.setval('public.api_vitalsign_id_seq', 1, false);


--
-- Name: auth_group_id_seq; Type: SEQUENCE SET; Schema: public; Owner: medic_db
--

SELECT pg_catalog.setval('public.auth_group_id_seq', 1, false);


--
-- Name: auth_group_permissions_id_seq; Type: SEQUENCE SET; Schema: public; Owner: medic_db
--

SELECT pg_catalog.setval('public.auth_group_permissions_id_seq', 1, false);


--
-- Name: auth_permission_id_seq; Type: SEQUENCE SET; Schema: public; Owner: medic_db
--

SELECT pg_catalog.setval('public.auth_permission_id_seq', 796, true);


--
-- Name: django_admin_log_id_seq; Type: SEQUENCE SET; Schema: public; Owner: medic_db
--

SELECT pg_catalog.setval('public.django_admin_log_id_seq', 1, true);


--
-- Name: django_content_type_id_seq; Type: SEQUENCE SET; Schema: public; Owner: medic_db
--

SELECT pg_catalog.setval('public.django_content_type_id_seq', 185, true);


--
-- Name: django_migrations_id_seq; Type: SEQUENCE SET; Schema: public; Owner: medic_db
--

SELECT pg_catalog.setval('public.django_migrations_id_seq', 62, true);


--
-- Name: token_blacklist_blacklistedtoken_id_seq; Type: SEQUENCE SET; Schema: public; Owner: medic_db
--

SELECT pg_catalog.setval('public.token_blacklist_blacklistedtoken_id_seq', 1, false);


--
-- Name: token_blacklist_outstandingtoken_id_seq; Type: SEQUENCE SET; Schema: public; Owner: medic_db
--

SELECT pg_catalog.setval('public.token_blacklist_outstandingtoken_id_seq', 195, true);


--
-- Name: api_appointment api_appointment_appointment_id_key; Type: CONSTRAINT; Schema: public; Owner: medic_db
--

ALTER TABLE ONLY public.api_appointment
    ADD CONSTRAINT api_appointment_appointment_id_key UNIQUE (appointment_id);


--
-- Name: api_appointment api_appointment_pkey; Type: CONSTRAINT; Schema: public; Owner: medic_db
--

ALTER TABLE ONLY public.api_appointment
    ADD CONSTRAINT api_appointment_pkey PRIMARY KEY (id);


--
-- Name: api_appointmentdocument_allowed_viewers api_appointmentdocument__appointmentdocument_id_c_bbe0f0d8_uniq; Type: CONSTRAINT; Schema: public; Owner: medic_db
--

ALTER TABLE ONLY public.api_appointmentdocument_allowed_viewers
    ADD CONSTRAINT api_appointmentdocument__appointmentdocument_id_c_bbe0f0d8_uniq UNIQUE (appointmentdocument_id, customuser_id);


--
-- Name: api_appointmentdocument_allowed_viewers api_appointmentdocument_allowed_viewers_pkey; Type: CONSTRAINT; Schema: public; Owner: medic_db
--

ALTER TABLE ONLY public.api_appointmentdocument_allowed_viewers
    ADD CONSTRAINT api_appointmentdocument_allowed_viewers_pkey PRIMARY KEY (id);


--
-- Name: api_appointmentdocument api_appointmentdocument_pkey; Type: CONSTRAINT; Schema: public; Owner: medic_db
--

ALTER TABLE ONLY public.api_appointmentdocument
    ADD CONSTRAINT api_appointmentdocument_pkey PRIMARY KEY (id);


--
-- Name: api_appointmentfee api_appointmentfee_hospital_id_department_i_159755b9_uniq; Type: CONSTRAINT; Schema: public; Owner: medic_db
--

ALTER TABLE ONLY public.api_appointmentfee
    ADD CONSTRAINT api_appointmentfee_hospital_id_department_i_159755b9_uniq UNIQUE (hospital_id, department_id, doctor_id, fee_type);


--
-- Name: api_appointmentfee api_appointmentfee_pkey; Type: CONSTRAINT; Schema: public; Owner: medic_db
--

ALTER TABLE ONLY public.api_appointmentfee
    ADD CONSTRAINT api_appointmentfee_pkey PRIMARY KEY (id);


--
-- Name: api_appointmentnotification api_appointmentnotification_pkey; Type: CONSTRAINT; Schema: public; Owner: medic_db
--

ALTER TABLE ONLY public.api_appointmentnotification
    ADD CONSTRAINT api_appointmentnotification_pkey PRIMARY KEY (id);


--
-- Name: api_appointmentreminder api_appointmentreminder_pkey; Type: CONSTRAINT; Schema: public; Owner: medic_db
--

ALTER TABLE ONLY public.api_appointmentreminder
    ADD CONSTRAINT api_appointmentreminder_pkey PRIMARY KEY (id);


--
-- Name: api_appointmenttype api_appointmenttype_pkey; Type: CONSTRAINT; Schema: public; Owner: medic_db
--

ALTER TABLE ONLY public.api_appointmenttype
    ADD CONSTRAINT api_appointmenttype_pkey PRIMARY KEY (id);


--
-- Name: api_clinicalnote api_clinicalnote_pkey; Type: CONSTRAINT; Schema: public; Owner: medic_db
--

ALTER TABLE ONLY public.api_clinicalnote
    ADD CONSTRAINT api_clinicalnote_pkey PRIMARY KEY (id);


--
-- Name: api_customuser api_customuser_email_key; Type: CONSTRAINT; Schema: public; Owner: medic_db
--

ALTER TABLE ONLY public.api_customuser
    ADD CONSTRAINT api_customuser_email_key UNIQUE (email);


--
-- Name: api_customuser api_customuser_email_verification_token_key; Type: CONSTRAINT; Schema: public; Owner: medic_db
--

ALTER TABLE ONLY public.api_customuser
    ADD CONSTRAINT api_customuser_email_verification_token_key UNIQUE (email_verification_token);


--
-- Name: api_customuser_groups api_customuser_groups_customuser_id_group_id_d5b0c2ab_uniq; Type: CONSTRAINT; Schema: public; Owner: medic_db
--

ALTER TABLE ONLY public.api_customuser_groups
    ADD CONSTRAINT api_customuser_groups_customuser_id_group_id_d5b0c2ab_uniq UNIQUE (customuser_id, group_id);


--
-- Name: api_customuser_groups api_customuser_groups_pkey; Type: CONSTRAINT; Schema: public; Owner: medic_db
--

ALTER TABLE ONLY public.api_customuser_groups
    ADD CONSTRAINT api_customuser_groups_pkey PRIMARY KEY (id);


--
-- Name: api_customuser api_customuser_hpn_key; Type: CONSTRAINT; Schema: public; Owner: medic_db
--

ALTER TABLE ONLY public.api_customuser
    ADD CONSTRAINT api_customuser_hpn_key UNIQUE (hpn);


--
-- Name: api_customuser api_customuser_nin_key; Type: CONSTRAINT; Schema: public; Owner: medic_db
--

ALTER TABLE ONLY public.api_customuser
    ADD CONSTRAINT api_customuser_nin_key UNIQUE (nin);


--
-- Name: api_customuser api_customuser_pkey; Type: CONSTRAINT; Schema: public; Owner: medic_db
--

ALTER TABLE ONLY public.api_customuser
    ADD CONSTRAINT api_customuser_pkey PRIMARY KEY (id);


--
-- Name: api_customuser_user_permissions api_customuser_user_perm_customuser_id_permission_9deacd8d_uniq; Type: CONSTRAINT; Schema: public; Owner: medic_db
--

ALTER TABLE ONLY public.api_customuser_user_permissions
    ADD CONSTRAINT api_customuser_user_perm_customuser_id_permission_9deacd8d_uniq UNIQUE (customuser_id, permission_id);


--
-- Name: api_customuser_user_permissions api_customuser_user_permissions_pkey; Type: CONSTRAINT; Schema: public; Owner: medic_db
--

ALTER TABLE ONLY public.api_customuser_user_permissions
    ADD CONSTRAINT api_customuser_user_permissions_pkey PRIMARY KEY (id);


--
-- Name: api_customuser api_customuser_username_key; Type: CONSTRAINT; Schema: public; Owner: medic_db
--

ALTER TABLE ONLY public.api_customuser
    ADD CONSTRAINT api_customuser_username_key UNIQUE (username);


--
-- Name: api_customuser api_customuser_verification_token_key; Type: CONSTRAINT; Schema: public; Owner: medic_db
--

ALTER TABLE ONLY public.api_customuser
    ADD CONSTRAINT api_customuser_verification_token_key UNIQUE (verification_token);


--
-- Name: api_department api_department_code_key; Type: CONSTRAINT; Schema: public; Owner: medic_db
--

ALTER TABLE ONLY public.api_department
    ADD CONSTRAINT api_department_code_key UNIQUE (code);


--
-- Name: api_department api_department_hospital_id_name_3340e2e7_uniq; Type: CONSTRAINT; Schema: public; Owner: medic_db
--

ALTER TABLE ONLY public.api_department
    ADD CONSTRAINT api_department_hospital_id_name_3340e2e7_uniq UNIQUE (hospital_id, name);


--
-- Name: api_department api_department_pkey; Type: CONSTRAINT; Schema: public; Owner: medic_db
--

ALTER TABLE ONLY public.api_department
    ADD CONSTRAINT api_department_pkey PRIMARY KEY (id);


--
-- Name: api_departmentemergency api_departmentemergency_pkey; Type: CONSTRAINT; Schema: public; Owner: medic_db
--

ALTER TABLE ONLY public.api_departmentemergency
    ADD CONSTRAINT api_departmentemergency_pkey PRIMARY KEY (id);


--
-- Name: api_doctor api_doctor_medical_license_number_key; Type: CONSTRAINT; Schema: public; Owner: medic_db
--

ALTER TABLE ONLY public.api_doctor
    ADD CONSTRAINT api_doctor_medical_license_number_key UNIQUE (medical_license_number);


--
-- Name: api_doctor api_doctor_pkey; Type: CONSTRAINT; Schema: public; Owner: medic_db
--

ALTER TABLE ONLY public.api_doctor
    ADD CONSTRAINT api_doctor_pkey PRIMARY KEY (id);


--
-- Name: api_doctor api_doctor_user_id_key; Type: CONSTRAINT; Schema: public; Owner: medic_db
--

ALTER TABLE ONLY public.api_doctor
    ADD CONSTRAINT api_doctor_user_id_key UNIQUE (user_id);


--
-- Name: api_doctorinteraction api_doctorinteraction_pkey; Type: CONSTRAINT; Schema: public; Owner: medic_db
--

ALTER TABLE ONLY public.api_doctorinteraction
    ADD CONSTRAINT api_doctorinteraction_pkey PRIMARY KEY (id);


--
-- Name: api_documentaccesslog api_documentaccesslog_pkey; Type: CONSTRAINT; Schema: public; Owner: medic_db
--

ALTER TABLE ONLY public.api_documentaccesslog
    ADD CONSTRAINT api_documentaccesslog_pkey PRIMARY KEY (id);


--
-- Name: api_documentshare api_documentshare_pkey; Type: CONSTRAINT; Schema: public; Owner: medic_db
--

ALTER TABLE ONLY public.api_documentshare
    ADD CONSTRAINT api_documentshare_pkey PRIMARY KEY (id);


--
-- Name: api_documentshare api_documentshare_share_token_key; Type: CONSTRAINT; Schema: public; Owner: medic_db
--

ALTER TABLE ONLY public.api_documentshare
    ADD CONSTRAINT api_documentshare_share_token_key UNIQUE (share_token);


--
-- Name: api_familymedicalhistory api_familymedicalhistory_pkey; Type: CONSTRAINT; Schema: public; Owner: medic_db
--

ALTER TABLE ONLY public.api_familymedicalhistory
    ADD CONSTRAINT api_familymedicalhistory_pkey PRIMARY KEY (id);


--
-- Name: api_generalpractitioner api_generalpractitioner_license_number_key; Type: CONSTRAINT; Schema: public; Owner: medic_db
--

ALTER TABLE ONLY public.api_generalpractitioner
    ADD CONSTRAINT api_generalpractitioner_license_number_key UNIQUE (license_number);


--
-- Name: api_generalpractitioner api_generalpractitioner_pkey; Type: CONSTRAINT; Schema: public; Owner: medic_db
--

ALTER TABLE ONLY public.api_generalpractitioner
    ADD CONSTRAINT api_generalpractitioner_pkey PRIMARY KEY (id);


--
-- Name: api_generalpractitioner api_generalpractitioner_user_id_key; Type: CONSTRAINT; Schema: public; Owner: medic_db
--

ALTER TABLE ONLY public.api_generalpractitioner
    ADD CONSTRAINT api_generalpractitioner_user_id_key UNIQUE (user_id);


--
-- Name: api_geneticinformation api_geneticinformation_pkey; Type: CONSTRAINT; Schema: public; Owner: medic_db
--

ALTER TABLE ONLY public.api_geneticinformation
    ADD CONSTRAINT api_geneticinformation_pkey PRIMARY KEY (id);


--
-- Name: api_gppractice api_gppractice_pkey; Type: CONSTRAINT; Schema: public; Owner: medic_db
--

ALTER TABLE ONLY public.api_gppractice
    ADD CONSTRAINT api_gppractice_pkey PRIMARY KEY (id);


--
-- Name: api_healthcareprovidernote api_healthcareprovidernote_pkey; Type: CONSTRAINT; Schema: public; Owner: medic_db
--

ALTER TABLE ONLY public.api_healthcareprovidernote
    ADD CONSTRAINT api_healthcareprovidernote_pkey PRIMARY KEY (clinicalnote_ptr_id);


--
-- Name: api_hospital api_hospital_pkey; Type: CONSTRAINT; Schema: public; Owner: medic_db
--

ALTER TABLE ONLY public.api_hospital
    ADD CONSTRAINT api_hospital_pkey PRIMARY KEY (id);


--
-- Name: api_hospital api_hospital_registration_number_key; Type: CONSTRAINT; Schema: public; Owner: medic_db
--

ALTER TABLE ONLY public.api_hospital
    ADD CONSTRAINT api_hospital_registration_number_key UNIQUE (registration_number);


--
-- Name: api_hospitaladmin api_hospitaladmin_email_key; Type: CONSTRAINT; Schema: public; Owner: medic_db
--

ALTER TABLE ONLY public.api_hospitaladmin
    ADD CONSTRAINT api_hospitaladmin_email_key UNIQUE (email);


--
-- Name: api_hospitaladmin api_hospitaladmin_pkey; Type: CONSTRAINT; Schema: public; Owner: medic_db
--

ALTER TABLE ONLY public.api_hospitaladmin
    ADD CONSTRAINT api_hospitaladmin_pkey PRIMARY KEY (id);


--
-- Name: api_hospitaladmin api_hospitaladmin_user_id_key; Type: CONSTRAINT; Schema: public; Owner: medic_db
--

ALTER TABLE ONLY public.api_hospitaladmin
    ADD CONSTRAINT api_hospitaladmin_user_id_key UNIQUE (user_id);


--
-- Name: api_hospitalregistration api_hospitalregistration_pkey; Type: CONSTRAINT; Schema: public; Owner: medic_db
--

ALTER TABLE ONLY public.api_hospitalregistration
    ADD CONSTRAINT api_hospitalregistration_pkey PRIMARY KEY (id);


--
-- Name: api_hospitalregistration api_hospitalregistration_user_id_hospital_id_b222b3fe_uniq; Type: CONSTRAINT; Schema: public; Owner: medic_db
--

ALTER TABLE ONLY public.api_hospitalregistration
    ADD CONSTRAINT api_hospitalregistration_user_id_hospital_id_b222b3fe_uniq UNIQUE (user_id, hospital_id);


--
-- Name: api_imagingtype api_imagingtype_code_key; Type: CONSTRAINT; Schema: public; Owner: medic_db
--

ALTER TABLE ONLY public.api_imagingtype
    ADD CONSTRAINT api_imagingtype_code_key UNIQUE (code);


--
-- Name: api_imagingtype api_imagingtype_pkey; Type: CONSTRAINT; Schema: public; Owner: medic_db
--

ALTER TABLE ONLY public.api_imagingtype
    ADD CONSTRAINT api_imagingtype_pkey PRIMARY KEY (id);


--
-- Name: api_immunization api_immunization_pkey; Type: CONSTRAINT; Schema: public; Owner: medic_db
--

ALTER TABLE ONLY public.api_immunization
    ADD CONSTRAINT api_immunization_pkey PRIMARY KEY (id);


--
-- Name: api_inappnotification api_inappnotification_pkey; Type: CONSTRAINT; Schema: public; Owner: medic_db
--

ALTER TABLE ONLY public.api_inappnotification
    ADD CONSTRAINT api_inappnotification_pkey PRIMARY KEY (id);


--
-- Name: api_laboratoryresult api_laboratoryresult_pkey; Type: CONSTRAINT; Schema: public; Owner: medic_db
--

ALTER TABLE ONLY public.api_laboratoryresult
    ADD CONSTRAINT api_laboratoryresult_pkey PRIMARY KEY (id);


--
-- Name: api_laboratorytesttype api_laboratorytesttype_code_key; Type: CONSTRAINT; Schema: public; Owner: medic_db
--

ALTER TABLE ONLY public.api_laboratorytesttype
    ADD CONSTRAINT api_laboratorytesttype_code_key UNIQUE (code);


--
-- Name: api_laboratorytesttype api_laboratorytesttype_pkey; Type: CONSTRAINT; Schema: public; Owner: medic_db
--

ALTER TABLE ONLY public.api_laboratorytesttype
    ADD CONSTRAINT api_laboratorytesttype_pkey PRIMARY KEY (id);


--
-- Name: api_lifestyleinformation api_lifestyleinformation_medical_record_id_key; Type: CONSTRAINT; Schema: public; Owner: medic_db
--

ALTER TABLE ONLY public.api_lifestyleinformation
    ADD CONSTRAINT api_lifestyleinformation_medical_record_id_key UNIQUE (medical_record_id);


--
-- Name: api_lifestyleinformation api_lifestyleinformation_pkey; Type: CONSTRAINT; Schema: public; Owner: medic_db
--

ALTER TABLE ONLY public.api_lifestyleinformation
    ADD CONSTRAINT api_lifestyleinformation_pkey PRIMARY KEY (id);


--
-- Name: api_medicalimage api_medicalimage_pkey; Type: CONSTRAINT; Schema: public; Owner: medic_db
--

ALTER TABLE ONLY public.api_medicalimage
    ADD CONSTRAINT api_medicalimage_pkey PRIMARY KEY (id);


--
-- Name: api_medicalrecord api_medicalrecord_hpn_key; Type: CONSTRAINT; Schema: public; Owner: medic_db
--

ALTER TABLE ONLY public.api_medicalrecord
    ADD CONSTRAINT api_medicalrecord_hpn_key UNIQUE (hpn);


--
-- Name: api_medicalrecord api_medicalrecord_pkey; Type: CONSTRAINT; Schema: public; Owner: medic_db
--

ALTER TABLE ONLY public.api_medicalrecord
    ADD CONSTRAINT api_medicalrecord_pkey PRIMARY KEY (id);


--
-- Name: api_medicalrecord api_medicalrecord_user_id_key; Type: CONSTRAINT; Schema: public; Owner: medic_db
--

ALTER TABLE ONLY public.api_medicalrecord
    ADD CONSTRAINT api_medicalrecord_user_id_key UNIQUE (user_id);


--
-- Name: api_medicalrecordaccess api_medicalrecordaccess_pkey; Type: CONSTRAINT; Schema: public; Owner: medic_db
--

ALTER TABLE ONLY public.api_medicalrecordaccess
    ADD CONSTRAINT api_medicalrecordaccess_pkey PRIMARY KEY (id);


--
-- Name: api_medication api_medication_pkey; Type: CONSTRAINT; Schema: public; Owner: medic_db
--

ALTER TABLE ONLY public.api_medication
    ADD CONSTRAINT api_medication_pkey PRIMARY KEY (id);


--
-- Name: api_medicationcatalog api_medicationcatalog_pkey; Type: CONSTRAINT; Schema: public; Owner: medic_db
--

ALTER TABLE ONLY public.api_medicationcatalog
    ADD CONSTRAINT api_medicationcatalog_pkey PRIMARY KEY (id);


--
-- Name: api_nursingnote api_nursingnote_pkey; Type: CONSTRAINT; Schema: public; Owner: medic_db
--

ALTER TABLE ONLY public.api_nursingnote
    ADD CONSTRAINT api_nursingnote_pkey PRIMARY KEY (clinicalnote_ptr_id);


--
-- Name: api_patientadmission api_patientadmission_admission_id_key; Type: CONSTRAINT; Schema: public; Owner: medic_db
--

ALTER TABLE ONLY public.api_patientadmission
    ADD CONSTRAINT api_patientadmission_admission_id_key UNIQUE (admission_id);


--
-- Name: api_patientadmission_consulting_doctors api_patientadmission_con_patientadmission_id_doct_33cfbd7c_uniq; Type: CONSTRAINT; Schema: public; Owner: medic_db
--

ALTER TABLE ONLY public.api_patientadmission_consulting_doctors
    ADD CONSTRAINT api_patientadmission_con_patientadmission_id_doct_33cfbd7c_uniq UNIQUE (patientadmission_id, doctor_id);


--
-- Name: api_patientadmission_consulting_doctors api_patientadmission_consulting_doctors_pkey; Type: CONSTRAINT; Schema: public; Owner: medic_db
--

ALTER TABLE ONLY public.api_patientadmission_consulting_doctors
    ADD CONSTRAINT api_patientadmission_consulting_doctors_pkey PRIMARY KEY (id);


--
-- Name: api_patientadmission api_patientadmission_pkey; Type: CONSTRAINT; Schema: public; Owner: medic_db
--

ALTER TABLE ONLY public.api_patientadmission
    ADD CONSTRAINT api_patientadmission_pkey PRIMARY KEY (id);


--
-- Name: api_patientdiagnosis api_patientdiagnosis_pkey; Type: CONSTRAINT; Schema: public; Owner: medic_db
--

ALTER TABLE ONLY public.api_patientdiagnosis
    ADD CONSTRAINT api_patientdiagnosis_pkey PRIMARY KEY (id);


--
-- Name: api_patienttransfer api_patienttransfer_pkey; Type: CONSTRAINT; Schema: public; Owner: medic_db
--

ALTER TABLE ONLY public.api_patienttransfer
    ADD CONSTRAINT api_patienttransfer_pkey PRIMARY KEY (id);


--
-- Name: api_patienttreatment api_patienttreatment_pkey; Type: CONSTRAINT; Schema: public; Owner: medic_db
--

ALTER TABLE ONLY public.api_patienttreatment
    ADD CONSTRAINT api_patienttreatment_pkey PRIMARY KEY (id);


--
-- Name: api_paymenttransaction api_paymenttransaction_pkey; Type: CONSTRAINT; Schema: public; Owner: medic_db
--

ALTER TABLE ONLY public.api_paymenttransaction
    ADD CONSTRAINT api_paymenttransaction_pkey PRIMARY KEY (id);


--
-- Name: api_paymenttransaction api_paymenttransaction_transaction_id_key; Type: CONSTRAINT; Schema: public; Owner: medic_db
--

ALTER TABLE ONLY public.api_paymenttransaction
    ADD CONSTRAINT api_paymenttransaction_transaction_id_key UNIQUE (transaction_id);


--
-- Name: api_securedocument api_securedocument_file_id_key; Type: CONSTRAINT; Schema: public; Owner: medic_db
--

ALTER TABLE ONLY public.api_securedocument
    ADD CONSTRAINT api_securedocument_file_id_key UNIQUE (file_id);


--
-- Name: api_securedocument api_securedocument_pkey; Type: CONSTRAINT; Schema: public; Owner: medic_db
--

ALTER TABLE ONLY public.api_securedocument
    ADD CONSTRAINT api_securedocument_pkey PRIMARY KEY (id);


--
-- Name: api_securedocument api_securedocument_secure_filename_key; Type: CONSTRAINT; Schema: public; Owner: medic_db
--

ALTER TABLE ONLY public.api_securedocument
    ADD CONSTRAINT api_securedocument_secure_filename_key UNIQUE (secure_filename);


--
-- Name: api_stafftransfer api_stafftransfer_pkey; Type: CONSTRAINT; Schema: public; Owner: medic_db
--

ALTER TABLE ONLY public.api_stafftransfer
    ADD CONSTRAINT api_stafftransfer_pkey PRIMARY KEY (id);


--
-- Name: api_surgicalhistory api_surgicalhistory_pkey; Type: CONSTRAINT; Schema: public; Owner: medic_db
--

ALTER TABLE ONLY public.api_surgicalhistory
    ADD CONSTRAINT api_surgicalhistory_pkey PRIMARY KEY (id);


--
-- Name: api_vitalsign api_vitalsign_pkey; Type: CONSTRAINT; Schema: public; Owner: medic_db
--

ALTER TABLE ONLY public.api_vitalsign
    ADD CONSTRAINT api_vitalsign_pkey PRIMARY KEY (id);


--
-- Name: auth_group auth_group_name_key; Type: CONSTRAINT; Schema: public; Owner: medic_db
--

ALTER TABLE ONLY public.auth_group
    ADD CONSTRAINT auth_group_name_key UNIQUE (name);


--
-- Name: auth_group_permissions auth_group_permissions_group_id_permission_id_0cd325b0_uniq; Type: CONSTRAINT; Schema: public; Owner: medic_db
--

ALTER TABLE ONLY public.auth_group_permissions
    ADD CONSTRAINT auth_group_permissions_group_id_permission_id_0cd325b0_uniq UNIQUE (group_id, permission_id);


--
-- Name: auth_group_permissions auth_group_permissions_pkey; Type: CONSTRAINT; Schema: public; Owner: medic_db
--

ALTER TABLE ONLY public.auth_group_permissions
    ADD CONSTRAINT auth_group_permissions_pkey PRIMARY KEY (id);


--
-- Name: auth_group auth_group_pkey; Type: CONSTRAINT; Schema: public; Owner: medic_db
--

ALTER TABLE ONLY public.auth_group
    ADD CONSTRAINT auth_group_pkey PRIMARY KEY (id);


--
-- Name: auth_permission auth_permission_content_type_id_codename_01ab375a_uniq; Type: CONSTRAINT; Schema: public; Owner: medic_db
--

ALTER TABLE ONLY public.auth_permission
    ADD CONSTRAINT auth_permission_content_type_id_codename_01ab375a_uniq UNIQUE (content_type_id, codename);


--
-- Name: auth_permission auth_permission_pkey; Type: CONSTRAINT; Schema: public; Owner: medic_db
--

ALTER TABLE ONLY public.auth_permission
    ADD CONSTRAINT auth_permission_pkey PRIMARY KEY (id);


--
-- Name: django_admin_log django_admin_log_pkey; Type: CONSTRAINT; Schema: public; Owner: medic_db
--

ALTER TABLE ONLY public.django_admin_log
    ADD CONSTRAINT django_admin_log_pkey PRIMARY KEY (id);


--
-- Name: django_content_type django_content_type_app_label_model_76bd3d3b_uniq; Type: CONSTRAINT; Schema: public; Owner: medic_db
--

ALTER TABLE ONLY public.django_content_type
    ADD CONSTRAINT django_content_type_app_label_model_76bd3d3b_uniq UNIQUE (app_label, model);


--
-- Name: django_content_type django_content_type_pkey; Type: CONSTRAINT; Schema: public; Owner: medic_db
--

ALTER TABLE ONLY public.django_content_type
    ADD CONSTRAINT django_content_type_pkey PRIMARY KEY (id);


--
-- Name: django_migrations django_migrations_pkey; Type: CONSTRAINT; Schema: public; Owner: medic_db
--

ALTER TABLE ONLY public.django_migrations
    ADD CONSTRAINT django_migrations_pkey PRIMARY KEY (id);


--
-- Name: django_session django_session_pkey; Type: CONSTRAINT; Schema: public; Owner: medic_db
--

ALTER TABLE ONLY public.django_session
    ADD CONSTRAINT django_session_pkey PRIMARY KEY (session_key);


--
-- Name: token_blacklist_blacklistedtoken token_blacklist_blacklistedtoken_pkey; Type: CONSTRAINT; Schema: public; Owner: medic_db
--

ALTER TABLE ONLY public.token_blacklist_blacklistedtoken
    ADD CONSTRAINT token_blacklist_blacklistedtoken_pkey PRIMARY KEY (id);


--
-- Name: token_blacklist_blacklistedtoken token_blacklist_blacklistedtoken_token_id_key; Type: CONSTRAINT; Schema: public; Owner: medic_db
--

ALTER TABLE ONLY public.token_blacklist_blacklistedtoken
    ADD CONSTRAINT token_blacklist_blacklistedtoken_token_id_key UNIQUE (token_id);


--
-- Name: token_blacklist_outstandingtoken token_blacklist_outstandingtoken_jti_hex_d9bdf6f7_uniq; Type: CONSTRAINT; Schema: public; Owner: medic_db
--

ALTER TABLE ONLY public.token_blacklist_outstandingtoken
    ADD CONSTRAINT token_blacklist_outstandingtoken_jti_hex_d9bdf6f7_uniq UNIQUE (jti);


--
-- Name: token_blacklist_outstandingtoken token_blacklist_outstandingtoken_pkey; Type: CONSTRAINT; Schema: public; Owner: medic_db
--

ALTER TABLE ONLY public.token_blacklist_outstandingtoken
    ADD CONSTRAINT token_blacklist_outstandingtoken_pkey PRIMARY KEY (id);


--
-- Name: api_appoint_appoint_2a7c66_idx; Type: INDEX; Schema: public; Owner: medic_db
--

CREATE INDEX api_appoint_appoint_2a7c66_idx ON public.api_appointmentnotification USING btree (appointment_id, event_type);


--
-- Name: api_appoint_appoint_5f784a_idx; Type: INDEX; Schema: public; Owner: medic_db
--

CREATE INDEX api_appoint_appoint_5f784a_idx ON public.api_appointment USING btree (appointment_id);


--
-- Name: api_appoint_appoint_a7bdbe_idx; Type: INDEX; Schema: public; Owner: medic_db
--

CREATE INDEX api_appoint_appoint_a7bdbe_idx ON public.api_appointment USING btree (appointment_date);


--
-- Name: api_appoint_documen_f93914_idx; Type: INDEX; Schema: public; Owner: medic_db
--

CREATE INDEX api_appoint_documen_f93914_idx ON public.api_appointmentdocument USING btree (document_type);


--
-- Name: api_appoint_issued__eebd63_idx; Type: INDEX; Schema: public; Owner: medic_db
--

CREATE INDEX api_appoint_issued__eebd63_idx ON public.api_appointmentdocument USING btree (issued_date);


--
-- Name: api_appoint_reminde_f1f01f_idx; Type: INDEX; Schema: public; Owner: medic_db
--

CREATE INDEX api_appoint_reminde_f1f01f_idx ON public.api_appointmentreminder USING btree (reminder_type);


--
-- Name: api_appoint_schedul_9fbd45_idx; Type: INDEX; Schema: public; Owner: medic_db
--

CREATE INDEX api_appoint_schedul_9fbd45_idx ON public.api_appointmentreminder USING btree (scheduled_time);


--
-- Name: api_appoint_status_323c16_idx; Type: INDEX; Schema: public; Owner: medic_db
--

CREATE INDEX api_appoint_status_323c16_idx ON public.api_appointment USING btree (status);


--
-- Name: api_appoint_status_4d0588_idx; Type: INDEX; Schema: public; Owner: medic_db
--

CREATE INDEX api_appoint_status_4d0588_idx ON public.api_appointmentreminder USING btree (status);


--
-- Name: api_appoint_status_7f3065_idx; Type: INDEX; Schema: public; Owner: medic_db
--

CREATE INDEX api_appoint_status_7f3065_idx ON public.api_appointmentnotification USING btree (status, scheduled_time);


--
-- Name: api_appointment_appointment_id_36b1570d_like; Type: INDEX; Schema: public; Owner: medic_db
--

CREATE INDEX api_appointment_appointment_id_36b1570d_like ON public.api_appointment USING btree (appointment_id varchar_pattern_ops);


--
-- Name: api_appointment_approved_by_id_2625a0c1; Type: INDEX; Schema: public; Owner: medic_db
--

CREATE INDEX api_appointment_approved_by_id_2625a0c1 ON public.api_appointment USING btree (approved_by_id);


--
-- Name: api_appointment_department_id_ba949428; Type: INDEX; Schema: public; Owner: medic_db
--

CREATE INDEX api_appointment_department_id_ba949428 ON public.api_appointment USING btree (department_id);


--
-- Name: api_appointment_doctor_id_b0f543eb; Type: INDEX; Schema: public; Owner: medic_db
--

CREATE INDEX api_appointment_doctor_id_b0f543eb ON public.api_appointment USING btree (doctor_id);


--
-- Name: api_appointment_fee_id_274e2e72; Type: INDEX; Schema: public; Owner: medic_db
--

CREATE INDEX api_appointment_fee_id_274e2e72 ON public.api_appointment USING btree (fee_id);


--
-- Name: api_appointment_hospital_id_903c3795; Type: INDEX; Schema: public; Owner: medic_db
--

CREATE INDEX api_appointment_hospital_id_903c3795 ON public.api_appointment USING btree (hospital_id);


--
-- Name: api_appointment_patient_id_52c787b0; Type: INDEX; Schema: public; Owner: medic_db
--

CREATE INDEX api_appointment_patient_id_52c787b0 ON public.api_appointment USING btree (patient_id);


--
-- Name: api_appointment_referred_from_id_16b12831; Type: INDEX; Schema: public; Owner: medic_db
--

CREATE INDEX api_appointment_referred_from_id_16b12831 ON public.api_appointment USING btree (referred_from_id);


--
-- Name: api_appointment_referred_to_department_id_c2e07002; Type: INDEX; Schema: public; Owner: medic_db
--

CREATE INDEX api_appointment_referred_to_department_id_c2e07002 ON public.api_appointment USING btree (referred_to_department_id);


--
-- Name: api_appointment_referred_to_hospital_id_609e3b1f; Type: INDEX; Schema: public; Owner: medic_db
--

CREATE INDEX api_appointment_referred_to_hospital_id_609e3b1f ON public.api_appointment USING btree (referred_to_hospital_id);


--
-- Name: api_appointmentdocument_al_appointmentdocument_id_e4148d89; Type: INDEX; Schema: public; Owner: medic_db
--

CREATE INDEX api_appointmentdocument_al_appointmentdocument_id_e4148d89 ON public.api_appointmentdocument_allowed_viewers USING btree (appointmentdocument_id);


--
-- Name: api_appointmentdocument_allowed_viewers_customuser_id_de3ba9c9; Type: INDEX; Schema: public; Owner: medic_db
--

CREATE INDEX api_appointmentdocument_allowed_viewers_customuser_id_de3ba9c9 ON public.api_appointmentdocument_allowed_viewers USING btree (customuser_id);


--
-- Name: api_appointmentdocument_appointment_id_58c05bca; Type: INDEX; Schema: public; Owner: medic_db
--

CREATE INDEX api_appointmentdocument_appointment_id_58c05bca ON public.api_appointmentdocument USING btree (appointment_id);


--
-- Name: api_appointmentdocument_issued_by_id_5cdc0239; Type: INDEX; Schema: public; Owner: medic_db
--

CREATE INDEX api_appointmentdocument_issued_by_id_5cdc0239 ON public.api_appointmentdocument USING btree (issued_by_id);


--
-- Name: api_appointmentdocument_previous_version_id_133f86b1; Type: INDEX; Schema: public; Owner: medic_db
--

CREATE INDEX api_appointmentdocument_previous_version_id_133f86b1 ON public.api_appointmentdocument USING btree (previous_version_id);


--
-- Name: api_appointmentdocument_signed_by_id_08ee847d; Type: INDEX; Schema: public; Owner: medic_db
--

CREATE INDEX api_appointmentdocument_signed_by_id_08ee847d ON public.api_appointmentdocument USING btree (signed_by_id);


--
-- Name: api_appointmentfee_department_id_fffd0bd3; Type: INDEX; Schema: public; Owner: medic_db
--

CREATE INDEX api_appointmentfee_department_id_fffd0bd3 ON public.api_appointmentfee USING btree (department_id);


--
-- Name: api_appointmentfee_doctor_id_a258dbce; Type: INDEX; Schema: public; Owner: medic_db
--

CREATE INDEX api_appointmentfee_doctor_id_a258dbce ON public.api_appointmentfee USING btree (doctor_id);


--
-- Name: api_appointmentfee_hospital_id_9a82761e; Type: INDEX; Schema: public; Owner: medic_db
--

CREATE INDEX api_appointmentfee_hospital_id_9a82761e ON public.api_appointmentfee USING btree (hospital_id);


--
-- Name: api_appointmentnotification_appointment_id_493426bd; Type: INDEX; Schema: public; Owner: medic_db
--

CREATE INDEX api_appointmentnotification_appointment_id_493426bd ON public.api_appointmentnotification USING btree (appointment_id);


--
-- Name: api_appointmentnotification_recipient_id_070676ba; Type: INDEX; Schema: public; Owner: medic_db
--

CREATE INDEX api_appointmentnotification_recipient_id_070676ba ON public.api_appointmentnotification USING btree (recipient_id);


--
-- Name: api_appointmentreminder_appointment_id_418553ca; Type: INDEX; Schema: public; Owner: medic_db
--

CREATE INDEX api_appointmentreminder_appointment_id_418553ca ON public.api_appointmentreminder USING btree (appointment_id);


--
-- Name: api_appointmenttype_hospital_id_49a1f546; Type: INDEX; Schema: public; Owner: medic_db
--

CREATE INDEX api_appointmenttype_hospital_id_49a1f546 ON public.api_appointmenttype USING btree (hospital_id);


--
-- Name: api_appointmenttype_id_4c02eda6_like; Type: INDEX; Schema: public; Owner: medic_db
--

CREATE INDEX api_appointmenttype_id_4c02eda6_like ON public.api_appointmenttype USING btree (id varchar_pattern_ops);


--
-- Name: api_clinica_author__2a6175_idx; Type: INDEX; Schema: public; Owner: medic_db
--

CREATE INDEX api_clinica_author__2a6175_idx ON public.api_clinicalnote USING btree (author_id);


--
-- Name: api_clinica_medical_71d240_idx; Type: INDEX; Schema: public; Owner: medic_db
--

CREATE INDEX api_clinica_medical_71d240_idx ON public.api_clinicalnote USING btree (medical_record_id, note_date);


--
-- Name: api_clinica_note_ty_5bf9a6_idx; Type: INDEX; Schema: public; Owner: medic_db
--

CREATE INDEX api_clinica_note_ty_5bf9a6_idx ON public.api_clinicalnote USING btree (note_type);


--
-- Name: api_clinica_status_4c3700_idx; Type: INDEX; Schema: public; Owner: medic_db
--

CREATE INDEX api_clinica_status_4c3700_idx ON public.api_clinicalnote USING btree (status);


--
-- Name: api_clinicalnote_author_id_a0be26c4; Type: INDEX; Schema: public; Owner: medic_db
--

CREATE INDEX api_clinicalnote_author_id_a0be26c4 ON public.api_clinicalnote USING btree (author_id);


--
-- Name: api_clinicalnote_cosigned_by_id_7c2a39c9; Type: INDEX; Schema: public; Owner: medic_db
--

CREATE INDEX api_clinicalnote_cosigned_by_id_7c2a39c9 ON public.api_clinicalnote USING btree (cosigned_by_id);


--
-- Name: api_clinicalnote_medical_record_id_3a3b2483; Type: INDEX; Schema: public; Owner: medic_db
--

CREATE INDEX api_clinicalnote_medical_record_id_3a3b2483 ON public.api_clinicalnote USING btree (medical_record_id);


--
-- Name: api_clinicalnote_previous_version_id_8f4e92a8; Type: INDEX; Schema: public; Owner: medic_db
--

CREATE INDEX api_clinicalnote_previous_version_id_8f4e92a8 ON public.api_clinicalnote USING btree (previous_version_id);


--
-- Name: api_clinicalnote_signed_by_id_f2738a0b; Type: INDEX; Schema: public; Owner: medic_db
--

CREATE INDEX api_clinicalnote_signed_by_id_f2738a0b ON public.api_clinicalnote USING btree (signed_by_id);


--
-- Name: api_customuser_current_gp_id_40d5a75d; Type: INDEX; Schema: public; Owner: medic_db
--

CREATE INDEX api_customuser_current_gp_id_40d5a75d ON public.api_customuser USING btree (current_gp_id);


--
-- Name: api_customuser_email_18215455_like; Type: INDEX; Schema: public; Owner: medic_db
--

CREATE INDEX api_customuser_email_18215455_like ON public.api_customuser USING btree (email varchar_pattern_ops);


--
-- Name: api_customuser_gp_practice_id_33f755f9; Type: INDEX; Schema: public; Owner: medic_db
--

CREATE INDEX api_customuser_gp_practice_id_33f755f9 ON public.api_customuser USING btree (gp_practice_id);


--
-- Name: api_customuser_groups_customuser_id_9eb4b783; Type: INDEX; Schema: public; Owner: medic_db
--

CREATE INDEX api_customuser_groups_customuser_id_9eb4b783 ON public.api_customuser_groups USING btree (customuser_id);


--
-- Name: api_customuser_groups_group_id_f049027c; Type: INDEX; Schema: public; Owner: medic_db
--

CREATE INDEX api_customuser_groups_group_id_f049027c ON public.api_customuser_groups USING btree (group_id);


--
-- Name: api_customuser_hospital_id_f1053509; Type: INDEX; Schema: public; Owner: medic_db
--

CREATE INDEX api_customuser_hospital_id_f1053509 ON public.api_customuser USING btree (hospital_id);


--
-- Name: api_customuser_hpn_6050f0e5_like; Type: INDEX; Schema: public; Owner: medic_db
--

CREATE INDEX api_customuser_hpn_6050f0e5_like ON public.api_customuser USING btree (hpn varchar_pattern_ops);


--
-- Name: api_customuser_nin_578070e7_like; Type: INDEX; Schema: public; Owner: medic_db
--

CREATE INDEX api_customuser_nin_578070e7_like ON public.api_customuser USING btree (nin varchar_pattern_ops);


--
-- Name: api_customuser_user_permissions_customuser_id_5365c9ba; Type: INDEX; Schema: public; Owner: medic_db
--

CREATE INDEX api_customuser_user_permissions_customuser_id_5365c9ba ON public.api_customuser_user_permissions USING btree (customuser_id);


--
-- Name: api_customuser_user_permissions_permission_id_8735d73e; Type: INDEX; Schema: public; Owner: medic_db
--

CREATE INDEX api_customuser_user_permissions_permission_id_8735d73e ON public.api_customuser_user_permissions USING btree (permission_id);


--
-- Name: api_customuser_username_f5ae5d7f_like; Type: INDEX; Schema: public; Owner: medic_db
--

CREATE INDEX api_customuser_username_f5ae5d7f_like ON public.api_customuser USING btree (username varchar_pattern_ops);


--
-- Name: api_department_code_2ae590f2_like; Type: INDEX; Schema: public; Owner: medic_db
--

CREATE INDEX api_department_code_2ae590f2_like ON public.api_department USING btree (code varchar_pattern_ops);


--
-- Name: api_department_hospital_id_dae7713b; Type: INDEX; Schema: public; Owner: medic_db
--

CREATE INDEX api_department_hospital_id_dae7713b ON public.api_department USING btree (hospital_id);


--
-- Name: api_departmentemergency_department_id_17289cc6; Type: INDEX; Schema: public; Owner: medic_db
--

CREATE INDEX api_departmentemergency_department_id_17289cc6 ON public.api_departmentemergency USING btree (department_id);


--
-- Name: api_doctor_departm_0ab481_idx; Type: INDEX; Schema: public; Owner: medic_db
--

CREATE INDEX api_doctor_departm_0ab481_idx ON public.api_doctor USING btree (department_id);


--
-- Name: api_doctor_department_id_ed318b57; Type: INDEX; Schema: public; Owner: medic_db
--

CREATE INDEX api_doctor_department_id_ed318b57 ON public.api_doctor USING btree (department_id);


--
-- Name: api_doctor_hospita_b395bd_idx; Type: INDEX; Schema: public; Owner: medic_db
--

CREATE INDEX api_doctor_hospita_b395bd_idx ON public.api_doctor USING btree (hospital_id);


--
-- Name: api_doctor_hospital_id_555de111; Type: INDEX; Schema: public; Owner: medic_db
--

CREATE INDEX api_doctor_hospital_id_555de111 ON public.api_doctor USING btree (hospital_id);


--
-- Name: api_doctor_is_acti_2255ac_idx; Type: INDEX; Schema: public; Owner: medic_db
--

CREATE INDEX api_doctor_is_acti_2255ac_idx ON public.api_doctor USING btree (is_active, available_for_appointments);


--
-- Name: api_doctor_medical_b30a26_idx; Type: INDEX; Schema: public; Owner: medic_db
--

CREATE INDEX api_doctor_medical_b30a26_idx ON public.api_doctor USING btree (medical_license_number);


--
-- Name: api_doctor_medical_license_number_b4b2ec5e_like; Type: INDEX; Schema: public; Owner: medic_db
--

CREATE INDEX api_doctor_medical_license_number_b4b2ec5e_like ON public.api_doctor USING btree (medical_license_number varchar_pattern_ops);


--
-- Name: api_doctor_special_a2cf69_idx; Type: INDEX; Schema: public; Owner: medic_db
--

CREATE INDEX api_doctor_special_a2cf69_idx ON public.api_doctor USING btree (specialization);


--
-- Name: api_doctor_status_a88f78_idx; Type: INDEX; Schema: public; Owner: medic_db
--

CREATE INDEX api_doctor_status_a88f78_idx ON public.api_doctor USING btree (status);


--
-- Name: api_doctorinteraction_doctor_id_64b3d183; Type: INDEX; Schema: public; Owner: medic_db
--

CREATE INDEX api_doctorinteraction_doctor_id_64b3d183 ON public.api_doctorinteraction USING btree (doctor_id);


--
-- Name: api_doctorinteraction_medical_record_id_093a0239; Type: INDEX; Schema: public; Owner: medic_db
--

CREATE INDEX api_doctorinteraction_medical_record_id_093a0239 ON public.api_doctorinteraction USING btree (medical_record_id);


--
-- Name: api_documen_action_62a03f_idx; Type: INDEX; Schema: public; Owner: medic_db
--

CREATE INDEX api_documen_action_62a03f_idx ON public.api_documentaccesslog USING btree (action, "timestamp");


--
-- Name: api_documen_documen_0ddf68_idx; Type: INDEX; Schema: public; Owner: medic_db
--

CREATE INDEX api_documen_documen_0ddf68_idx ON public.api_documentaccesslog USING btree (document_id, "timestamp");


--
-- Name: api_documen_documen_b0c9d6_idx; Type: INDEX; Schema: public; Owner: medic_db
--

CREATE INDEX api_documen_documen_b0c9d6_idx ON public.api_documentshare USING btree (document_id, is_active);


--
-- Name: api_documen_expires_c10ecb_idx; Type: INDEX; Schema: public; Owner: medic_db
--

CREATE INDEX api_documen_expires_c10ecb_idx ON public.api_documentshare USING btree (expires_at, is_active);


--
-- Name: api_documen_share_t_a6aa59_idx; Type: INDEX; Schema: public; Owner: medic_db
--

CREATE INDEX api_documen_share_t_a6aa59_idx ON public.api_documentshare USING btree (share_token);


--
-- Name: api_documen_user_id_db4777_idx; Type: INDEX; Schema: public; Owner: medic_db
--

CREATE INDEX api_documen_user_id_db4777_idx ON public.api_documentaccesslog USING btree (user_id, "timestamp");


--
-- Name: api_documentaccesslog_document_id_516f5e29; Type: INDEX; Schema: public; Owner: medic_db
--

CREATE INDEX api_documentaccesslog_document_id_516f5e29 ON public.api_documentaccesslog USING btree (document_id);


--
-- Name: api_documentaccesslog_user_id_855797d1; Type: INDEX; Schema: public; Owner: medic_db
--

CREATE INDEX api_documentaccesslog_user_id_855797d1 ON public.api_documentaccesslog USING btree (user_id);


--
-- Name: api_documentshare_document_id_cd8a80e4; Type: INDEX; Schema: public; Owner: medic_db
--

CREATE INDEX api_documentshare_document_id_cd8a80e4 ON public.api_documentshare USING btree (document_id);


--
-- Name: api_documentshare_shared_by_id_92d6160e; Type: INDEX; Schema: public; Owner: medic_db
--

CREATE INDEX api_documentshare_shared_by_id_92d6160e ON public.api_documentshare USING btree (shared_by_id);


--
-- Name: api_familym_is_gene_e88675_idx; Type: INDEX; Schema: public; Owner: medic_db
--

CREATE INDEX api_familym_is_gene_e88675_idx ON public.api_familymedicalhistory USING btree (is_genetic);


--
-- Name: api_familym_medical_c3ad0a_idx; Type: INDEX; Schema: public; Owner: medic_db
--

CREATE INDEX api_familym_medical_c3ad0a_idx ON public.api_familymedicalhistory USING btree (medical_record_id, condition);


--
-- Name: api_familym_relatio_56e65d_idx; Type: INDEX; Schema: public; Owner: medic_db
--

CREATE INDEX api_familym_relatio_56e65d_idx ON public.api_familymedicalhistory USING btree (relation_type);


--
-- Name: api_familym_risk_fa_c2449a_idx; Type: INDEX; Schema: public; Owner: medic_db
--

CREATE INDEX api_familym_risk_fa_c2449a_idx ON public.api_familymedicalhistory USING btree (risk_factor);


--
-- Name: api_familymedicalhistory_medical_record_id_c07d44c8; Type: INDEX; Schema: public; Owner: medic_db
--

CREATE INDEX api_familymedicalhistory_medical_record_id_c07d44c8 ON public.api_familymedicalhistory USING btree (medical_record_id);


--
-- Name: api_generalpractitioner_license_number_7ef27720_like; Type: INDEX; Schema: public; Owner: medic_db
--

CREATE INDEX api_generalpractitioner_license_number_7ef27720_like ON public.api_generalpractitioner USING btree (license_number varchar_pattern_ops);


--
-- Name: api_generalpractitioner_practice_id_51e3996d; Type: INDEX; Schema: public; Owner: medic_db
--

CREATE INDEX api_generalpractitioner_practice_id_51e3996d ON public.api_generalpractitioner USING btree (practice_id);


--
-- Name: api_genetic_gene_va_63c8c2_idx; Type: INDEX; Schema: public; Owner: medic_db
--

CREATE INDEX api_genetic_gene_va_63c8c2_idx ON public.api_geneticinformation USING btree (gene_variant);


--
-- Name: api_genetic_medical_4d8912_idx; Type: INDEX; Schema: public; Owner: medic_db
--

CREATE INDEX api_genetic_medical_4d8912_idx ON public.api_geneticinformation USING btree (medical_record_id, test_type);


--
-- Name: api_genetic_result_37c2d1_idx; Type: INDEX; Schema: public; Owner: medic_db
--

CREATE INDEX api_genetic_result_37c2d1_idx ON public.api_geneticinformation USING btree (result);


--
-- Name: api_genetic_test_da_2722d9_idx; Type: INDEX; Schema: public; Owner: medic_db
--

CREATE INDEX api_genetic_test_da_2722d9_idx ON public.api_geneticinformation USING btree (test_date);


--
-- Name: api_geneticinformation_medical_record_id_0956d664; Type: INDEX; Schema: public; Owner: medic_db
--

CREATE INDEX api_geneticinformation_medical_record_id_0956d664 ON public.api_geneticinformation USING btree (medical_record_id);


--
-- Name: api_gppractice_hospital_id_84bc2b4e; Type: INDEX; Schema: public; Owner: medic_db
--

CREATE INDEX api_gppractice_hospital_id_84bc2b4e ON public.api_gppractice USING btree (hospital_id);


--
-- Name: api_hospita_hospita_892dc1_idx; Type: INDEX; Schema: public; Owner: medic_db
--

CREATE INDEX api_hospita_hospita_892dc1_idx ON public.api_hospital USING btree (hospital_type);


--
-- Name: api_hospita_is_veri_7b6d68_idx; Type: INDEX; Schema: public; Owner: medic_db
--

CREATE INDEX api_hospita_is_veri_7b6d68_idx ON public.api_hospital USING btree (is_verified);


--
-- Name: api_hospita_registr_d9877c_idx; Type: INDEX; Schema: public; Owner: medic_db
--

CREATE INDEX api_hospita_registr_d9877c_idx ON public.api_hospital USING btree (registration_number);


--
-- Name: api_hospital_registration_number_7c60c4d6_like; Type: INDEX; Schema: public; Owner: medic_db
--

CREATE INDEX api_hospital_registration_number_7c60c4d6_like ON public.api_hospital USING btree (registration_number varchar_pattern_ops);


--
-- Name: api_hospital_user_id_ab150409; Type: INDEX; Schema: public; Owner: medic_db
--

CREATE INDEX api_hospital_user_id_ab150409 ON public.api_hospital USING btree (user_id);


--
-- Name: api_hospitaladmin_email_d3966f59_like; Type: INDEX; Schema: public; Owner: medic_db
--

CREATE INDEX api_hospitaladmin_email_d3966f59_like ON public.api_hospitaladmin USING btree (email varchar_pattern_ops);


--
-- Name: api_hospitaladmin_hospital_id_49ec4018; Type: INDEX; Schema: public; Owner: medic_db
--

CREATE INDEX api_hospitaladmin_hospital_id_49ec4018 ON public.api_hospitaladmin USING btree (hospital_id);


--
-- Name: api_hospitalregistration_hospital_id_489a4b56; Type: INDEX; Schema: public; Owner: medic_db
--

CREATE INDEX api_hospitalregistration_hospital_id_489a4b56 ON public.api_hospitalregistration USING btree (hospital_id);


--
-- Name: api_hospitalregistration_user_id_3e437112; Type: INDEX; Schema: public; Owner: medic_db
--

CREATE INDEX api_hospitalregistration_user_id_3e437112 ON public.api_hospitalregistration USING btree (user_id);


--
-- Name: api_imagingtype_code_0780eca8_like; Type: INDEX; Schema: public; Owner: medic_db
--

CREATE INDEX api_imagingtype_code_0780eca8_like ON public.api_imagingtype USING btree (code varchar_pattern_ops);


--
-- Name: api_immuniz_adminis_b272e4_idx; Type: INDEX; Schema: public; Owner: medic_db
--

CREATE INDEX api_immuniz_adminis_b272e4_idx ON public.api_immunization USING btree (administration_date);


--
-- Name: api_immuniz_medical_a84515_idx; Type: INDEX; Schema: public; Owner: medic_db
--

CREATE INDEX api_immuniz_medical_a84515_idx ON public.api_immunization USING btree (medical_record_id, vaccine_name);


--
-- Name: api_immuniz_series__067139_idx; Type: INDEX; Schema: public; Owner: medic_db
--

CREATE INDEX api_immuniz_series__067139_idx ON public.api_immunization USING btree (series_complete);


--
-- Name: api_immunization_medical_record_id_be73184a; Type: INDEX; Schema: public; Owner: medic_db
--

CREATE INDEX api_immunization_medical_record_id_be73184a ON public.api_immunization USING btree (medical_record_id);


--
-- Name: api_inappnotification_user_id_d1c16587; Type: INDEX; Schema: public; Owner: medic_db
--

CREATE INDEX api_inappnotification_user_id_d1c16587 ON public.api_inappnotification USING btree (user_id);


--
-- Name: api_laborat_categor_47fb17_idx; Type: INDEX; Schema: public; Owner: medic_db
--

CREATE INDEX api_laborat_categor_47fb17_idx ON public.api_laboratorytesttype USING btree (category);


--
-- Name: api_laborat_code_7b0666_idx; Type: INDEX; Schema: public; Owner: medic_db
--

CREATE INDEX api_laborat_code_7b0666_idx ON public.api_laboratorytesttype USING btree (code);


--
-- Name: api_laborat_is_abno_c96052_idx; Type: INDEX; Schema: public; Owner: medic_db
--

CREATE INDEX api_laborat_is_abno_c96052_idx ON public.api_laboratoryresult USING btree (is_abnormal);


--
-- Name: api_laborat_is_acti_541319_idx; Type: INDEX; Schema: public; Owner: medic_db
--

CREATE INDEX api_laborat_is_acti_541319_idx ON public.api_laboratorytesttype USING btree (is_active);


--
-- Name: api_laborat_medical_fb036f_idx; Type: INDEX; Schema: public; Owner: medic_db
--

CREATE INDEX api_laborat_medical_fb036f_idx ON public.api_laboratoryresult USING btree (medical_record_id, test_date);


--
-- Name: api_laborat_test_ty_b7539c_idx; Type: INDEX; Schema: public; Owner: medic_db
--

CREATE INDEX api_laborat_test_ty_b7539c_idx ON public.api_laboratoryresult USING btree (test_type_id);


--
-- Name: api_laboratoryresult_medical_record_id_41795374; Type: INDEX; Schema: public; Owner: medic_db
--

CREATE INDEX api_laboratoryresult_medical_record_id_41795374 ON public.api_laboratoryresult USING btree (medical_record_id);


--
-- Name: api_laboratoryresult_ordered_by_id_5d8777ee; Type: INDEX; Schema: public; Owner: medic_db
--

CREATE INDEX api_laboratoryresult_ordered_by_id_5d8777ee ON public.api_laboratoryresult USING btree (ordered_by_id);


--
-- Name: api_laboratoryresult_test_type_id_5996b926; Type: INDEX; Schema: public; Owner: medic_db
--

CREATE INDEX api_laboratoryresult_test_type_id_5996b926 ON public.api_laboratoryresult USING btree (test_type_id);


--
-- Name: api_laboratorytesttype_code_211591a8_like; Type: INDEX; Schema: public; Owner: medic_db
--

CREATE INDEX api_laboratorytesttype_code_211591a8_like ON public.api_laboratorytesttype USING btree (code varchar_pattern_ops);


--
-- Name: api_lifesty_alcohol_f1ec93_idx; Type: INDEX; Schema: public; Owner: medic_db
--

CREATE INDEX api_lifesty_alcohol_f1ec93_idx ON public.api_lifestyleinformation USING btree (alcohol_use);


--
-- Name: api_lifesty_employm_881138_idx; Type: INDEX; Schema: public; Owner: medic_db
--

CREATE INDEX api_lifesty_employm_881138_idx ON public.api_lifestyleinformation USING btree (employment_status);


--
-- Name: api_lifesty_medical_5dfdf9_idx; Type: INDEX; Schema: public; Owner: medic_db
--

CREATE INDEX api_lifesty_medical_5dfdf9_idx ON public.api_lifestyleinformation USING btree (medical_record_id);


--
-- Name: api_lifesty_tobacco_72bf62_idx; Type: INDEX; Schema: public; Owner: medic_db
--

CREATE INDEX api_lifesty_tobacco_72bf62_idx ON public.api_lifestyleinformation USING btree (tobacco_use);


--
-- Name: api_lifestyleinformation_last_updated_by_id_45d6f52c; Type: INDEX; Schema: public; Owner: medic_db
--

CREATE INDEX api_lifestyleinformation_last_updated_by_id_45d6f52c ON public.api_lifestyleinformation USING btree (last_updated_by_id);


--
-- Name: api_medical_body_re_35f10a_idx; Type: INDEX; Schema: public; Owner: medic_db
--

CREATE INDEX api_medical_body_re_35f10a_idx ON public.api_medicalimage USING btree (body_region);


--
-- Name: api_medical_imaging_648066_idx; Type: INDEX; Schema: public; Owner: medic_db
--

CREATE INDEX api_medical_imaging_648066_idx ON public.api_medicalimage USING btree (imaging_type_id);


--
-- Name: api_medical_medical_c27b06_idx; Type: INDEX; Schema: public; Owner: medic_db
--

CREATE INDEX api_medical_medical_c27b06_idx ON public.api_medicalimage USING btree (medical_record_id, study_date);


--
-- Name: api_medical_result_3c602d_idx; Type: INDEX; Schema: public; Owner: medic_db
--

CREATE INDEX api_medical_result_3c602d_idx ON public.api_medicalimage USING btree (result);


--
-- Name: api_medicalimage_imaging_type_id_1eb15402; Type: INDEX; Schema: public; Owner: medic_db
--

CREATE INDEX api_medicalimage_imaging_type_id_1eb15402 ON public.api_medicalimage USING btree (imaging_type_id);


--
-- Name: api_medicalimage_medical_record_id_e8741d28; Type: INDEX; Schema: public; Owner: medic_db
--

CREATE INDEX api_medicalimage_medical_record_id_e8741d28 ON public.api_medicalimage USING btree (medical_record_id);


--
-- Name: api_medicalimage_ordered_by_id_27e956cc; Type: INDEX; Schema: public; Owner: medic_db
--

CREATE INDEX api_medicalimage_ordered_by_id_27e956cc ON public.api_medicalimage USING btree (ordered_by_id);


--
-- Name: api_medicalrecord_hpn_a80d931d_like; Type: INDEX; Schema: public; Owner: medic_db
--

CREATE INDEX api_medicalrecord_hpn_a80d931d_like ON public.api_medicalrecord USING btree (hpn varchar_pattern_ops);


--
-- Name: api_medicalrecordaccess_user_id_41b32942; Type: INDEX; Schema: public; Owner: medic_db
--

CREATE INDEX api_medicalrecordaccess_user_id_41b32942 ON public.api_medicalrecordaccess USING btree (user_id);


--
-- Name: api_medicat_drug_cl_3174e6_idx; Type: INDEX; Schema: public; Owner: medic_db
--

CREATE INDEX api_medicat_drug_cl_3174e6_idx ON public.api_medicationcatalog USING btree (drug_class);


--
-- Name: api_medicat_drug_co_4a4cbb_idx; Type: INDEX; Schema: public; Owner: medic_db
--

CREATE INDEX api_medicat_drug_co_4a4cbb_idx ON public.api_medicationcatalog USING btree (drug_code);


--
-- Name: api_medicat_generic_9e279b_idx; Type: INDEX; Schema: public; Owner: medic_db
--

CREATE INDEX api_medicat_generic_9e279b_idx ON public.api_medicationcatalog USING btree (generic_name);


--
-- Name: api_medicat_high_al_e43081_idx; Type: INDEX; Schema: public; Owner: medic_db
--

CREATE INDEX api_medicat_high_al_e43081_idx ON public.api_medicationcatalog USING btree (high_alert_medication);


--
-- Name: api_medicat_is_cont_1758e6_idx; Type: INDEX; Schema: public; Owner: medic_db
--

CREATE INDEX api_medicat_is_cont_1758e6_idx ON public.api_medicationcatalog USING btree (is_controlled_substance);


--
-- Name: api_medicat_is_ongo_4108c6_idx; Type: INDEX; Schema: public; Owner: medic_db
--

CREATE INDEX api_medicat_is_ongo_4108c6_idx ON public.api_medication USING btree (is_ongoing);


--
-- Name: api_medicat_medical_40c9dd_idx; Type: INDEX; Schema: public; Owner: medic_db
--

CREATE INDEX api_medicat_medical_40c9dd_idx ON public.api_medication USING btree (medical_record_id, status);


--
-- Name: api_medicat_medical_ceb832_idx; Type: INDEX; Schema: public; Owner: medic_db
--

CREATE INDEX api_medicat_medical_ceb832_idx ON public.api_medication USING btree (medical_record_id, medication_name);


--
-- Name: api_medicat_start_d_6d4574_idx; Type: INDEX; Schema: public; Owner: medic_db
--

CREATE INDEX api_medicat_start_d_6d4574_idx ON public.api_medication USING btree (start_date);


--
-- Name: api_medication_appointment_id_443c0c69; Type: INDEX; Schema: public; Owner: medic_db
--

CREATE INDEX api_medication_appointment_id_443c0c69 ON public.api_medication USING btree (appointment_id);


--
-- Name: api_medication_catalog_entry_id_4d5ceeaf; Type: INDEX; Schema: public; Owner: medic_db
--

CREATE INDEX api_medication_catalog_entry_id_4d5ceeaf ON public.api_medication USING btree (catalog_entry_id);


--
-- Name: api_medication_medical_record_id_0d2a7800; Type: INDEX; Schema: public; Owner: medic_db
--

CREATE INDEX api_medication_medical_record_id_0d2a7800 ON public.api_medication USING btree (medical_record_id);


--
-- Name: api_medication_prescribed_by_id_96a2e71c; Type: INDEX; Schema: public; Owner: medic_db
--

CREATE INDEX api_medication_prescribed_by_id_96a2e71c ON public.api_medication USING btree (prescribed_by_id);


--
-- Name: api_patient_admissi_87ba2f_idx; Type: INDEX; Schema: public; Owner: medic_db
--

CREATE INDEX api_patient_admissi_87ba2f_idx ON public.api_patientadmission USING btree (admission_id);


--
-- Name: api_patient_admissi_d65cfa_idx; Type: INDEX; Schema: public; Owner: medic_db
--

CREATE INDEX api_patient_admissi_d65cfa_idx ON public.api_patientadmission USING btree (admission_date);


--
-- Name: api_patient_attendi_9a6e3c_idx; Type: INDEX; Schema: public; Owner: medic_db
--

CREATE INDEX api_patient_attendi_9a6e3c_idx ON public.api_patientadmission USING btree (attending_doctor_id);


--
-- Name: api_patient_hospita_aba593_idx; Type: INDEX; Schema: public; Owner: medic_db
--

CREATE INDEX api_patient_hospita_aba593_idx ON public.api_patientadmission USING btree (hospital_id, department_id);


--
-- Name: api_patient_patient_7d4319_idx; Type: INDEX; Schema: public; Owner: medic_db
--

CREATE INDEX api_patient_patient_7d4319_idx ON public.api_patientadmission USING btree (patient_id);


--
-- Name: api_patient_status_66387d_idx; Type: INDEX; Schema: public; Owner: medic_db
--

CREATE INDEX api_patient_status_66387d_idx ON public.api_patientadmission USING btree (status);


--
-- Name: api_patientadmission_admission_id_e9c067fc_like; Type: INDEX; Schema: public; Owner: medic_db
--

CREATE INDEX api_patientadmission_admission_id_e9c067fc_like ON public.api_patientadmission USING btree (admission_id varchar_pattern_ops);


--
-- Name: api_patientadmission_attending_doctor_id_eb7995cc; Type: INDEX; Schema: public; Owner: medic_db
--

CREATE INDEX api_patientadmission_attending_doctor_id_eb7995cc ON public.api_patientadmission USING btree (attending_doctor_id);


--
-- Name: api_patientadmission_consu_patientadmission_id_72ebee3a; Type: INDEX; Schema: public; Owner: medic_db
--

CREATE INDEX api_patientadmission_consu_patientadmission_id_72ebee3a ON public.api_patientadmission_consulting_doctors USING btree (patientadmission_id);


--
-- Name: api_patientadmission_consulting_doctors_doctor_id_40a949a5; Type: INDEX; Schema: public; Owner: medic_db
--

CREATE INDEX api_patientadmission_consulting_doctors_doctor_id_40a949a5 ON public.api_patientadmission_consulting_doctors USING btree (doctor_id);


--
-- Name: api_patientadmission_department_id_7146fb25; Type: INDEX; Schema: public; Owner: medic_db
--

CREATE INDEX api_patientadmission_department_id_7146fb25 ON public.api_patientadmission USING btree (department_id);


--
-- Name: api_patientadmission_hospital_id_00f468cb; Type: INDEX; Schema: public; Owner: medic_db
--

CREATE INDEX api_patientadmission_hospital_id_00f468cb ON public.api_patientadmission USING btree (hospital_id);


--
-- Name: api_patientadmission_patient_id_41c5bfad; Type: INDEX; Schema: public; Owner: medic_db
--

CREATE INDEX api_patientadmission_patient_id_41c5bfad ON public.api_patientadmission USING btree (patient_id);


--
-- Name: api_patientdiagnosis_diagnosed_by_id_6eed2e44; Type: INDEX; Schema: public; Owner: medic_db
--

CREATE INDEX api_patientdiagnosis_diagnosed_by_id_6eed2e44 ON public.api_patientdiagnosis USING btree (diagnosed_by_id);


--
-- Name: api_patientdiagnosis_medical_record_id_3bd7a10d; Type: INDEX; Schema: public; Owner: medic_db
--

CREATE INDEX api_patientdiagnosis_medical_record_id_3bd7a10d ON public.api_patientdiagnosis USING btree (medical_record_id);


--
-- Name: api_patienttransfer_admission_id_e959c419; Type: INDEX; Schema: public; Owner: medic_db
--

CREATE INDEX api_patienttransfer_admission_id_e959c419 ON public.api_patienttransfer USING btree (admission_id);


--
-- Name: api_patienttransfer_from_department_id_12bfe2da; Type: INDEX; Schema: public; Owner: medic_db
--

CREATE INDEX api_patienttransfer_from_department_id_12bfe2da ON public.api_patienttransfer USING btree (from_department_id);


--
-- Name: api_patienttransfer_to_department_id_e8715930; Type: INDEX; Schema: public; Owner: medic_db
--

CREATE INDEX api_patienttransfer_to_department_id_e8715930 ON public.api_patienttransfer USING btree (to_department_id);


--
-- Name: api_patienttreatment_medical_record_id_5d480bab; Type: INDEX; Schema: public; Owner: medic_db
--

CREATE INDEX api_patienttreatment_medical_record_id_5d480bab ON public.api_patienttreatment USING btree (medical_record_id);


--
-- Name: api_patienttreatment_prescribed_by_id_7c810f0f; Type: INDEX; Schema: public; Owner: medic_db
--

CREATE INDEX api_patienttreatment_prescribed_by_id_7c810f0f ON public.api_patienttreatment USING btree (prescribed_by_id);


--
-- Name: api_payment_created_bcb702_idx; Type: INDEX; Schema: public; Owner: medic_db
--

CREATE INDEX api_payment_created_bcb702_idx ON public.api_paymenttransaction USING btree (created_at);


--
-- Name: api_payment_payment_ea17e3_idx; Type: INDEX; Schema: public; Owner: medic_db
--

CREATE INDEX api_payment_payment_ea17e3_idx ON public.api_paymenttransaction USING btree (payment_status);


--
-- Name: api_payment_transac_e9ae05_idx; Type: INDEX; Schema: public; Owner: medic_db
--

CREATE INDEX api_payment_transac_e9ae05_idx ON public.api_paymenttransaction USING btree (transaction_id);


--
-- Name: api_paymenttransaction_appointment_id_377d2931; Type: INDEX; Schema: public; Owner: medic_db
--

CREATE INDEX api_paymenttransaction_appointment_id_377d2931 ON public.api_paymenttransaction USING btree (appointment_id);


--
-- Name: api_paymenttransaction_created_by_id_2e16f488; Type: INDEX; Schema: public; Owner: medic_db
--

CREATE INDEX api_paymenttransaction_created_by_id_2e16f488 ON public.api_paymenttransaction USING btree (created_by_id);


--
-- Name: api_paymenttransaction_gift_sender_id_83fbe9cc; Type: INDEX; Schema: public; Owner: medic_db
--

CREATE INDEX api_paymenttransaction_gift_sender_id_83fbe9cc ON public.api_paymenttransaction USING btree (gift_sender_id);


--
-- Name: api_paymenttransaction_hospital_id_d895f892; Type: INDEX; Schema: public; Owner: medic_db
--

CREATE INDEX api_paymenttransaction_hospital_id_d895f892 ON public.api_paymenttransaction USING btree (hospital_id);


--
-- Name: api_paymenttransaction_last_modified_by_id_e76f8f5f; Type: INDEX; Schema: public; Owner: medic_db
--

CREATE INDEX api_paymenttransaction_last_modified_by_id_e76f8f5f ON public.api_paymenttransaction USING btree (last_modified_by_id);


--
-- Name: api_paymenttransaction_patient_id_79660b70; Type: INDEX; Schema: public; Owner: medic_db
--

CREATE INDEX api_paymenttransaction_patient_id_79660b70 ON public.api_paymenttransaction USING btree (patient_id);


--
-- Name: api_paymenttransaction_transaction_id_58a17522_like; Type: INDEX; Schema: public; Owner: medic_db
--

CREATE INDEX api_paymenttransaction_transaction_id_58a17522_like ON public.api_paymenttransaction USING btree (transaction_id varchar_pattern_ops);


--
-- Name: api_secured_file_id_9b40cc_idx; Type: INDEX; Schema: public; Owner: medic_db
--

CREATE INDEX api_secured_file_id_9b40cc_idx ON public.api_securedocument USING btree (file_id);


--
-- Name: api_secured_user_id_ac46d4_idx; Type: INDEX; Schema: public; Owner: medic_db
--

CREATE INDEX api_secured_user_id_ac46d4_idx ON public.api_securedocument USING btree (user_id, created_at);


--
-- Name: api_secured_user_id_f8eaf4_idx; Type: INDEX; Schema: public; Owner: medic_db
--

CREATE INDEX api_secured_user_id_f8eaf4_idx ON public.api_securedocument USING btree (user_id, is_active);


--
-- Name: api_securedocument_secure_filename_e1be728a_like; Type: INDEX; Schema: public; Owner: medic_db
--

CREATE INDEX api_securedocument_secure_filename_e1be728a_like ON public.api_securedocument USING btree (secure_filename varchar_pattern_ops);


--
-- Name: api_securedocument_user_id_85289756; Type: INDEX; Schema: public; Owner: medic_db
--

CREATE INDEX api_securedocument_user_id_85289756 ON public.api_securedocument USING btree (user_id);


--
-- Name: api_stafftr_staff_m_e68b30_idx; Type: INDEX; Schema: public; Owner: medic_db
--

CREATE INDEX api_stafftr_staff_m_e68b30_idx ON public.api_stafftransfer USING btree (staff_member_id);


--
-- Name: api_stafftr_status_159b87_idx; Type: INDEX; Schema: public; Owner: medic_db
--

CREATE INDEX api_stafftr_status_159b87_idx ON public.api_stafftransfer USING btree (status);


--
-- Name: api_stafftr_transfe_b62c77_idx; Type: INDEX; Schema: public; Owner: medic_db
--

CREATE INDEX api_stafftr_transfe_b62c77_idx ON public.api_stafftransfer USING btree (transfer_date);


--
-- Name: api_stafftransfer_approved_by_destination_id_0c4e3f81; Type: INDEX; Schema: public; Owner: medic_db
--

CREATE INDEX api_stafftransfer_approved_by_destination_id_0c4e3f81 ON public.api_stafftransfer USING btree (approved_by_destination_id);


--
-- Name: api_stafftransfer_approved_by_source_id_a40c8aab; Type: INDEX; Schema: public; Owner: medic_db
--

CREATE INDEX api_stafftransfer_approved_by_source_id_a40c8aab ON public.api_stafftransfer USING btree (approved_by_source_id);


--
-- Name: api_stafftransfer_from_department_id_4c2d59b6; Type: INDEX; Schema: public; Owner: medic_db
--

CREATE INDEX api_stafftransfer_from_department_id_4c2d59b6 ON public.api_stafftransfer USING btree (from_department_id);


--
-- Name: api_stafftransfer_from_hospital_id_856e2483; Type: INDEX; Schema: public; Owner: medic_db
--

CREATE INDEX api_stafftransfer_from_hospital_id_856e2483 ON public.api_stafftransfer USING btree (from_hospital_id);


--
-- Name: api_stafftransfer_requested_by_id_7bcd4eea; Type: INDEX; Schema: public; Owner: medic_db
--

CREATE INDEX api_stafftransfer_requested_by_id_7bcd4eea ON public.api_stafftransfer USING btree (requested_by_id);


--
-- Name: api_stafftransfer_staff_member_id_bc559059; Type: INDEX; Schema: public; Owner: medic_db
--

CREATE INDEX api_stafftransfer_staff_member_id_bc559059 ON public.api_stafftransfer USING btree (staff_member_id);


--
-- Name: api_stafftransfer_to_department_id_11352b86; Type: INDEX; Schema: public; Owner: medic_db
--

CREATE INDEX api_stafftransfer_to_department_id_11352b86 ON public.api_stafftransfer USING btree (to_department_id);


--
-- Name: api_stafftransfer_to_hospital_id_258f1466; Type: INDEX; Schema: public; Owner: medic_db
--

CREATE INDEX api_stafftransfer_to_hospital_id_258f1466 ON public.api_stafftransfer USING btree (to_hospital_id);


--
-- Name: api_surgica_categor_f7c411_idx; Type: INDEX; Schema: public; Owner: medic_db
--

CREATE INDEX api_surgica_categor_f7c411_idx ON public.api_surgicalhistory USING btree (category);


--
-- Name: api_surgica_medical_19563f_idx; Type: INDEX; Schema: public; Owner: medic_db
--

CREATE INDEX api_surgica_medical_19563f_idx ON public.api_surgicalhistory USING btree (medical_record_id, procedure_date);


--
-- Name: api_surgica_outcome_8d66e8_idx; Type: INDEX; Schema: public; Owner: medic_db
--

CREATE INDEX api_surgica_outcome_8d66e8_idx ON public.api_surgicalhistory USING btree (outcome);


--
-- Name: api_surgica_procedu_75441f_idx; Type: INDEX; Schema: public; Owner: medic_db
--

CREATE INDEX api_surgica_procedu_75441f_idx ON public.api_surgicalhistory USING btree (procedure_name);


--
-- Name: api_surgicalhistory_medical_record_id_2946b90f; Type: INDEX; Schema: public; Owner: medic_db
--

CREATE INDEX api_surgicalhistory_medical_record_id_2946b90f ON public.api_surgicalhistory USING btree (medical_record_id);


--
-- Name: api_vitalsi_is_abno_92244a_idx; Type: INDEX; Schema: public; Owner: medic_db
--

CREATE INDEX api_vitalsi_is_abno_92244a_idx ON public.api_vitalsign USING btree (is_abnormal);


--
-- Name: api_vitalsi_medical_7d2cc3_idx; Type: INDEX; Schema: public; Owner: medic_db
--

CREATE INDEX api_vitalsi_medical_7d2cc3_idx ON public.api_vitalsign USING btree (medical_record_id, recorded_at);


--
-- Name: api_vitalsign_medical_record_id_a9d493b9; Type: INDEX; Schema: public; Owner: medic_db
--

CREATE INDEX api_vitalsign_medical_record_id_a9d493b9 ON public.api_vitalsign USING btree (medical_record_id);


--
-- Name: api_vitalsign_recorded_by_id_72554b3a; Type: INDEX; Schema: public; Owner: medic_db
--

CREATE INDEX api_vitalsign_recorded_by_id_72554b3a ON public.api_vitalsign USING btree (recorded_by_id);


--
-- Name: auth_group_name_a6ea08ec_like; Type: INDEX; Schema: public; Owner: medic_db
--

CREATE INDEX auth_group_name_a6ea08ec_like ON public.auth_group USING btree (name varchar_pattern_ops);


--
-- Name: auth_group_permissions_group_id_b120cbf9; Type: INDEX; Schema: public; Owner: medic_db
--

CREATE INDEX auth_group_permissions_group_id_b120cbf9 ON public.auth_group_permissions USING btree (group_id);


--
-- Name: auth_group_permissions_permission_id_84c5c92e; Type: INDEX; Schema: public; Owner: medic_db
--

CREATE INDEX auth_group_permissions_permission_id_84c5c92e ON public.auth_group_permissions USING btree (permission_id);


--
-- Name: auth_permission_content_type_id_2f476e4b; Type: INDEX; Schema: public; Owner: medic_db
--

CREATE INDEX auth_permission_content_type_id_2f476e4b ON public.auth_permission USING btree (content_type_id);


--
-- Name: dept_24hr_idx; Type: INDEX; Schema: public; Owner: medic_db
--

CREATE INDEX dept_24hr_idx ON public.api_department USING btree (is_24_hours);


--
-- Name: dept_active_idx; Type: INDEX; Schema: public; Owner: medic_db
--

CREATE INDEX dept_active_idx ON public.api_department USING btree (is_active);


--
-- Name: dept_code_idx; Type: INDEX; Schema: public; Owner: medic_db
--

CREATE INDEX dept_code_idx ON public.api_department USING btree (code);


--
-- Name: dept_hosp_active_idx; Type: INDEX; Schema: public; Owner: medic_db
--

CREATE INDEX dept_hosp_active_idx ON public.api_department USING btree (hospital_id, is_active);


--
-- Name: dept_hosp_type_idx; Type: INDEX; Schema: public; Owner: medic_db
--

CREATE INDEX dept_hosp_type_idx ON public.api_department USING btree (hospital_id, department_type);


--
-- Name: dept_patient_count_idx; Type: INDEX; Schema: public; Owner: medic_db
--

CREATE INDEX dept_patient_count_idx ON public.api_department USING btree (current_patient_count);


--
-- Name: dept_staff_count_idx; Type: INDEX; Schema: public; Owner: medic_db
--

CREATE INDEX dept_staff_count_idx ON public.api_department USING btree (current_staff_count);


--
-- Name: dept_type_idx; Type: INDEX; Schema: public; Owner: medic_db
--

CREATE INDEX dept_type_idx ON public.api_department USING btree (department_type);


--
-- Name: dept_wing_idx; Type: INDEX; Schema: public; Owner: medic_db
--

CREATE INDEX dept_wing_idx ON public.api_department USING btree (wing);


--
-- Name: django_admin_log_content_type_id_c4bce8eb; Type: INDEX; Schema: public; Owner: medic_db
--

CREATE INDEX django_admin_log_content_type_id_c4bce8eb ON public.django_admin_log USING btree (content_type_id);


--
-- Name: django_admin_log_user_id_c564eba6; Type: INDEX; Schema: public; Owner: medic_db
--

CREATE INDEX django_admin_log_user_id_c564eba6 ON public.django_admin_log USING btree (user_id);


--
-- Name: django_session_expire_date_a5c62663; Type: INDEX; Schema: public; Owner: medic_db
--

CREATE INDEX django_session_expire_date_a5c62663 ON public.django_session USING btree (expire_date);


--
-- Name: django_session_session_key_c0390e0f_like; Type: INDEX; Schema: public; Owner: medic_db
--

CREATE INDEX django_session_session_key_c0390e0f_like ON public.django_session USING btree (session_key varchar_pattern_ops);


--
-- Name: token_blacklist_outstandingtoken_jti_hex_d9bdf6f7_like; Type: INDEX; Schema: public; Owner: medic_db
--

CREATE INDEX token_blacklist_outstandingtoken_jti_hex_d9bdf6f7_like ON public.token_blacklist_outstandingtoken USING btree (jti varchar_pattern_ops);


--
-- Name: token_blacklist_outstandingtoken_user_id_83bc629a; Type: INDEX; Schema: public; Owner: medic_db
--

CREATE INDEX token_blacklist_outstandingtoken_user_id_83bc629a ON public.token_blacklist_outstandingtoken USING btree (user_id);


--
-- Name: api_appointment api_appointment_approved_by_id_2625a0c1_fk_api_customuser_id; Type: FK CONSTRAINT; Schema: public; Owner: medic_db
--

ALTER TABLE ONLY public.api_appointment
    ADD CONSTRAINT api_appointment_approved_by_id_2625a0c1_fk_api_customuser_id FOREIGN KEY (approved_by_id) REFERENCES public.api_customuser(id) DEFERRABLE INITIALLY DEFERRED;


--
-- Name: api_appointment api_appointment_department_id_ba949428_fk_api_department_id; Type: FK CONSTRAINT; Schema: public; Owner: medic_db
--

ALTER TABLE ONLY public.api_appointment
    ADD CONSTRAINT api_appointment_department_id_ba949428_fk_api_department_id FOREIGN KEY (department_id) REFERENCES public.api_department(id) DEFERRABLE INITIALLY DEFERRED;


--
-- Name: api_appointment api_appointment_doctor_id_b0f543eb_fk_api_doctor_id; Type: FK CONSTRAINT; Schema: public; Owner: medic_db
--

ALTER TABLE ONLY public.api_appointment
    ADD CONSTRAINT api_appointment_doctor_id_b0f543eb_fk_api_doctor_id FOREIGN KEY (doctor_id) REFERENCES public.api_doctor(id) DEFERRABLE INITIALLY DEFERRED;


--
-- Name: api_appointment api_appointment_fee_id_274e2e72_fk_api_appointmentfee_id; Type: FK CONSTRAINT; Schema: public; Owner: medic_db
--

ALTER TABLE ONLY public.api_appointment
    ADD CONSTRAINT api_appointment_fee_id_274e2e72_fk_api_appointmentfee_id FOREIGN KEY (fee_id) REFERENCES public.api_appointmentfee(id) DEFERRABLE INITIALLY DEFERRED;


--
-- Name: api_appointment api_appointment_hospital_id_903c3795_fk_api_hospital_id; Type: FK CONSTRAINT; Schema: public; Owner: medic_db
--

ALTER TABLE ONLY public.api_appointment
    ADD CONSTRAINT api_appointment_hospital_id_903c3795_fk_api_hospital_id FOREIGN KEY (hospital_id) REFERENCES public.api_hospital(id) DEFERRABLE INITIALLY DEFERRED;


--
-- Name: api_appointment api_appointment_patient_id_52c787b0_fk_api_customuser_id; Type: FK CONSTRAINT; Schema: public; Owner: medic_db
--

ALTER TABLE ONLY public.api_appointment
    ADD CONSTRAINT api_appointment_patient_id_52c787b0_fk_api_customuser_id FOREIGN KEY (patient_id) REFERENCES public.api_customuser(id) DEFERRABLE INITIALLY DEFERRED;


--
-- Name: api_appointment api_appointment_referred_from_id_16b12831_fk_api_appointment_id; Type: FK CONSTRAINT; Schema: public; Owner: medic_db
--

ALTER TABLE ONLY public.api_appointment
    ADD CONSTRAINT api_appointment_referred_from_id_16b12831_fk_api_appointment_id FOREIGN KEY (referred_from_id) REFERENCES public.api_appointment(id) DEFERRABLE INITIALLY DEFERRED;


--
-- Name: api_appointment api_appointment_referred_to_departme_c2e07002_fk_api_depar; Type: FK CONSTRAINT; Schema: public; Owner: medic_db
--

ALTER TABLE ONLY public.api_appointment
    ADD CONSTRAINT api_appointment_referred_to_departme_c2e07002_fk_api_depar FOREIGN KEY (referred_to_department_id) REFERENCES public.api_department(id) DEFERRABLE INITIALLY DEFERRED;


--
-- Name: api_appointment api_appointment_referred_to_hospital_609e3b1f_fk_api_hospi; Type: FK CONSTRAINT; Schema: public; Owner: medic_db
--

ALTER TABLE ONLY public.api_appointment
    ADD CONSTRAINT api_appointment_referred_to_hospital_609e3b1f_fk_api_hospi FOREIGN KEY (referred_to_hospital_id) REFERENCES public.api_hospital(id) DEFERRABLE INITIALLY DEFERRED;


--
-- Name: api_appointmentdocument api_appointmentdocum_appointment_id_58c05bca_fk_api_appoi; Type: FK CONSTRAINT; Schema: public; Owner: medic_db
--

ALTER TABLE ONLY public.api_appointmentdocument
    ADD CONSTRAINT api_appointmentdocum_appointment_id_58c05bca_fk_api_appoi FOREIGN KEY (appointment_id) REFERENCES public.api_appointment(id) DEFERRABLE INITIALLY DEFERRED;


--
-- Name: api_appointmentdocument_allowed_viewers api_appointmentdocum_appointmentdocument__e4148d89_fk_api_appoi; Type: FK CONSTRAINT; Schema: public; Owner: medic_db
--

ALTER TABLE ONLY public.api_appointmentdocument_allowed_viewers
    ADD CONSTRAINT api_appointmentdocum_appointmentdocument__e4148d89_fk_api_appoi FOREIGN KEY (appointmentdocument_id) REFERENCES public.api_appointmentdocument(id) DEFERRABLE INITIALLY DEFERRED;


--
-- Name: api_appointmentdocument_allowed_viewers api_appointmentdocum_customuser_id_de3ba9c9_fk_api_custo; Type: FK CONSTRAINT; Schema: public; Owner: medic_db
--

ALTER TABLE ONLY public.api_appointmentdocument_allowed_viewers
    ADD CONSTRAINT api_appointmentdocum_customuser_id_de3ba9c9_fk_api_custo FOREIGN KEY (customuser_id) REFERENCES public.api_customuser(id) DEFERRABLE INITIALLY DEFERRED;


--
-- Name: api_appointmentdocument api_appointmentdocum_previous_version_id_133f86b1_fk_api_appoi; Type: FK CONSTRAINT; Schema: public; Owner: medic_db
--

ALTER TABLE ONLY public.api_appointmentdocument
    ADD CONSTRAINT api_appointmentdocum_previous_version_id_133f86b1_fk_api_appoi FOREIGN KEY (previous_version_id) REFERENCES public.api_appointmentdocument(id) DEFERRABLE INITIALLY DEFERRED;


--
-- Name: api_appointmentdocument api_appointmentdocum_signed_by_id_08ee847d_fk_api_custo; Type: FK CONSTRAINT; Schema: public; Owner: medic_db
--

ALTER TABLE ONLY public.api_appointmentdocument
    ADD CONSTRAINT api_appointmentdocum_signed_by_id_08ee847d_fk_api_custo FOREIGN KEY (signed_by_id) REFERENCES public.api_customuser(id) DEFERRABLE INITIALLY DEFERRED;


--
-- Name: api_appointmentdocument api_appointmentdocument_issued_by_id_5cdc0239_fk_api_doctor_id; Type: FK CONSTRAINT; Schema: public; Owner: medic_db
--

ALTER TABLE ONLY public.api_appointmentdocument
    ADD CONSTRAINT api_appointmentdocument_issued_by_id_5cdc0239_fk_api_doctor_id FOREIGN KEY (issued_by_id) REFERENCES public.api_doctor(id) DEFERRABLE INITIALLY DEFERRED;


--
-- Name: api_appointmentfee api_appointmentfee_department_id_fffd0bd3_fk_api_department_id; Type: FK CONSTRAINT; Schema: public; Owner: medic_db
--

ALTER TABLE ONLY public.api_appointmentfee
    ADD CONSTRAINT api_appointmentfee_department_id_fffd0bd3_fk_api_department_id FOREIGN KEY (department_id) REFERENCES public.api_department(id) DEFERRABLE INITIALLY DEFERRED;


--
-- Name: api_appointmentfee api_appointmentfee_doctor_id_a258dbce_fk_api_doctor_id; Type: FK CONSTRAINT; Schema: public; Owner: medic_db
--

ALTER TABLE ONLY public.api_appointmentfee
    ADD CONSTRAINT api_appointmentfee_doctor_id_a258dbce_fk_api_doctor_id FOREIGN KEY (doctor_id) REFERENCES public.api_doctor(id) DEFERRABLE INITIALLY DEFERRED;


--
-- Name: api_appointmentfee api_appointmentfee_hospital_id_9a82761e_fk_api_hospital_id; Type: FK CONSTRAINT; Schema: public; Owner: medic_db
--

ALTER TABLE ONLY public.api_appointmentfee
    ADD CONSTRAINT api_appointmentfee_hospital_id_9a82761e_fk_api_hospital_id FOREIGN KEY (hospital_id) REFERENCES public.api_hospital(id) DEFERRABLE INITIALLY DEFERRED;


--
-- Name: api_appointmentnotification api_appointmentnotif_appointment_id_493426bd_fk_api_appoi; Type: FK CONSTRAINT; Schema: public; Owner: medic_db
--

ALTER TABLE ONLY public.api_appointmentnotification
    ADD CONSTRAINT api_appointmentnotif_appointment_id_493426bd_fk_api_appoi FOREIGN KEY (appointment_id) REFERENCES public.api_appointment(id) DEFERRABLE INITIALLY DEFERRED;


--
-- Name: api_appointmentnotification api_appointmentnotif_recipient_id_070676ba_fk_api_custo; Type: FK CONSTRAINT; Schema: public; Owner: medic_db
--

ALTER TABLE ONLY public.api_appointmentnotification
    ADD CONSTRAINT api_appointmentnotif_recipient_id_070676ba_fk_api_custo FOREIGN KEY (recipient_id) REFERENCES public.api_customuser(id) DEFERRABLE INITIALLY DEFERRED;


--
-- Name: api_appointmentreminder api_appointmentremin_appointment_id_418553ca_fk_api_appoi; Type: FK CONSTRAINT; Schema: public; Owner: medic_db
--

ALTER TABLE ONLY public.api_appointmentreminder
    ADD CONSTRAINT api_appointmentremin_appointment_id_418553ca_fk_api_appoi FOREIGN KEY (appointment_id) REFERENCES public.api_appointment(id) DEFERRABLE INITIALLY DEFERRED;


--
-- Name: api_appointmenttype api_appointmenttype_hospital_id_49a1f546_fk_api_hospital_id; Type: FK CONSTRAINT; Schema: public; Owner: medic_db
--

ALTER TABLE ONLY public.api_appointmenttype
    ADD CONSTRAINT api_appointmenttype_hospital_id_49a1f546_fk_api_hospital_id FOREIGN KEY (hospital_id) REFERENCES public.api_hospital(id) DEFERRABLE INITIALLY DEFERRED;


--
-- Name: api_clinicalnote api_clinicalnote_author_id_a0be26c4_fk_api_customuser_id; Type: FK CONSTRAINT; Schema: public; Owner: medic_db
--

ALTER TABLE ONLY public.api_clinicalnote
    ADD CONSTRAINT api_clinicalnote_author_id_a0be26c4_fk_api_customuser_id FOREIGN KEY (author_id) REFERENCES public.api_customuser(id) DEFERRABLE INITIALLY DEFERRED;


--
-- Name: api_clinicalnote api_clinicalnote_cosigned_by_id_7c2a39c9_fk_api_customuser_id; Type: FK CONSTRAINT; Schema: public; Owner: medic_db
--

ALTER TABLE ONLY public.api_clinicalnote
    ADD CONSTRAINT api_clinicalnote_cosigned_by_id_7c2a39c9_fk_api_customuser_id FOREIGN KEY (cosigned_by_id) REFERENCES public.api_customuser(id) DEFERRABLE INITIALLY DEFERRED;


--
-- Name: api_clinicalnote api_clinicalnote_medical_record_id_3a3b2483_fk_api_medic; Type: FK CONSTRAINT; Schema: public; Owner: medic_db
--

ALTER TABLE ONLY public.api_clinicalnote
    ADD CONSTRAINT api_clinicalnote_medical_record_id_3a3b2483_fk_api_medic FOREIGN KEY (medical_record_id) REFERENCES public.api_medicalrecord(id) DEFERRABLE INITIALLY DEFERRED;


--
-- Name: api_clinicalnote api_clinicalnote_previous_version_id_8f4e92a8_fk_api_clini; Type: FK CONSTRAINT; Schema: public; Owner: medic_db
--

ALTER TABLE ONLY public.api_clinicalnote
    ADD CONSTRAINT api_clinicalnote_previous_version_id_8f4e92a8_fk_api_clini FOREIGN KEY (previous_version_id) REFERENCES public.api_clinicalnote(id) DEFERRABLE INITIALLY DEFERRED;


--
-- Name: api_clinicalnote api_clinicalnote_signed_by_id_f2738a0b_fk_api_customuser_id; Type: FK CONSTRAINT; Schema: public; Owner: medic_db
--

ALTER TABLE ONLY public.api_clinicalnote
    ADD CONSTRAINT api_clinicalnote_signed_by_id_f2738a0b_fk_api_customuser_id FOREIGN KEY (signed_by_id) REFERENCES public.api_customuser(id) DEFERRABLE INITIALLY DEFERRED;


--
-- Name: api_customuser api_customuser_current_gp_id_40d5a75d_fk_api_gener; Type: FK CONSTRAINT; Schema: public; Owner: medic_db
--

ALTER TABLE ONLY public.api_customuser
    ADD CONSTRAINT api_customuser_current_gp_id_40d5a75d_fk_api_gener FOREIGN KEY (current_gp_id) REFERENCES public.api_generalpractitioner(id) DEFERRABLE INITIALLY DEFERRED;


--
-- Name: api_customuser api_customuser_gp_practice_id_33f755f9_fk_api_gppractice_id; Type: FK CONSTRAINT; Schema: public; Owner: medic_db
--

ALTER TABLE ONLY public.api_customuser
    ADD CONSTRAINT api_customuser_gp_practice_id_33f755f9_fk_api_gppractice_id FOREIGN KEY (gp_practice_id) REFERENCES public.api_gppractice(id) DEFERRABLE INITIALLY DEFERRED;


--
-- Name: api_customuser_groups api_customuser_group_customuser_id_9eb4b783_fk_api_custo; Type: FK CONSTRAINT; Schema: public; Owner: medic_db
--

ALTER TABLE ONLY public.api_customuser_groups
    ADD CONSTRAINT api_customuser_group_customuser_id_9eb4b783_fk_api_custo FOREIGN KEY (customuser_id) REFERENCES public.api_customuser(id) DEFERRABLE INITIALLY DEFERRED;


--
-- Name: api_customuser_groups api_customuser_groups_group_id_f049027c_fk_auth_group_id; Type: FK CONSTRAINT; Schema: public; Owner: medic_db
--

ALTER TABLE ONLY public.api_customuser_groups
    ADD CONSTRAINT api_customuser_groups_group_id_f049027c_fk_auth_group_id FOREIGN KEY (group_id) REFERENCES public.auth_group(id) DEFERRABLE INITIALLY DEFERRED;


--
-- Name: api_customuser api_customuser_hospital_id_f1053509_fk_api_hospital_id; Type: FK CONSTRAINT; Schema: public; Owner: medic_db
--

ALTER TABLE ONLY public.api_customuser
    ADD CONSTRAINT api_customuser_hospital_id_f1053509_fk_api_hospital_id FOREIGN KEY (hospital_id) REFERENCES public.api_hospital(id) DEFERRABLE INITIALLY DEFERRED;


--
-- Name: api_customuser_user_permissions api_customuser_user__customuser_id_5365c9ba_fk_api_custo; Type: FK CONSTRAINT; Schema: public; Owner: medic_db
--

ALTER TABLE ONLY public.api_customuser_user_permissions
    ADD CONSTRAINT api_customuser_user__customuser_id_5365c9ba_fk_api_custo FOREIGN KEY (customuser_id) REFERENCES public.api_customuser(id) DEFERRABLE INITIALLY DEFERRED;


--
-- Name: api_customuser_user_permissions api_customuser_user__permission_id_8735d73e_fk_auth_perm; Type: FK CONSTRAINT; Schema: public; Owner: medic_db
--

ALTER TABLE ONLY public.api_customuser_user_permissions
    ADD CONSTRAINT api_customuser_user__permission_id_8735d73e_fk_auth_perm FOREIGN KEY (permission_id) REFERENCES public.auth_permission(id) DEFERRABLE INITIALLY DEFERRED;


--
-- Name: api_department api_department_hospital_id_dae7713b_fk_api_hospital_id; Type: FK CONSTRAINT; Schema: public; Owner: medic_db
--

ALTER TABLE ONLY public.api_department
    ADD CONSTRAINT api_department_hospital_id_dae7713b_fk_api_hospital_id FOREIGN KEY (hospital_id) REFERENCES public.api_hospital(id) DEFERRABLE INITIALLY DEFERRED;


--
-- Name: api_departmentemergency api_departmentemerge_department_id_17289cc6_fk_api_depar; Type: FK CONSTRAINT; Schema: public; Owner: medic_db
--

ALTER TABLE ONLY public.api_departmentemergency
    ADD CONSTRAINT api_departmentemerge_department_id_17289cc6_fk_api_depar FOREIGN KEY (department_id) REFERENCES public.api_department(id) DEFERRABLE INITIALLY DEFERRED;


--
-- Name: api_doctor api_doctor_department_id_ed318b57_fk_api_department_id; Type: FK CONSTRAINT; Schema: public; Owner: medic_db
--

ALTER TABLE ONLY public.api_doctor
    ADD CONSTRAINT api_doctor_department_id_ed318b57_fk_api_department_id FOREIGN KEY (department_id) REFERENCES public.api_department(id) DEFERRABLE INITIALLY DEFERRED;


--
-- Name: api_doctor api_doctor_hospital_id_555de111_fk_api_hospital_id; Type: FK CONSTRAINT; Schema: public; Owner: medic_db
--

ALTER TABLE ONLY public.api_doctor
    ADD CONSTRAINT api_doctor_hospital_id_555de111_fk_api_hospital_id FOREIGN KEY (hospital_id) REFERENCES public.api_hospital(id) DEFERRABLE INITIALLY DEFERRED;


--
-- Name: api_doctor api_doctor_user_id_e8d1c7b8_fk_api_customuser_id; Type: FK CONSTRAINT; Schema: public; Owner: medic_db
--

ALTER TABLE ONLY public.api_doctor
    ADD CONSTRAINT api_doctor_user_id_e8d1c7b8_fk_api_customuser_id FOREIGN KEY (user_id) REFERENCES public.api_customuser(id) DEFERRABLE INITIALLY DEFERRED;


--
-- Name: api_doctorinteraction api_doctorinteractio_medical_record_id_093a0239_fk_api_medic; Type: FK CONSTRAINT; Schema: public; Owner: medic_db
--

ALTER TABLE ONLY public.api_doctorinteraction
    ADD CONSTRAINT api_doctorinteractio_medical_record_id_093a0239_fk_api_medic FOREIGN KEY (medical_record_id) REFERENCES public.api_medicalrecord(id) DEFERRABLE INITIALLY DEFERRED;


--
-- Name: api_doctorinteraction api_doctorinteraction_doctor_id_64b3d183_fk_api_doctor_id; Type: FK CONSTRAINT; Schema: public; Owner: medic_db
--

ALTER TABLE ONLY public.api_doctorinteraction
    ADD CONSTRAINT api_doctorinteraction_doctor_id_64b3d183_fk_api_doctor_id FOREIGN KEY (doctor_id) REFERENCES public.api_doctor(id) DEFERRABLE INITIALLY DEFERRED;


--
-- Name: api_documentaccesslog api_documentaccesslo_document_id_516f5e29_fk_api_secur; Type: FK CONSTRAINT; Schema: public; Owner: medic_db
--

ALTER TABLE ONLY public.api_documentaccesslog
    ADD CONSTRAINT api_documentaccesslo_document_id_516f5e29_fk_api_secur FOREIGN KEY (document_id) REFERENCES public.api_securedocument(id) DEFERRABLE INITIALLY DEFERRED;


--
-- Name: api_documentaccesslog api_documentaccesslog_user_id_855797d1_fk_api_customuser_id; Type: FK CONSTRAINT; Schema: public; Owner: medic_db
--

ALTER TABLE ONLY public.api_documentaccesslog
    ADD CONSTRAINT api_documentaccesslog_user_id_855797d1_fk_api_customuser_id FOREIGN KEY (user_id) REFERENCES public.api_customuser(id) DEFERRABLE INITIALLY DEFERRED;


--
-- Name: api_documentshare api_documentshare_document_id_cd8a80e4_fk_api_securedocument_id; Type: FK CONSTRAINT; Schema: public; Owner: medic_db
--

ALTER TABLE ONLY public.api_documentshare
    ADD CONSTRAINT api_documentshare_document_id_cd8a80e4_fk_api_securedocument_id FOREIGN KEY (document_id) REFERENCES public.api_securedocument(id) DEFERRABLE INITIALLY DEFERRED;


--
-- Name: api_documentshare api_documentshare_shared_by_id_92d6160e_fk_api_customuser_id; Type: FK CONSTRAINT; Schema: public; Owner: medic_db
--

ALTER TABLE ONLY public.api_documentshare
    ADD CONSTRAINT api_documentshare_shared_by_id_92d6160e_fk_api_customuser_id FOREIGN KEY (shared_by_id) REFERENCES public.api_customuser(id) DEFERRABLE INITIALLY DEFERRED;


--
-- Name: api_familymedicalhistory api_familymedicalhis_medical_record_id_c07d44c8_fk_api_medic; Type: FK CONSTRAINT; Schema: public; Owner: medic_db
--

ALTER TABLE ONLY public.api_familymedicalhistory
    ADD CONSTRAINT api_familymedicalhis_medical_record_id_c07d44c8_fk_api_medic FOREIGN KEY (medical_record_id) REFERENCES public.api_medicalrecord(id) DEFERRABLE INITIALLY DEFERRED;


--
-- Name: api_generalpractitioner api_generalpractitio_practice_id_51e3996d_fk_api_gppra; Type: FK CONSTRAINT; Schema: public; Owner: medic_db
--

ALTER TABLE ONLY public.api_generalpractitioner
    ADD CONSTRAINT api_generalpractitio_practice_id_51e3996d_fk_api_gppra FOREIGN KEY (practice_id) REFERENCES public.api_gppractice(id) DEFERRABLE INITIALLY DEFERRED;


--
-- Name: api_generalpractitioner api_generalpractitioner_user_id_d7fd7947_fk_api_customuser_id; Type: FK CONSTRAINT; Schema: public; Owner: medic_db
--

ALTER TABLE ONLY public.api_generalpractitioner
    ADD CONSTRAINT api_generalpractitioner_user_id_d7fd7947_fk_api_customuser_id FOREIGN KEY (user_id) REFERENCES public.api_customuser(id) DEFERRABLE INITIALLY DEFERRED;


--
-- Name: api_geneticinformation api_geneticinformati_medical_record_id_0956d664_fk_api_medic; Type: FK CONSTRAINT; Schema: public; Owner: medic_db
--

ALTER TABLE ONLY public.api_geneticinformation
    ADD CONSTRAINT api_geneticinformati_medical_record_id_0956d664_fk_api_medic FOREIGN KEY (medical_record_id) REFERENCES public.api_medicalrecord(id) DEFERRABLE INITIALLY DEFERRED;


--
-- Name: api_gppractice api_gppractice_hospital_id_84bc2b4e_fk_api_hospital_id; Type: FK CONSTRAINT; Schema: public; Owner: medic_db
--

ALTER TABLE ONLY public.api_gppractice
    ADD CONSTRAINT api_gppractice_hospital_id_84bc2b4e_fk_api_hospital_id FOREIGN KEY (hospital_id) REFERENCES public.api_hospital(id) DEFERRABLE INITIALLY DEFERRED;


--
-- Name: api_healthcareprovidernote api_healthcareprovid_clinicalnote_ptr_id_99d33b0d_fk_api_clini; Type: FK CONSTRAINT; Schema: public; Owner: medic_db
--

ALTER TABLE ONLY public.api_healthcareprovidernote
    ADD CONSTRAINT api_healthcareprovid_clinicalnote_ptr_id_99d33b0d_fk_api_clini FOREIGN KEY (clinicalnote_ptr_id) REFERENCES public.api_clinicalnote(id) DEFERRABLE INITIALLY DEFERRED;


--
-- Name: api_hospital api_hospital_user_id_ab150409_fk_api_customuser_id; Type: FK CONSTRAINT; Schema: public; Owner: medic_db
--

ALTER TABLE ONLY public.api_hospital
    ADD CONSTRAINT api_hospital_user_id_ab150409_fk_api_customuser_id FOREIGN KEY (user_id) REFERENCES public.api_customuser(id) DEFERRABLE INITIALLY DEFERRED;


--
-- Name: api_hospitaladmin api_hospitaladmin_hospital_id_49ec4018_fk_api_hospital_id; Type: FK CONSTRAINT; Schema: public; Owner: medic_db
--

ALTER TABLE ONLY public.api_hospitaladmin
    ADD CONSTRAINT api_hospitaladmin_hospital_id_49ec4018_fk_api_hospital_id FOREIGN KEY (hospital_id) REFERENCES public.api_hospital(id) DEFERRABLE INITIALLY DEFERRED;


--
-- Name: api_hospitaladmin api_hospitaladmin_user_id_11935333_fk_api_customuser_id; Type: FK CONSTRAINT; Schema: public; Owner: medic_db
--

ALTER TABLE ONLY public.api_hospitaladmin
    ADD CONSTRAINT api_hospitaladmin_user_id_11935333_fk_api_customuser_id FOREIGN KEY (user_id) REFERENCES public.api_customuser(id) DEFERRABLE INITIALLY DEFERRED;


--
-- Name: api_hospitalregistration api_hospitalregistra_hospital_id_489a4b56_fk_api_hospi; Type: FK CONSTRAINT; Schema: public; Owner: medic_db
--

ALTER TABLE ONLY public.api_hospitalregistration
    ADD CONSTRAINT api_hospitalregistra_hospital_id_489a4b56_fk_api_hospi FOREIGN KEY (hospital_id) REFERENCES public.api_hospital(id) DEFERRABLE INITIALLY DEFERRED;


--
-- Name: api_hospitalregistration api_hospitalregistration_user_id_3e437112_fk_api_customuser_id; Type: FK CONSTRAINT; Schema: public; Owner: medic_db
--

ALTER TABLE ONLY public.api_hospitalregistration
    ADD CONSTRAINT api_hospitalregistration_user_id_3e437112_fk_api_customuser_id FOREIGN KEY (user_id) REFERENCES public.api_customuser(id) DEFERRABLE INITIALLY DEFERRED;


--
-- Name: api_immunization api_immunization_medical_record_id_be73184a_fk_api_medic; Type: FK CONSTRAINT; Schema: public; Owner: medic_db
--

ALTER TABLE ONLY public.api_immunization
    ADD CONSTRAINT api_immunization_medical_record_id_be73184a_fk_api_medic FOREIGN KEY (medical_record_id) REFERENCES public.api_medicalrecord(id) DEFERRABLE INITIALLY DEFERRED;


--
-- Name: api_inappnotification api_inappnotification_user_id_d1c16587_fk_api_customuser_id; Type: FK CONSTRAINT; Schema: public; Owner: medic_db
--

ALTER TABLE ONLY public.api_inappnotification
    ADD CONSTRAINT api_inappnotification_user_id_d1c16587_fk_api_customuser_id FOREIGN KEY (user_id) REFERENCES public.api_customuser(id) DEFERRABLE INITIALLY DEFERRED;


--
-- Name: api_laboratoryresult api_laboratoryresult_medical_record_id_41795374_fk_api_medic; Type: FK CONSTRAINT; Schema: public; Owner: medic_db
--

ALTER TABLE ONLY public.api_laboratoryresult
    ADD CONSTRAINT api_laboratoryresult_medical_record_id_41795374_fk_api_medic FOREIGN KEY (medical_record_id) REFERENCES public.api_medicalrecord(id) DEFERRABLE INITIALLY DEFERRED;


--
-- Name: api_laboratoryresult api_laboratoryresult_ordered_by_id_5d8777ee_fk_api_doctor_id; Type: FK CONSTRAINT; Schema: public; Owner: medic_db
--

ALTER TABLE ONLY public.api_laboratoryresult
    ADD CONSTRAINT api_laboratoryresult_ordered_by_id_5d8777ee_fk_api_doctor_id FOREIGN KEY (ordered_by_id) REFERENCES public.api_doctor(id) DEFERRABLE INITIALLY DEFERRED;


--
-- Name: api_laboratoryresult api_laboratoryresult_test_type_id_5996b926_fk_api_labor; Type: FK CONSTRAINT; Schema: public; Owner: medic_db
--

ALTER TABLE ONLY public.api_laboratoryresult
    ADD CONSTRAINT api_laboratoryresult_test_type_id_5996b926_fk_api_labor FOREIGN KEY (test_type_id) REFERENCES public.api_laboratorytesttype(id) DEFERRABLE INITIALLY DEFERRED;


--
-- Name: api_lifestyleinformation api_lifestyleinforma_last_updated_by_id_45d6f52c_fk_api_custo; Type: FK CONSTRAINT; Schema: public; Owner: medic_db
--

ALTER TABLE ONLY public.api_lifestyleinformation
    ADD CONSTRAINT api_lifestyleinforma_last_updated_by_id_45d6f52c_fk_api_custo FOREIGN KEY (last_updated_by_id) REFERENCES public.api_customuser(id) DEFERRABLE INITIALLY DEFERRED;


--
-- Name: api_lifestyleinformation api_lifestyleinforma_medical_record_id_0afe05c8_fk_api_medic; Type: FK CONSTRAINT; Schema: public; Owner: medic_db
--

ALTER TABLE ONLY public.api_lifestyleinformation
    ADD CONSTRAINT api_lifestyleinforma_medical_record_id_0afe05c8_fk_api_medic FOREIGN KEY (medical_record_id) REFERENCES public.api_medicalrecord(id) DEFERRABLE INITIALLY DEFERRED;


--
-- Name: api_medicalimage api_medicalimage_imaging_type_id_1eb15402_fk_api_imagingtype_id; Type: FK CONSTRAINT; Schema: public; Owner: medic_db
--

ALTER TABLE ONLY public.api_medicalimage
    ADD CONSTRAINT api_medicalimage_imaging_type_id_1eb15402_fk_api_imagingtype_id FOREIGN KEY (imaging_type_id) REFERENCES public.api_imagingtype(id) DEFERRABLE INITIALLY DEFERRED;


--
-- Name: api_medicalimage api_medicalimage_medical_record_id_e8741d28_fk_api_medic; Type: FK CONSTRAINT; Schema: public; Owner: medic_db
--

ALTER TABLE ONLY public.api_medicalimage
    ADD CONSTRAINT api_medicalimage_medical_record_id_e8741d28_fk_api_medic FOREIGN KEY (medical_record_id) REFERENCES public.api_medicalrecord(id) DEFERRABLE INITIALLY DEFERRED;


--
-- Name: api_medicalimage api_medicalimage_ordered_by_id_27e956cc_fk_api_doctor_id; Type: FK CONSTRAINT; Schema: public; Owner: medic_db
--

ALTER TABLE ONLY public.api_medicalimage
    ADD CONSTRAINT api_medicalimage_ordered_by_id_27e956cc_fk_api_doctor_id FOREIGN KEY (ordered_by_id) REFERENCES public.api_doctor(id) DEFERRABLE INITIALLY DEFERRED;


--
-- Name: api_medicalrecord api_medicalrecord_user_id_4004d66e_fk_api_customuser_id; Type: FK CONSTRAINT; Schema: public; Owner: medic_db
--

ALTER TABLE ONLY public.api_medicalrecord
    ADD CONSTRAINT api_medicalrecord_user_id_4004d66e_fk_api_customuser_id FOREIGN KEY (user_id) REFERENCES public.api_customuser(id) DEFERRABLE INITIALLY DEFERRED;


--
-- Name: api_medicalrecordaccess api_medicalrecordaccess_user_id_41b32942_fk_api_customuser_id; Type: FK CONSTRAINT; Schema: public; Owner: medic_db
--

ALTER TABLE ONLY public.api_medicalrecordaccess
    ADD CONSTRAINT api_medicalrecordaccess_user_id_41b32942_fk_api_customuser_id FOREIGN KEY (user_id) REFERENCES public.api_customuser(id) DEFERRABLE INITIALLY DEFERRED;


--
-- Name: api_medication api_medication_appointment_id_443c0c69_fk_api_appointment_id; Type: FK CONSTRAINT; Schema: public; Owner: medic_db
--

ALTER TABLE ONLY public.api_medication
    ADD CONSTRAINT api_medication_appointment_id_443c0c69_fk_api_appointment_id FOREIGN KEY (appointment_id) REFERENCES public.api_appointment(id) DEFERRABLE INITIALLY DEFERRED;


--
-- Name: api_medication api_medication_catalog_entry_id_4d5ceeaf_fk_api_medic; Type: FK CONSTRAINT; Schema: public; Owner: medic_db
--

ALTER TABLE ONLY public.api_medication
    ADD CONSTRAINT api_medication_catalog_entry_id_4d5ceeaf_fk_api_medic FOREIGN KEY (catalog_entry_id) REFERENCES public.api_medicationcatalog(id) DEFERRABLE INITIALLY DEFERRED;


--
-- Name: api_medication api_medication_medical_record_id_0d2a7800_fk_api_medic; Type: FK CONSTRAINT; Schema: public; Owner: medic_db
--

ALTER TABLE ONLY public.api_medication
    ADD CONSTRAINT api_medication_medical_record_id_0d2a7800_fk_api_medic FOREIGN KEY (medical_record_id) REFERENCES public.api_medicalrecord(id) DEFERRABLE INITIALLY DEFERRED;


--
-- Name: api_medication api_medication_prescribed_by_id_96a2e71c_fk_api_doctor_id; Type: FK CONSTRAINT; Schema: public; Owner: medic_db
--

ALTER TABLE ONLY public.api_medication
    ADD CONSTRAINT api_medication_prescribed_by_id_96a2e71c_fk_api_doctor_id FOREIGN KEY (prescribed_by_id) REFERENCES public.api_doctor(id) DEFERRABLE INITIALLY DEFERRED;


--
-- Name: api_nursingnote api_nursingnote_clinicalnote_ptr_id_cae90d15_fk_api_clini; Type: FK CONSTRAINT; Schema: public; Owner: medic_db
--

ALTER TABLE ONLY public.api_nursingnote
    ADD CONSTRAINT api_nursingnote_clinicalnote_ptr_id_cae90d15_fk_api_clini FOREIGN KEY (clinicalnote_ptr_id) REFERENCES public.api_clinicalnote(id) DEFERRABLE INITIALLY DEFERRED;


--
-- Name: api_patientadmission api_patientadmission_attending_doctor_id_eb7995cc_fk_api_docto; Type: FK CONSTRAINT; Schema: public; Owner: medic_db
--

ALTER TABLE ONLY public.api_patientadmission
    ADD CONSTRAINT api_patientadmission_attending_doctor_id_eb7995cc_fk_api_docto FOREIGN KEY (attending_doctor_id) REFERENCES public.api_doctor(id) DEFERRABLE INITIALLY DEFERRED;


--
-- Name: api_patientadmission api_patientadmission_department_id_7146fb25_fk_api_depar; Type: FK CONSTRAINT; Schema: public; Owner: medic_db
--

ALTER TABLE ONLY public.api_patientadmission
    ADD CONSTRAINT api_patientadmission_department_id_7146fb25_fk_api_depar FOREIGN KEY (department_id) REFERENCES public.api_department(id) DEFERRABLE INITIALLY DEFERRED;


--
-- Name: api_patientadmission_consulting_doctors api_patientadmission_doctor_id_40a949a5_fk_api_docto; Type: FK CONSTRAINT; Schema: public; Owner: medic_db
--

ALTER TABLE ONLY public.api_patientadmission_consulting_doctors
    ADD CONSTRAINT api_patientadmission_doctor_id_40a949a5_fk_api_docto FOREIGN KEY (doctor_id) REFERENCES public.api_doctor(id) DEFERRABLE INITIALLY DEFERRED;


--
-- Name: api_patientadmission api_patientadmission_hospital_id_00f468cb_fk_api_hospital_id; Type: FK CONSTRAINT; Schema: public; Owner: medic_db
--

ALTER TABLE ONLY public.api_patientadmission
    ADD CONSTRAINT api_patientadmission_hospital_id_00f468cb_fk_api_hospital_id FOREIGN KEY (hospital_id) REFERENCES public.api_hospital(id) DEFERRABLE INITIALLY DEFERRED;


--
-- Name: api_patientadmission api_patientadmission_patient_id_41c5bfad_fk_api_customuser_id; Type: FK CONSTRAINT; Schema: public; Owner: medic_db
--

ALTER TABLE ONLY public.api_patientadmission
    ADD CONSTRAINT api_patientadmission_patient_id_41c5bfad_fk_api_customuser_id FOREIGN KEY (patient_id) REFERENCES public.api_customuser(id) DEFERRABLE INITIALLY DEFERRED;


--
-- Name: api_patientadmission_consulting_doctors api_patientadmission_patientadmission_id_72ebee3a_fk_api_patie; Type: FK CONSTRAINT; Schema: public; Owner: medic_db
--

ALTER TABLE ONLY public.api_patientadmission_consulting_doctors
    ADD CONSTRAINT api_patientadmission_patientadmission_id_72ebee3a_fk_api_patie FOREIGN KEY (patientadmission_id) REFERENCES public.api_patientadmission(id) DEFERRABLE INITIALLY DEFERRED;


--
-- Name: api_patientdiagnosis api_patientdiagnosis_diagnosed_by_id_6eed2e44_fk_api_doctor_id; Type: FK CONSTRAINT; Schema: public; Owner: medic_db
--

ALTER TABLE ONLY public.api_patientdiagnosis
    ADD CONSTRAINT api_patientdiagnosis_diagnosed_by_id_6eed2e44_fk_api_doctor_id FOREIGN KEY (diagnosed_by_id) REFERENCES public.api_doctor(id) DEFERRABLE INITIALLY DEFERRED;


--
-- Name: api_patientdiagnosis api_patientdiagnosis_medical_record_id_3bd7a10d_fk_api_medic; Type: FK CONSTRAINT; Schema: public; Owner: medic_db
--

ALTER TABLE ONLY public.api_patientdiagnosis
    ADD CONSTRAINT api_patientdiagnosis_medical_record_id_3bd7a10d_fk_api_medic FOREIGN KEY (medical_record_id) REFERENCES public.api_medicalrecord(id) DEFERRABLE INITIALLY DEFERRED;


--
-- Name: api_patienttransfer api_patienttransfer_admission_id_e959c419_fk_api_patie; Type: FK CONSTRAINT; Schema: public; Owner: medic_db
--

ALTER TABLE ONLY public.api_patienttransfer
    ADD CONSTRAINT api_patienttransfer_admission_id_e959c419_fk_api_patie FOREIGN KEY (admission_id) REFERENCES public.api_patientadmission(id) DEFERRABLE INITIALLY DEFERRED;


--
-- Name: api_patienttransfer api_patienttransfer_from_department_id_12bfe2da_fk_api_depar; Type: FK CONSTRAINT; Schema: public; Owner: medic_db
--

ALTER TABLE ONLY public.api_patienttransfer
    ADD CONSTRAINT api_patienttransfer_from_department_id_12bfe2da_fk_api_depar FOREIGN KEY (from_department_id) REFERENCES public.api_department(id) DEFERRABLE INITIALLY DEFERRED;


--
-- Name: api_patienttransfer api_patienttransfer_to_department_id_e8715930_fk_api_depar; Type: FK CONSTRAINT; Schema: public; Owner: medic_db
--

ALTER TABLE ONLY public.api_patienttransfer
    ADD CONSTRAINT api_patienttransfer_to_department_id_e8715930_fk_api_depar FOREIGN KEY (to_department_id) REFERENCES public.api_department(id) DEFERRABLE INITIALLY DEFERRED;


--
-- Name: api_patienttreatment api_patienttreatment_medical_record_id_5d480bab_fk_api_medic; Type: FK CONSTRAINT; Schema: public; Owner: medic_db
--

ALTER TABLE ONLY public.api_patienttreatment
    ADD CONSTRAINT api_patienttreatment_medical_record_id_5d480bab_fk_api_medic FOREIGN KEY (medical_record_id) REFERENCES public.api_medicalrecord(id) DEFERRABLE INITIALLY DEFERRED;


--
-- Name: api_patienttreatment api_patienttreatment_prescribed_by_id_7c810f0f_fk_api_doctor_id; Type: FK CONSTRAINT; Schema: public; Owner: medic_db
--

ALTER TABLE ONLY public.api_patienttreatment
    ADD CONSTRAINT api_patienttreatment_prescribed_by_id_7c810f0f_fk_api_doctor_id FOREIGN KEY (prescribed_by_id) REFERENCES public.api_doctor(id) DEFERRABLE INITIALLY DEFERRED;


--
-- Name: api_paymenttransaction api_paymenttransacti_appointment_id_377d2931_fk_api_appoi; Type: FK CONSTRAINT; Schema: public; Owner: medic_db
--

ALTER TABLE ONLY public.api_paymenttransaction
    ADD CONSTRAINT api_paymenttransacti_appointment_id_377d2931_fk_api_appoi FOREIGN KEY (appointment_id) REFERENCES public.api_appointment(id) DEFERRABLE INITIALLY DEFERRED;


--
-- Name: api_paymenttransaction api_paymenttransacti_created_by_id_2e16f488_fk_api_custo; Type: FK CONSTRAINT; Schema: public; Owner: medic_db
--

ALTER TABLE ONLY public.api_paymenttransaction
    ADD CONSTRAINT api_paymenttransacti_created_by_id_2e16f488_fk_api_custo FOREIGN KEY (created_by_id) REFERENCES public.api_customuser(id) DEFERRABLE INITIALLY DEFERRED;


--
-- Name: api_paymenttransaction api_paymenttransacti_gift_sender_id_83fbe9cc_fk_api_custo; Type: FK CONSTRAINT; Schema: public; Owner: medic_db
--

ALTER TABLE ONLY public.api_paymenttransaction
    ADD CONSTRAINT api_paymenttransacti_gift_sender_id_83fbe9cc_fk_api_custo FOREIGN KEY (gift_sender_id) REFERENCES public.api_customuser(id) DEFERRABLE INITIALLY DEFERRED;


--
-- Name: api_paymenttransaction api_paymenttransacti_last_modified_by_id_e76f8f5f_fk_api_custo; Type: FK CONSTRAINT; Schema: public; Owner: medic_db
--

ALTER TABLE ONLY public.api_paymenttransaction
    ADD CONSTRAINT api_paymenttransacti_last_modified_by_id_e76f8f5f_fk_api_custo FOREIGN KEY (last_modified_by_id) REFERENCES public.api_customuser(id) DEFERRABLE INITIALLY DEFERRED;


--
-- Name: api_paymenttransaction api_paymenttransaction_hospital_id_d895f892_fk_api_hospital_id; Type: FK CONSTRAINT; Schema: public; Owner: medic_db
--

ALTER TABLE ONLY public.api_paymenttransaction
    ADD CONSTRAINT api_paymenttransaction_hospital_id_d895f892_fk_api_hospital_id FOREIGN KEY (hospital_id) REFERENCES public.api_hospital(id) DEFERRABLE INITIALLY DEFERRED;


--
-- Name: api_paymenttransaction api_paymenttransaction_patient_id_79660b70_fk_api_customuser_id; Type: FK CONSTRAINT; Schema: public; Owner: medic_db
--

ALTER TABLE ONLY public.api_paymenttransaction
    ADD CONSTRAINT api_paymenttransaction_patient_id_79660b70_fk_api_customuser_id FOREIGN KEY (patient_id) REFERENCES public.api_customuser(id) DEFERRABLE INITIALLY DEFERRED;


--
-- Name: api_securedocument api_securedocument_user_id_85289756_fk_api_customuser_id; Type: FK CONSTRAINT; Schema: public; Owner: medic_db
--

ALTER TABLE ONLY public.api_securedocument
    ADD CONSTRAINT api_securedocument_user_id_85289756_fk_api_customuser_id FOREIGN KEY (user_id) REFERENCES public.api_customuser(id) DEFERRABLE INITIALLY DEFERRED;


--
-- Name: api_stafftransfer api_stafftransfer_approved_by_destinat_0c4e3f81_fk_api_hospi; Type: FK CONSTRAINT; Schema: public; Owner: medic_db
--

ALTER TABLE ONLY public.api_stafftransfer
    ADD CONSTRAINT api_stafftransfer_approved_by_destinat_0c4e3f81_fk_api_hospi FOREIGN KEY (approved_by_destination_id) REFERENCES public.api_hospitaladmin(id) DEFERRABLE INITIALLY DEFERRED;


--
-- Name: api_stafftransfer api_stafftransfer_approved_by_source_i_a40c8aab_fk_api_hospi; Type: FK CONSTRAINT; Schema: public; Owner: medic_db
--

ALTER TABLE ONLY public.api_stafftransfer
    ADD CONSTRAINT api_stafftransfer_approved_by_source_i_a40c8aab_fk_api_hospi FOREIGN KEY (approved_by_source_id) REFERENCES public.api_hospitaladmin(id) DEFERRABLE INITIALLY DEFERRED;


--
-- Name: api_stafftransfer api_stafftransfer_from_department_id_4c2d59b6_fk_api_depar; Type: FK CONSTRAINT; Schema: public; Owner: medic_db
--

ALTER TABLE ONLY public.api_stafftransfer
    ADD CONSTRAINT api_stafftransfer_from_department_id_4c2d59b6_fk_api_depar FOREIGN KEY (from_department_id) REFERENCES public.api_department(id) DEFERRABLE INITIALLY DEFERRED;


--
-- Name: api_stafftransfer api_stafftransfer_from_hospital_id_856e2483_fk_api_hospital_id; Type: FK CONSTRAINT; Schema: public; Owner: medic_db
--

ALTER TABLE ONLY public.api_stafftransfer
    ADD CONSTRAINT api_stafftransfer_from_hospital_id_856e2483_fk_api_hospital_id FOREIGN KEY (from_hospital_id) REFERENCES public.api_hospital(id) DEFERRABLE INITIALLY DEFERRED;


--
-- Name: api_stafftransfer api_stafftransfer_requested_by_id_7bcd4eea_fk_api_hospi; Type: FK CONSTRAINT; Schema: public; Owner: medic_db
--

ALTER TABLE ONLY public.api_stafftransfer
    ADD CONSTRAINT api_stafftransfer_requested_by_id_7bcd4eea_fk_api_hospi FOREIGN KEY (requested_by_id) REFERENCES public.api_hospitaladmin(id) DEFERRABLE INITIALLY DEFERRED;


--
-- Name: api_stafftransfer api_stafftransfer_staff_member_id_bc559059_fk_api_customuser_id; Type: FK CONSTRAINT; Schema: public; Owner: medic_db
--

ALTER TABLE ONLY public.api_stafftransfer
    ADD CONSTRAINT api_stafftransfer_staff_member_id_bc559059_fk_api_customuser_id FOREIGN KEY (staff_member_id) REFERENCES public.api_customuser(id) DEFERRABLE INITIALLY DEFERRED;


--
-- Name: api_stafftransfer api_stafftransfer_to_department_id_11352b86_fk_api_depar; Type: FK CONSTRAINT; Schema: public; Owner: medic_db
--

ALTER TABLE ONLY public.api_stafftransfer
    ADD CONSTRAINT api_stafftransfer_to_department_id_11352b86_fk_api_depar FOREIGN KEY (to_department_id) REFERENCES public.api_department(id) DEFERRABLE INITIALLY DEFERRED;


--
-- Name: api_stafftransfer api_stafftransfer_to_hospital_id_258f1466_fk_api_hospital_id; Type: FK CONSTRAINT; Schema: public; Owner: medic_db
--

ALTER TABLE ONLY public.api_stafftransfer
    ADD CONSTRAINT api_stafftransfer_to_hospital_id_258f1466_fk_api_hospital_id FOREIGN KEY (to_hospital_id) REFERENCES public.api_hospital(id) DEFERRABLE INITIALLY DEFERRED;


--
-- Name: api_surgicalhistory api_surgicalhistory_medical_record_id_2946b90f_fk_api_medic; Type: FK CONSTRAINT; Schema: public; Owner: medic_db
--

ALTER TABLE ONLY public.api_surgicalhistory
    ADD CONSTRAINT api_surgicalhistory_medical_record_id_2946b90f_fk_api_medic FOREIGN KEY (medical_record_id) REFERENCES public.api_medicalrecord(id) DEFERRABLE INITIALLY DEFERRED;


--
-- Name: api_vitalsign api_vitalsign_medical_record_id_a9d493b9_fk_api_medic; Type: FK CONSTRAINT; Schema: public; Owner: medic_db
--

ALTER TABLE ONLY public.api_vitalsign
    ADD CONSTRAINT api_vitalsign_medical_record_id_a9d493b9_fk_api_medic FOREIGN KEY (medical_record_id) REFERENCES public.api_medicalrecord(id) DEFERRABLE INITIALLY DEFERRED;


--
-- Name: api_vitalsign api_vitalsign_recorded_by_id_72554b3a_fk_api_customuser_id; Type: FK CONSTRAINT; Schema: public; Owner: medic_db
--

ALTER TABLE ONLY public.api_vitalsign
    ADD CONSTRAINT api_vitalsign_recorded_by_id_72554b3a_fk_api_customuser_id FOREIGN KEY (recorded_by_id) REFERENCES public.api_customuser(id) DEFERRABLE INITIALLY DEFERRED;


--
-- Name: auth_group_permissions auth_group_permissio_permission_id_84c5c92e_fk_auth_perm; Type: FK CONSTRAINT; Schema: public; Owner: medic_db
--

ALTER TABLE ONLY public.auth_group_permissions
    ADD CONSTRAINT auth_group_permissio_permission_id_84c5c92e_fk_auth_perm FOREIGN KEY (permission_id) REFERENCES public.auth_permission(id) DEFERRABLE INITIALLY DEFERRED;


--
-- Name: auth_group_permissions auth_group_permissions_group_id_b120cbf9_fk_auth_group_id; Type: FK CONSTRAINT; Schema: public; Owner: medic_db
--

ALTER TABLE ONLY public.auth_group_permissions
    ADD CONSTRAINT auth_group_permissions_group_id_b120cbf9_fk_auth_group_id FOREIGN KEY (group_id) REFERENCES public.auth_group(id) DEFERRABLE INITIALLY DEFERRED;


--
-- Name: auth_permission auth_permission_content_type_id_2f476e4b_fk_django_co; Type: FK CONSTRAINT; Schema: public; Owner: medic_db
--

ALTER TABLE ONLY public.auth_permission
    ADD CONSTRAINT auth_permission_content_type_id_2f476e4b_fk_django_co FOREIGN KEY (content_type_id) REFERENCES public.django_content_type(id) DEFERRABLE INITIALLY DEFERRED;


--
-- Name: django_admin_log django_admin_log_content_type_id_c4bce8eb_fk_django_co; Type: FK CONSTRAINT; Schema: public; Owner: medic_db
--

ALTER TABLE ONLY public.django_admin_log
    ADD CONSTRAINT django_admin_log_content_type_id_c4bce8eb_fk_django_co FOREIGN KEY (content_type_id) REFERENCES public.django_content_type(id) DEFERRABLE INITIALLY DEFERRED;


--
-- Name: django_admin_log django_admin_log_user_id_c564eba6_fk_api_customuser_id; Type: FK CONSTRAINT; Schema: public; Owner: medic_db
--

ALTER TABLE ONLY public.django_admin_log
    ADD CONSTRAINT django_admin_log_user_id_c564eba6_fk_api_customuser_id FOREIGN KEY (user_id) REFERENCES public.api_customuser(id) DEFERRABLE INITIALLY DEFERRED;


--
-- Name: token_blacklist_blacklistedtoken token_blacklist_blacklistedtoken_token_id_3cc7fe56_fk; Type: FK CONSTRAINT; Schema: public; Owner: medic_db
--

ALTER TABLE ONLY public.token_blacklist_blacklistedtoken
    ADD CONSTRAINT token_blacklist_blacklistedtoken_token_id_3cc7fe56_fk FOREIGN KEY (token_id) REFERENCES public.token_blacklist_outstandingtoken(id) DEFERRABLE INITIALLY DEFERRED;


--
-- Name: token_blacklist_outstandingtoken token_blacklist_outs_user_id_83bc629a_fk_api_custo; Type: FK CONSTRAINT; Schema: public; Owner: medic_db
--

ALTER TABLE ONLY public.token_blacklist_outstandingtoken
    ADD CONSTRAINT token_blacklist_outs_user_id_83bc629a_fk_api_custo FOREIGN KEY (user_id) REFERENCES public.api_customuser(id) DEFERRABLE INITIALLY DEFERRED;


--
-- PostgreSQL database dump complete
--

